[2025-12-30T17:16:38.726+0000] {manager.py:470} INFO - Processing files using up to 2 processes at a time 
[2025-12-30T17:16:38.729+0000] {manager.py:471} INFO - Process each file at most once every 30 seconds
[2025-12-30T17:16:38.731+0000] {manager.py:472} INFO - Checking for new files in /opt/airflow/dags every 300 seconds
[2025-12-30T17:16:38.732+0000] {manager.py:737} INFO - Searching for files in /opt/airflow/dags
[2025-12-30T17:16:38.782+0000] {manager.py:740} INFO - There are 2 files in /opt/airflow/dags
[2025-12-30T17:16:39.477+0000] {manager.py:878} INFO - 
================================================================================
DAG File Processing Stats

File Path                              PID  Runtime      # DAGs    # Errors  Last Runtime    Last Run
-----------------------------------  -----  ---------  --------  ----------  --------------  ----------
/opt/airflow/dags/refrence_setup.py    192  0.07s             0           0
/opt/airflow/dags/weather_hourly.py    189  0.11s             0           0
================================================================================
[2025-12-30T17:17:10.345+0000] {manager.py:878} INFO - 
================================================================================
DAG File Processing Stats

File Path                              PID  Runtime      # DAGs    # Errors  Last Runtime    Last Run
-----------------------------------  -----  ---------  --------  ----------  --------------  -------------------
/opt/airflow/dags/weather_hourly.py    206  0.03s             1           0  0.87s           2025-12-30T17:16:40
/opt/airflow/dags/refrence_setup.py    209  0.01s             1           0  0.83s           2025-12-30T17:16:40
================================================================================
[2025-12-30T17:17:40.685+0000] {manager.py:878} INFO - 
================================================================================
DAG File Processing Stats

File Path                              PID  Runtime      # DAGs    # Errors  Last Runtime    Last Run
-----------------------------------  -----  ---------  --------  ----------  --------------  -------------------
/opt/airflow/dags/weather_hourly.py    219  0.06s             1           0  0.21s           2025-12-30T17:17:10
/opt/airflow/dags/refrence_setup.py    222  0.01s             1           0  0.18s           2025-12-30T17:17:10
================================================================================
[2025-12-30T17:18:11.156+0000] {manager.py:878} INFO - 
================================================================================
DAG File Processing Stats

File Path                              PID  Runtime      # DAGs    # Errors  Last Runtime    Last Run
-----------------------------------  -----  ---------  --------  ----------  --------------  -------------------
/opt/airflow/dags/weather_hourly.py    237  0.03s             1           0  0.23s           2025-12-30T17:17:40
/opt/airflow/dags/refrence_setup.py    240  0.01s             1           0  0.20s           2025-12-30T17:17:40
================================================================================
[2025-12-30T17:18:41.447+0000] {manager.py:878} INFO - 
================================================================================
DAG File Processing Stats

File Path                              PID  Runtime      # DAGs    # Errors  Last Runtime    Last Run
-----------------------------------  -----  ---------  --------  ----------  --------------  -------------------
/opt/airflow/dags/weather_hourly.py    247  0.03s             1           0  0.22s           2025-12-30T17:18:11
/opt/airflow/dags/refrence_setup.py    250  0.01s             1           0  0.19s           2025-12-30T17:18:11
================================================================================
[2025-12-30T17:19:11.831+0000] {manager.py:878} INFO - 
================================================================================
DAG File Processing Stats

File Path                              PID  Runtime      # DAGs    # Errors  Last Runtime    Last Run
-----------------------------------  -----  ---------  --------  ----------  --------------  -------------------
/opt/airflow/dags/weather_hourly.py    257  0.03s             1           0  0.20s           2025-12-30T17:18:41
/opt/airflow/dags/refrence_setup.py    260  0.01s             1           0  0.19s           2025-12-30T17:18:41
================================================================================
[2025-12-30T17:19:42.124+0000] {manager.py:878} INFO - 
================================================================================
DAG File Processing Stats

File Path                              PID  Runtime      # DAGs    # Errors  Last Runtime    Last Run
-----------------------------------  -----  ---------  --------  ----------  --------------  -------------------
/opt/airflow/dags/weather_hourly.py    267  0.04s             1           0  0.25s           2025-12-30T17:19:12
/opt/airflow/dags/refrence_setup.py    270  0.01s             1           0  0.22s           2025-12-30T17:19:12
================================================================================
[2025-12-30T17:20:12.597+0000] {manager.py:878} INFO - 
================================================================================
DAG File Processing Stats

File Path                              PID  Runtime      # DAGs    # Errors  Last Runtime    Last Run
-----------------------------------  -----  ---------  --------  ----------  --------------  -------------------
/opt/airflow/dags/weather_hourly.py    277  0.02s             1           0  0.22s           2025-12-30T17:19:42
/opt/airflow/dags/refrence_setup.py    280  0.01s             1           0  0.22s           2025-12-30T17:19:42
================================================================================
[2025-12-30T17:20:43.068+0000] {manager.py:878} INFO - 
================================================================================
DAG File Processing Stats

File Path                              PID  Runtime      # DAGs    # Errors  Last Runtime    Last Run
-----------------------------------  -----  ---------  --------  ----------  --------------  -------------------
/opt/airflow/dags/weather_hourly.py    287  0.03s             1           0  0.21s           2025-12-30T17:20:12
/opt/airflow/dags/refrence_setup.py    290  0.01s             1           0  0.20s           2025-12-30T17:20:12
================================================================================
[2025-12-30T17:21:13.540+0000] {manager.py:878} INFO - 
================================================================================
DAG File Processing Stats

File Path                              PID  Runtime      # DAGs    # Errors  Last Runtime    Last Run
-----------------------------------  -----  ---------  --------  ----------  --------------  -------------------
/opt/airflow/dags/weather_hourly.py    297  0.03s             1           0  0.23s           2025-12-30T17:20:43
/opt/airflow/dags/refrence_setup.py    300  0.01s             1           0  0.21s           2025-12-30T17:20:43
================================================================================
[2025-12-30T17:21:38.744+0000] {manager.py:737} INFO - Searching for files in /opt/airflow/dags
[2025-12-30T17:21:38.786+0000] {manager.py:740} INFO - There are 2 files in /opt/airflow/dags
[2025-12-30T17:21:43.887+0000] {manager.py:878} INFO - 
================================================================================
DAG File Processing Stats

File Path                              PID  Runtime      # DAGs    # Errors  Last Runtime    Last Run
-----------------------------------  -----  ---------  --------  ----------  --------------  -------------------
/opt/airflow/dags/weather_hourly.py    307  0.03s             1           0  0.25s           2025-12-30T17:21:13
/opt/airflow/dags/refrence_setup.py    310  0.01s             1           0  0.23s           2025-12-30T17:21:13
================================================================================
[2025-12-30T17:22:14.261+0000] {manager.py:878} INFO - 
================================================================================
DAG File Processing Stats

File Path                              PID  Runtime      # DAGs    # Errors  Last Runtime    Last Run
-----------------------------------  -----  ---------  --------  ----------  --------------  -------------------
/opt/airflow/dags/weather_hourly.py    317  0.03s             1           0  0.24s           2025-12-30T17:21:44
/opt/airflow/dags/refrence_setup.py    320  0.01s             1           0  0.22s           2025-12-30T17:21:44
================================================================================
[2025-12-30T17:22:44.644+0000] {manager.py:878} INFO - 
================================================================================
DAG File Processing Stats

File Path                              PID  Runtime      # DAGs    # Errors  Last Runtime    Last Run
-----------------------------------  -----  ---------  --------  ----------  --------------  -------------------
/opt/airflow/dags/weather_hourly.py    327  0.03s             1           0  0.23s           2025-12-30T17:22:14
/opt/airflow/dags/refrence_setup.py    330  0.01s             1           0  0.21s           2025-12-30T17:22:14
================================================================================
[2025-12-30T17:23:14.944+0000] {manager.py:878} INFO - 
================================================================================
DAG File Processing Stats

File Path                              PID  Runtime      # DAGs    # Errors  Last Runtime    Last Run
-----------------------------------  -----  ---------  --------  ----------  --------------  -------------------
/opt/airflow/dags/weather_hourly.py    337  0.03s             1           0  0.24s           2025-12-30T17:22:44
/opt/airflow/dags/refrence_setup.py    340  0.01s             1           0  0.22s           2025-12-30T17:22:44
================================================================================
[2025-12-30T17:23:45.344+0000] {manager.py:878} INFO - 
================================================================================
DAG File Processing Stats

File Path                              PID  Runtime      # DAGs    # Errors  Last Runtime    Last Run
-----------------------------------  -----  ---------  --------  ----------  --------------  -------------------
/opt/airflow/dags/weather_hourly.py    347  0.03s             1           0  0.24s           2025-12-30T17:23:15
/opt/airflow/dags/refrence_setup.py    350  0.01s             1           0  0.22s           2025-12-30T17:23:15
================================================================================
[2025-12-30T17:24:15.659+0000] {manager.py:878} INFO - 
================================================================================
DAG File Processing Stats

File Path                              PID  Runtime      # DAGs    # Errors  Last Runtime    Last Run
-----------------------------------  -----  ---------  --------  ----------  --------------  -------------------
/opt/airflow/dags/weather_hourly.py    357  0.03s             1           0  0.22s           2025-12-30T17:23:45
/opt/airflow/dags/refrence_setup.py    360  0.01s             1           0  0.21s           2025-12-30T17:23:45
================================================================================
[2025-12-30T17:24:46.033+0000] {manager.py:878} INFO - 
================================================================================
DAG File Processing Stats

File Path                              PID  Runtime      # DAGs    # Errors  Last Runtime    Last Run
-----------------------------------  -----  ---------  --------  ----------  --------------  -------------------
/opt/airflow/dags/weather_hourly.py    367  0.03s             1           0  0.30s           2025-12-30T17:24:15
/opt/airflow/dags/refrence_setup.py    370  0.01s             1           0  0.27s           2025-12-30T17:24:15
================================================================================
[2025-12-30T17:25:16.513+0000] {manager.py:878} INFO - 
================================================================================
DAG File Processing Stats

File Path                              PID  Runtime      # DAGs    # Errors  Last Runtime    Last Run
-----------------------------------  -----  ---------  --------  ----------  --------------  -------------------
/opt/airflow/dags/weather_hourly.py    377  0.03s             1           0  0.22s           2025-12-30T17:24:46
/opt/airflow/dags/refrence_setup.py    380  0.01s             1           0  0.21s           2025-12-30T17:24:46
================================================================================
[2025-12-30T17:25:47.000+0000] {manager.py:878} INFO - 
================================================================================
DAG File Processing Stats

File Path                              PID  Runtime      # DAGs    # Errors  Last Runtime    Last Run
-----------------------------------  -----  ---------  --------  ----------  --------------  -------------------
/opt/airflow/dags/weather_hourly.py    387  0.03s             1           0  0.23s           2025-12-30T17:25:16
/opt/airflow/dags/refrence_setup.py    390  0.01s             1           0  0.21s           2025-12-30T17:25:16
================================================================================
[2025-12-30T17:26:17.257+0000] {manager.py:878} INFO - 
================================================================================
DAG File Processing Stats

File Path                              PID  Runtime      # DAGs    # Errors  Last Runtime    Last Run
-----------------------------------  -----  ---------  --------  ----------  --------------  -------------------
/opt/airflow/dags/weather_hourly.py    397  0.01s             1           0  0.26s           2025-12-30T17:25:47
/opt/airflow/dags/refrence_setup.py                           1           0  0.25s           2025-12-30T17:25:47
================================================================================
[2025-12-30T17:26:38.793+0000] {manager.py:737} INFO - Searching for files in /opt/airflow/dags
[2025-12-30T17:26:38.834+0000] {manager.py:740} INFO - There are 2 files in /opt/airflow/dags
[2025-12-30T17:26:47.754+0000] {manager.py:878} INFO - 
================================================================================
DAG File Processing Stats

File Path                              PID  Runtime      # DAGs    # Errors  Last Runtime    Last Run
-----------------------------------  -----  ---------  --------  ----------  --------------  -------------------
/opt/airflow/dags/refrence_setup.py    410  0.01s             1           0  0.19s           2025-12-30T17:26:17
/opt/airflow/dags/weather_hourly.py    407  0.03s             1           0  0.18s           2025-12-30T17:26:17
================================================================================
[2025-12-30T17:27:18.202+0000] {manager.py:878} INFO - 
================================================================================
DAG File Processing Stats

File Path                              PID  Runtime      # DAGs    # Errors  Last Runtime    Last Run
-----------------------------------  -----  ---------  --------  ----------  --------------  -------------------
/opt/airflow/dags/weather_hourly.py    417  0.03s             1           0  0.24s           2025-12-30T17:26:47
/opt/airflow/dags/refrence_setup.py    420  0.01s             1           0  0.21s           2025-12-30T17:26:47
================================================================================
[2025-12-30T17:27:48.681+0000] {manager.py:878} INFO - 
================================================================================
DAG File Processing Stats

File Path                              PID  Runtime      # DAGs    # Errors  Last Runtime    Last Run
-----------------------------------  -----  ---------  --------  ----------  --------------  -------------------
/opt/airflow/dags/weather_hourly.py    427  0.02s             1           0  0.23s           2025-12-30T17:27:18
/opt/airflow/dags/refrence_setup.py    430  0.01s             1           0  0.22s           2025-12-30T17:27:18
================================================================================
[2025-12-30T17:28:18.970+0000] {manager.py:878} INFO - 
================================================================================
DAG File Processing Stats

File Path                              PID  Runtime      # DAGs    # Errors  Last Runtime    Last Run
-----------------------------------  -----  ---------  --------  ----------  --------------  -------------------
/opt/airflow/dags/weather_hourly.py    437  0.03s             1           0  0.23s           2025-12-30T17:27:48
/opt/airflow/dags/refrence_setup.py    440  0.01s             1           0  0.22s           2025-12-30T17:27:48
================================================================================
[2025-12-30T17:28:49.467+0000] {manager.py:878} INFO - 
================================================================================
DAG File Processing Stats

File Path                              PID  Runtime      # DAGs    # Errors  Last Runtime    Last Run
-----------------------------------  -----  ---------  --------  ----------  --------------  -------------------
/opt/airflow/dags/weather_hourly.py    447  0.03s             1           0  0.25s           2025-12-30T17:28:19
/opt/airflow/dags/refrence_setup.py    450  0.01s             1           0  0.24s           2025-12-30T17:28:19
================================================================================
[2025-12-30T17:29:19.967+0000] {manager.py:878} INFO - 
================================================================================
DAG File Processing Stats

File Path                              PID  Runtime      # DAGs    # Errors  Last Runtime    Last Run
-----------------------------------  -----  ---------  --------  ----------  --------------  -------------------
/opt/airflow/dags/weather_hourly.py    457  0.03s             1           0  0.24s           2025-12-30T17:28:49
/opt/airflow/dags/refrence_setup.py    460  0.01s             1           0  0.24s           2025-12-30T17:28:49
================================================================================
[2025-12-30T17:29:50.254+0000] {manager.py:878} INFO - 
================================================================================
DAG File Processing Stats

File Path                              PID  Runtime      # DAGs    # Errors  Last Runtime    Last Run
-----------------------------------  -----  ---------  --------  ----------  --------------  -------------------
/opt/airflow/dags/weather_hourly.py    467  0.03s             1           0  0.22s           2025-12-30T17:29:20
/opt/airflow/dags/refrence_setup.py    470  0.01s             1           0  0.20s           2025-12-30T17:29:20
================================================================================
[2025-12-30T17:30:20.655+0000] {manager.py:878} INFO - 
================================================================================
DAG File Processing Stats

File Path                              PID  Runtime      # DAGs    # Errors  Last Runtime    Last Run
-----------------------------------  -----  ---------  --------  ----------  --------------  -------------------
/opt/airflow/dags/weather_hourly.py    477  0.03s             1           0  0.25s           2025-12-30T17:29:50
/opt/airflow/dags/refrence_setup.py    480  0.01s             1           0  0.23s           2025-12-30T17:29:50
================================================================================
[2025-12-30T17:30:51.140+0000] {manager.py:878} INFO - 
================================================================================
DAG File Processing Stats

File Path                              PID  Runtime      # DAGs    # Errors  Last Runtime    Last Run
-----------------------------------  -----  ---------  --------  ----------  --------------  -------------------
/opt/airflow/dags/refrence_setup.py    490  0.01s             1           0  0.23s           2025-12-30T17:30:20
/opt/airflow/dags/weather_hourly.py    487  0.03s             1           0  0.23s           2025-12-30T17:30:20
================================================================================
[2025-12-30T17:31:21.415+0000] {manager.py:878} INFO - 
================================================================================
DAG File Processing Stats

File Path                              PID  Runtime      # DAGs    # Errors  Last Runtime    Last Run
-----------------------------------  -----  ---------  --------  ----------  --------------  -------------------
/opt/airflow/dags/weather_hourly.py    497  0.03s             1           0  0.21s           2025-12-30T17:30:51
/opt/airflow/dags/refrence_setup.py    500  0.01s             1           0  0.19s           2025-12-30T17:30:51
================================================================================
[2025-12-30T17:31:39.720+0000] {manager.py:737} INFO - Searching for files in /opt/airflow/dags
[2025-12-30T17:31:39.768+0000] {manager.py:740} INFO - There are 2 files in /opt/airflow/dags
[2025-12-30T17:31:51.939+0000] {manager.py:878} INFO - 
================================================================================
DAG File Processing Stats

File Path                              PID  Runtime      # DAGs    # Errors  Last Runtime    Last Run
-----------------------------------  -----  ---------  --------  ----------  --------------  -------------------
/opt/airflow/dags/weather_hourly.py    507  0.03s             1           0  0.18s           2025-12-30T17:31:21
/opt/airflow/dags/refrence_setup.py    510  0.01s             1           0  0.17s           2025-12-30T17:31:21
================================================================================
[2025-12-30T17:32:22.192+0000] {manager.py:878} INFO - 
================================================================================
DAG File Processing Stats

File Path                            PID    Runtime      # DAGs    # Errors  Last Runtime    Last Run
-----------------------------------  -----  ---------  --------  ----------  --------------  -------------------
/opt/airflow/dags/weather_hourly.py                           1           0  0.30s           2025-12-30T17:31:52
/opt/airflow/dags/refrence_setup.py                           1           0  0.28s           2025-12-30T17:31:52
================================================================================
[2025-12-30T17:32:52.730+0000] {manager.py:878} INFO - 
================================================================================
DAG File Processing Stats

File Path                              PID  Runtime      # DAGs    # Errors  Last Runtime    Last Run
-----------------------------------  -----  ---------  --------  ----------  --------------  -------------------
/opt/airflow/dags/weather_hourly.py    527  0.03s             1           0  0.24s           2025-12-30T17:32:22
/opt/airflow/dags/refrence_setup.py    530  0.01s             1           0  0.22s           2025-12-30T17:32:22
================================================================================
[2025-12-30T17:33:23.000+0000] {manager.py:878} INFO - 
================================================================================
DAG File Processing Stats

File Path                              PID  Runtime      # DAGs    # Errors  Last Runtime    Last Run
-----------------------------------  -----  ---------  --------  ----------  --------------  -------------------
/opt/airflow/dags/weather_hourly.py    537  0.02s             1           0  0.23s           2025-12-30T17:32:52
/opt/airflow/dags/refrence_setup.py    540  0.01s             1           0  0.21s           2025-12-30T17:32:52
================================================================================
[2025-12-30T17:33:53.424+0000] {manager.py:878} INFO - 
================================================================================
DAG File Processing Stats

File Path                              PID  Runtime      # DAGs    # Errors  Last Runtime    Last Run
-----------------------------------  -----  ---------  --------  ----------  --------------  -------------------
/opt/airflow/dags/weather_hourly.py    547  0.03s             1           0  0.20s           2025-12-30T17:33:23
/opt/airflow/dags/refrence_setup.py    550  0.01s             1           0  0.18s           2025-12-30T17:33:23
================================================================================
[2025-12-30T17:34:23.723+0000] {manager.py:878} INFO - 
================================================================================
DAG File Processing Stats

File Path                              PID  Runtime      # DAGs    # Errors  Last Runtime    Last Run
-----------------------------------  -----  ---------  --------  ----------  --------------  -------------------
/opt/airflow/dags/weather_hourly.py    557  0.03s             1           0  0.23s           2025-12-30T17:33:53
/opt/airflow/dags/refrence_setup.py    560  0.01s             1           0  0.21s           2025-12-30T17:33:53
================================================================================
[2025-12-30T17:34:54.140+0000] {manager.py:878} INFO - 
================================================================================
DAG File Processing Stats

File Path                              PID  Runtime      # DAGs    # Errors  Last Runtime    Last Run
-----------------------------------  -----  ---------  --------  ----------  --------------  -------------------
/opt/airflow/dags/weather_hourly.py    567  0.03s             1           0  0.21s           2025-12-30T17:34:23
/opt/airflow/dags/refrence_setup.py    570  0.01s             1           0  0.19s           2025-12-30T17:34:23
================================================================================
[2025-12-30T17:35:24.421+0000] {manager.py:878} INFO - 
================================================================================
DAG File Processing Stats

File Path                              PID  Runtime      # DAGs    # Errors  Last Runtime    Last Run
-----------------------------------  -----  ---------  --------  ----------  --------------  -------------------
/opt/airflow/dags/weather_hourly.py    577  0.03s             1           0  0.24s           2025-12-30T17:34:54
/opt/airflow/dags/refrence_setup.py    580  0.01s             1           0  0.22s           2025-12-30T17:34:54
================================================================================
[2025-12-30T17:35:54.893+0000] {manager.py:878} INFO - 
================================================================================
DAG File Processing Stats

File Path                              PID  Runtime      # DAGs    # Errors  Last Runtime    Last Run
-----------------------------------  -----  ---------  --------  ----------  --------------  -------------------
/opt/airflow/dags/weather_hourly.py    587  0.03s             1           0  0.22s           2025-12-30T17:35:24
/opt/airflow/dags/refrence_setup.py    590  0.01s             1           0  0.21s           2025-12-30T17:35:24
================================================================================
[2025-12-30T17:36:25.356+0000] {manager.py:878} INFO - 
================================================================================
DAG File Processing Stats

File Path                              PID  Runtime      # DAGs    # Errors  Last Runtime    Last Run
-----------------------------------  -----  ---------  --------  ----------  --------------  -------------------
/opt/airflow/dags/weather_hourly.py    597  0.03s             1           0  0.21s           2025-12-30T17:35:55
/opt/airflow/dags/refrence_setup.py    600  0.01s             1           0  0.20s           2025-12-30T17:35:55
================================================================================
[2025-12-30T17:36:40.476+0000] {manager.py:737} INFO - Searching for files in /opt/airflow/dags
[2025-12-30T17:36:40.515+0000] {manager.py:740} INFO - There are 2 files in /opt/airflow/dags
[2025-12-30T17:36:55.690+0000] {manager.py:878} INFO - 
================================================================================
DAG File Processing Stats

File Path                              PID  Runtime      # DAGs    # Errors  Last Runtime    Last Run
-----------------------------------  -----  ---------  --------  ----------  --------------  -------------------
/opt/airflow/dags/weather_hourly.py    607  0.03s             1           0  0.23s           2025-12-30T17:36:25
/opt/airflow/dags/refrence_setup.py    610  0.01s             1           0  0.21s           2025-12-30T17:36:25
================================================================================
[2025-12-30T17:37:26.068+0000] {manager.py:878} INFO - 
================================================================================
DAG File Processing Stats

File Path                              PID  Runtime      # DAGs    # Errors  Last Runtime    Last Run
-----------------------------------  -----  ---------  --------  ----------  --------------  -------------------
/opt/airflow/dags/weather_hourly.py    617  0.03s             1           0  0.22s           2025-12-30T17:36:55
/opt/airflow/dags/refrence_setup.py    620  0.01s             1           0  0.20s           2025-12-30T17:36:55
================================================================================
[2025-12-30T17:37:56.516+0000] {manager.py:878} INFO - 
================================================================================
DAG File Processing Stats

File Path                              PID  Runtime      # DAGs    # Errors  Last Runtime    Last Run
-----------------------------------  -----  ---------  --------  ----------  --------------  -------------------
/opt/airflow/dags/weather_hourly.py    627  0.03s             1           0  0.20s           2025-12-30T17:37:26
/opt/airflow/dags/refrence_setup.py    630  0.01s             1           0  0.19s           2025-12-30T17:37:26
================================================================================
[2025-12-30T17:38:26.794+0000] {manager.py:878} INFO - 
================================================================================
DAG File Processing Stats

File Path                              PID  Runtime      # DAGs    # Errors  Last Runtime    Last Run
-----------------------------------  -----  ---------  --------  ----------  --------------  -------------------
/opt/airflow/dags/weather_hourly.py    637  0.03s             1           0  0.22s           2025-12-30T17:37:56
/opt/airflow/dags/refrence_setup.py    640  0.01s             1           0  0.20s           2025-12-30T17:37:56
================================================================================
[2025-12-30T17:38:57.206+0000] {manager.py:878} INFO - 
================================================================================
DAG File Processing Stats

File Path                              PID  Runtime      # DAGs    # Errors  Last Runtime    Last Run
-----------------------------------  -----  ---------  --------  ----------  --------------  -------------------
/opt/airflow/dags/weather_hourly.py    647  0.03s             1           0  0.26s           2025-12-30T17:38:27
/opt/airflow/dags/refrence_setup.py    650  0.01s             1           0  0.24s           2025-12-30T17:38:27
================================================================================
[2025-12-30T17:39:27.517+0000] {manager.py:878} INFO - 
================================================================================
DAG File Processing Stats

File Path                              PID  Runtime      # DAGs    # Errors  Last Runtime    Last Run
-----------------------------------  -----  ---------  --------  ----------  --------------  -------------------
/opt/airflow/dags/weather_hourly.py    657  0.03s             1           0  0.24s           2025-12-30T17:38:57
/opt/airflow/dags/refrence_setup.py    660  0.01s             1           0  0.22s           2025-12-30T17:38:57
================================================================================
[2025-12-30T17:39:57.960+0000] {manager.py:878} INFO - 
================================================================================
DAG File Processing Stats

File Path                              PID  Runtime      # DAGs    # Errors  Last Runtime    Last Run
-----------------------------------  -----  ---------  --------  ----------  --------------  -------------------
/opt/airflow/dags/refrence_setup.py    670  0.01s             1           0  0.20s           2025-12-30T17:39:27
/opt/airflow/dags/weather_hourly.py    667  0.03s             1           0  0.20s           2025-12-30T17:39:27
================================================================================
[2025-12-30T17:40:28.273+0000] {manager.py:878} INFO - 
================================================================================
DAG File Processing Stats

File Path                              PID  Runtime      # DAGs    # Errors  Last Runtime    Last Run
-----------------------------------  -----  ---------  --------  ----------  --------------  -------------------
/opt/airflow/dags/weather_hourly.py    677  0.03s             1           0  0.24s           2025-12-30T17:39:58
/opt/airflow/dags/refrence_setup.py    680  0.01s             1           0  0.23s           2025-12-30T17:39:58
================================================================================
[2025-12-30T17:40:58.744+0000] {manager.py:878} INFO - 
================================================================================
DAG File Processing Stats

File Path                              PID  Runtime      # DAGs    # Errors  Last Runtime    Last Run
-----------------------------------  -----  ---------  --------  ----------  --------------  -------------------
/opt/airflow/dags/weather_hourly.py    687  0.03s             1           0  0.20s           2025-12-30T17:40:28
/opt/airflow/dags/refrence_setup.py    690  0.01s             1           0  0.19s           2025-12-30T17:40:28
================================================================================
[2025-12-30T17:41:29.044+0000] {manager.py:878} INFO - 
================================================================================
DAG File Processing Stats

File Path                              PID  Runtime      # DAGs    # Errors  Last Runtime    Last Run
-----------------------------------  -----  ---------  --------  ----------  --------------  -------------------
/opt/airflow/dags/weather_hourly.py    697  0.04s             1           0  0.23s           2025-12-30T17:40:58
/opt/airflow/dags/refrence_setup.py    700  0.01s             1           0  0.21s           2025-12-30T17:40:58
================================================================================
[2025-12-30T17:41:41.347+0000] {manager.py:737} INFO - Searching for files in /opt/airflow/dags
[2025-12-30T17:41:41.428+0000] {manager.py:740} INFO - There are 2 files in /opt/airflow/dags
[2025-12-30T17:41:59.634+0000] {manager.py:878} INFO - 
================================================================================
DAG File Processing Stats

File Path                              PID  Runtime      # DAGs    # Errors  Last Runtime    Last Run
-----------------------------------  -----  ---------  --------  ----------  --------------  -------------------
/opt/airflow/dags/weather_hourly.py    707  0.02s             1           0  0.24s           2025-12-30T17:41:29
/opt/airflow/dags/refrence_setup.py    710  0.01s             1           0  0.22s           2025-12-30T17:41:29
================================================================================
[2025-12-30T17:42:29.914+0000] {manager.py:878} INFO - 
================================================================================
DAG File Processing Stats

File Path                              PID  Runtime      # DAGs    # Errors  Last Runtime    Last Run
-----------------------------------  -----  ---------  --------  ----------  --------------  -------------------
/opt/airflow/dags/weather_hourly.py    717  0.03s             1           0  0.21s           2025-12-30T17:41:59
/opt/airflow/dags/refrence_setup.py    720  0.01s             1           0  0.20s           2025-12-30T17:41:59
================================================================================
[2025-12-30T17:43:00.324+0000] {manager.py:878} INFO - 
================================================================================
DAG File Processing Stats

File Path                              PID  Runtime      # DAGs    # Errors  Last Runtime    Last Run
-----------------------------------  -----  ---------  --------  ----------  --------------  -------------------
/opt/airflow/dags/weather_hourly.py    727  0.03s             1           0  0.24s           2025-12-30T17:42:30
/opt/airflow/dags/refrence_setup.py    730  0.01s             1           0  0.21s           2025-12-30T17:42:30
================================================================================
[2025-12-30T17:43:30.633+0000] {manager.py:878} INFO - 
================================================================================
DAG File Processing Stats

File Path                              PID  Runtime      # DAGs    # Errors  Last Runtime    Last Run
-----------------------------------  -----  ---------  --------  ----------  --------------  -------------------
/opt/airflow/dags/weather_hourly.py    737  0.03s             1           0  0.24s           2025-12-30T17:43:00
/opt/airflow/dags/refrence_setup.py    740  0.01s             1           0  0.21s           2025-12-30T17:43:00
================================================================================
[2025-12-30T17:44:01.106+0000] {manager.py:878} INFO - 
================================================================================
DAG File Processing Stats

File Path                              PID  Runtime      # DAGs    # Errors  Last Runtime    Last Run
-----------------------------------  -----  ---------  --------  ----------  --------------  -------------------
/opt/airflow/dags/weather_hourly.py    747  0.03s             1           0  0.22s           2025-12-30T17:43:30
/opt/airflow/dags/refrence_setup.py    750  0.01s             1           0  0.21s           2025-12-30T17:43:30
================================================================================
[2025-12-30T17:44:31.393+0000] {manager.py:878} INFO - 
================================================================================
DAG File Processing Stats

File Path                              PID  Runtime      # DAGs    # Errors  Last Runtime    Last Run
-----------------------------------  -----  ---------  --------  ----------  --------------  -------------------
/opt/airflow/dags/weather_hourly.py    757  0.03s             1           0  0.24s           2025-12-30T17:44:01
/opt/airflow/dags/refrence_setup.py    760  0.01s             1           0  0.22s           2025-12-30T17:44:01
================================================================================
[2025-12-30T17:45:01.828+0000] {manager.py:878} INFO - 
================================================================================
DAG File Processing Stats

File Path                              PID  Runtime      # DAGs    # Errors  Last Runtime    Last Run
-----------------------------------  -----  ---------  --------  ----------  --------------  -------------------
/opt/airflow/dags/weather_hourly.py    767  0.03s             1           0  0.27s           2025-12-30T17:44:31
/opt/airflow/dags/refrence_setup.py    770  0.01s             1           0  0.25s           2025-12-30T17:44:31
================================================================================
[2025-12-30T17:45:32.286+0000] {manager.py:878} INFO - 
================================================================================
DAG File Processing Stats

File Path                              PID  Runtime      # DAGs    # Errors  Last Runtime    Last Run
-----------------------------------  -----  ---------  --------  ----------  --------------  -------------------
/opt/airflow/dags/weather_hourly.py    777  0.03s             1           0  0.20s           2025-12-30T17:45:01
/opt/airflow/dags/refrence_setup.py    780  0.01s             1           0  0.19s           2025-12-30T17:45:02
================================================================================
[2025-12-30T17:46:02.792+0000] {manager.py:878} INFO - 
================================================================================
DAG File Processing Stats

File Path                              PID  Runtime      # DAGs    # Errors  Last Runtime    Last Run
-----------------------------------  -----  ---------  --------  ----------  --------------  -------------------
/opt/airflow/dags/weather_hourly.py    787  0.03s             1           0  0.25s           2025-12-30T17:45:32
/opt/airflow/dags/refrence_setup.py    790  0.01s             1           0  0.25s           2025-12-30T17:45:32
================================================================================
[2025-12-30T17:46:33.228+0000] {manager.py:878} INFO - 
================================================================================
DAG File Processing Stats

File Path                              PID  Runtime      # DAGs    # Errors  Last Runtime    Last Run
-----------------------------------  -----  ---------  --------  ----------  --------------  -------------------
/opt/airflow/dags/weather_hourly.py    797  0.03s             1           0  0.19s           2025-12-30T17:46:02
/opt/airflow/dags/refrence_setup.py    800  0.01s             1           0  0.18s           2025-12-30T17:46:02
================================================================================
[2025-12-30T17:46:41.508+0000] {manager.py:737} INFO - Searching for files in /opt/airflow/dags
[2025-12-30T17:46:41.591+0000] {manager.py:740} INFO - There are 2 files in /opt/airflow/dags
[2025-12-30T17:47:03.535+0000] {manager.py:878} INFO - 
================================================================================
DAG File Processing Stats

File Path                              PID  Runtime      # DAGs    # Errors  Last Runtime    Last Run
-----------------------------------  -----  ---------  --------  ----------  --------------  -------------------
/opt/airflow/dags/weather_hourly.py    807  0.04s             1           0  0.24s           2025-12-30T17:46:33
/opt/airflow/dags/refrence_setup.py    810  0.01s             1           0  0.23s           2025-12-30T17:46:33
================================================================================
[2025-12-30T17:47:34.013+0000] {manager.py:878} INFO - 
================================================================================
DAG File Processing Stats

File Path                              PID  Runtime      # DAGs    # Errors  Last Runtime    Last Run
-----------------------------------  -----  ---------  --------  ----------  --------------  -------------------
/opt/airflow/dags/weather_hourly.py    817  0.03s             1           0  0.23s           2025-12-30T17:47:03
/opt/airflow/dags/refrence_setup.py    820  0.01s             1           0  0.22s           2025-12-30T17:47:03
================================================================================
[2025-12-30T17:48:04.446+0000] {manager.py:878} INFO - 
================================================================================
DAG File Processing Stats

File Path                              PID  Runtime      # DAGs    # Errors  Last Runtime    Last Run
-----------------------------------  -----  ---------  --------  ----------  --------------  -------------------
/opt/airflow/dags/weather_hourly.py    827  0.03s             1           0  0.20s           2025-12-30T17:47:34
/opt/airflow/dags/refrence_setup.py    830  0.01s             1           0  0.19s           2025-12-30T17:47:34
================================================================================
[2025-12-30T17:48:34.950+0000] {manager.py:878} INFO - 
================================================================================
DAG File Processing Stats

File Path                              PID  Runtime      # DAGs    # Errors  Last Runtime    Last Run
-----------------------------------  -----  ---------  --------  ----------  --------------  -------------------
/opt/airflow/dags/weather_hourly.py    837  0.03s             1           0  0.24s           2025-12-30T17:48:04
/opt/airflow/dags/refrence_setup.py    840  0.01s             1           0  0.23s           2025-12-30T17:48:04
================================================================================
[2025-12-30T17:49:05.252+0000] {manager.py:878} INFO - 
================================================================================
DAG File Processing Stats

File Path                              PID  Runtime      # DAGs    # Errors  Last Runtime    Last Run
-----------------------------------  -----  ---------  --------  ----------  --------------  -------------------
/opt/airflow/dags/weather_hourly.py    847  0.03s             1           0  0.23s           2025-12-30T17:48:35
/opt/airflow/dags/refrence_setup.py    850  0.01s             1           0  0.20s           2025-12-30T17:48:35
================================================================================
[2025-12-30T17:49:35.719+0000] {manager.py:878} INFO - 
================================================================================
DAG File Processing Stats

File Path                              PID  Runtime      # DAGs    # Errors  Last Runtime    Last Run
-----------------------------------  -----  ---------  --------  ----------  --------------  -------------------
/opt/airflow/dags/weather_hourly.py    857  0.03s             1           0  0.20s           2025-12-30T17:49:05
/opt/airflow/dags/refrence_setup.py    860  0.01s             1           0  0.19s           2025-12-30T17:49:05
================================================================================
[2025-12-30T17:50:06.070+0000] {manager.py:878} INFO - 
================================================================================
DAG File Processing Stats

File Path                              PID  Runtime      # DAGs    # Errors  Last Runtime    Last Run
-----------------------------------  -----  ---------  --------  ----------  --------------  -------------------
/opt/airflow/dags/weather_hourly.py    867  0.03s             1           0  0.24s           2025-12-30T17:49:35
/opt/airflow/dags/refrence_setup.py    870  0.01s             1           0  0.22s           2025-12-30T17:49:35
================================================================================
[2025-12-30T17:50:36.417+0000] {manager.py:878} INFO - 
================================================================================
DAG File Processing Stats

File Path                              PID  Runtime      # DAGs    # Errors  Last Runtime    Last Run
-----------------------------------  -----  ---------  --------  ----------  --------------  -------------------
/opt/airflow/dags/weather_hourly.py    877  0.03s             1           0  0.25s           2025-12-30T17:50:06
/opt/airflow/dags/refrence_setup.py    880  0.01s             1           0  0.22s           2025-12-30T17:50:06
================================================================================
[2025-12-30T17:51:06.801+0000] {manager.py:878} INFO - 
================================================================================
DAG File Processing Stats

File Path                              PID  Runtime      # DAGs    # Errors  Last Runtime    Last Run
-----------------------------------  -----  ---------  --------  ----------  --------------  -------------------
/opt/airflow/dags/weather_hourly.py    887  0.03s             1           0  0.23s           2025-12-30T17:50:36
/opt/airflow/dags/refrence_setup.py    890  0.01s             1           0  0.22s           2025-12-30T17:50:36
================================================================================
[2025-12-30T17:51:37.272+0000] {manager.py:878} INFO - 
================================================================================
DAG File Processing Stats

File Path                              PID  Runtime      # DAGs    # Errors  Last Runtime    Last Run
-----------------------------------  -----  ---------  --------  ----------  --------------  -------------------
/opt/airflow/dags/weather_hourly.py    897  0.03s             1           0  0.21s           2025-12-30T17:51:06
/opt/airflow/dags/refrence_setup.py    900  0.01s             1           0  0.21s           2025-12-30T17:51:06
================================================================================
[2025-12-30T17:51:41.512+0000] {manager.py:737} INFO - Searching for files in /opt/airflow/dags
[2025-12-30T17:51:41.553+0000] {manager.py:740} INFO - There are 2 files in /opt/airflow/dags
[2025-12-30T17:52:07.544+0000] {manager.py:878} INFO - 
================================================================================
DAG File Processing Stats

File Path                              PID  Runtime      # DAGs    # Errors  Last Runtime    Last Run
-----------------------------------  -----  ---------  --------  ----------  --------------  -------------------
/opt/airflow/dags/weather_hourly.py    907  0.03s             1           0  0.23s           2025-12-30T17:51:37
/opt/airflow/dags/refrence_setup.py    910  0.01s             1           0  0.22s           2025-12-30T17:51:37
================================================================================
[2025-12-30T17:52:37.871+0000] {manager.py:878} INFO - 
================================================================================
DAG File Processing Stats

File Path                              PID  Runtime      # DAGs    # Errors  Last Runtime    Last Run
-----------------------------------  -----  ---------  --------  ----------  --------------  -------------------
/opt/airflow/dags/weather_hourly.py    917  0.05s             1           0  0.23s           2025-12-30T17:52:07
/opt/airflow/dags/refrence_setup.py    920  0.01s             1           0  0.21s           2025-12-30T17:52:07
================================================================================
[2025-12-30T17:53:08.249+0000] {manager.py:878} INFO - 
================================================================================
DAG File Processing Stats

File Path                              PID  Runtime      # DAGs    # Errors  Last Runtime    Last Run
-----------------------------------  -----  ---------  --------  ----------  --------------  -------------------
/opt/airflow/dags/weather_hourly.py    927  0.03s             1           0  0.28s           2025-12-30T17:52:38
/opt/airflow/dags/refrence_setup.py    930  0.01s             1           0  0.25s           2025-12-30T17:52:38
================================================================================
[2025-12-30T17:53:38.708+0000] {manager.py:878} INFO - 
================================================================================
DAG File Processing Stats

File Path                              PID  Runtime      # DAGs    # Errors  Last Runtime    Last Run
-----------------------------------  -----  ---------  --------  ----------  --------------  -------------------
/opt/airflow/dags/weather_hourly.py    937  0.04s             1           0  0.21s           2025-12-30T17:53:08
/opt/airflow/dags/refrence_setup.py    940  0.01s             1           0  0.20s           2025-12-30T17:53:08
================================================================================
[2025-12-30T17:54:09.166+0000] {manager.py:878} INFO - 
================================================================================
DAG File Processing Stats

File Path                              PID  Runtime      # DAGs    # Errors  Last Runtime    Last Run
-----------------------------------  -----  ---------  --------  ----------  --------------  -------------------
/opt/airflow/dags/weather_hourly.py    947  0.03s             1           0  0.21s           2025-12-30T17:53:38
/opt/airflow/dags/refrence_setup.py    950  0.01s             1           0  0.20s           2025-12-30T17:53:38
================================================================================
[2025-12-30T17:54:39.449+0000] {manager.py:878} INFO - 
================================================================================
DAG File Processing Stats

File Path                              PID  Runtime      # DAGs    # Errors  Last Runtime    Last Run
-----------------------------------  -----  ---------  --------  ----------  --------------  -------------------
/opt/airflow/dags/weather_hourly.py    957  0.03s             1           0  0.24s           2025-12-30T17:54:09
/opt/airflow/dags/refrence_setup.py    960  0.01s             1           0  0.22s           2025-12-30T17:54:09
================================================================================
[2025-12-30T17:55:09.945+0000] {manager.py:878} INFO - 
================================================================================
DAG File Processing Stats

File Path                              PID  Runtime      # DAGs    # Errors  Last Runtime    Last Run
-----------------------------------  -----  ---------  --------  ----------  --------------  -------------------
/opt/airflow/dags/weather_hourly.py    967  0.04s             1           0  0.20s           2025-12-30T17:54:39
/opt/airflow/dags/refrence_setup.py    970  0.01s             1           0  0.19s           2025-12-30T17:54:39
================================================================================
[2025-12-30T17:56:30.632+0000] {manager.py:878} INFO - 
================================================================================
DAG File Processing Stats

File Path                            PID    Runtime      # DAGs    # Errors  Last Runtime    Last Run
-----------------------------------  -----  ---------  --------  ----------  --------------  -------------------
/opt/airflow/dags/weather_hourly.py                           1           0  0.72s           2025-12-30T17:56:20
/opt/airflow/dags/refrence_setup.py                           1           0  0.70s           2025-12-30T17:56:20
================================================================================
[2025-12-30T17:56:41.712+0000] {manager.py:737} INFO - Searching for files in /opt/airflow/dags
[2025-12-30T17:56:41.755+0000] {manager.py:740} INFO - There are 2 files in /opt/airflow/dags
[2025-12-30T17:57:01.194+0000] {manager.py:878} INFO - 
================================================================================
DAG File Processing Stats

File Path                            PID    Runtime      # DAGs    # Errors  Last Runtime    Last Run
-----------------------------------  -----  ---------  --------  ----------  --------------  -------------------
/opt/airflow/dags/weather_hourly.py                           1           0  0.24s           2025-12-30T17:56:51
/opt/airflow/dags/refrence_setup.py                           1           0  0.23s           2025-12-30T17:56:51
================================================================================
[2025-12-30T17:57:31.509+0000] {manager.py:878} INFO - 
================================================================================
DAG File Processing Stats

File Path                            PID    Runtime      # DAGs    # Errors  Last Runtime    Last Run
-----------------------------------  -----  ---------  --------  ----------  --------------  -------------------
/opt/airflow/dags/weather_hourly.py                           1           0  0.22s           2025-12-30T17:57:21
/opt/airflow/dags/refrence_setup.py                           1           0  0.20s           2025-12-30T17:57:21
================================================================================
[2025-12-30T17:58:02.066+0000] {manager.py:878} INFO - 
================================================================================
DAG File Processing Stats

File Path                            PID    Runtime      # DAGs    # Errors  Last Runtime    Last Run
-----------------------------------  -----  ---------  --------  ----------  --------------  -------------------
/opt/airflow/dags/weather_hourly.py                           1           0  0.27s           2025-12-30T17:57:51
/opt/airflow/dags/refrence_setup.py                           1           0  0.27s           2025-12-30T17:57:51
================================================================================
[2025-12-30T17:58:32.644+0000] {manager.py:878} INFO - 
================================================================================
DAG File Processing Stats

File Path                            PID    Runtime      # DAGs    # Errors  Last Runtime    Last Run
-----------------------------------  -----  ---------  --------  ----------  --------------  -------------------
/opt/airflow/dags/weather_hourly.py                           1           0  0.27s           2025-12-30T17:58:22
/opt/airflow/dags/refrence_setup.py                           1           0  0.26s           2025-12-30T17:58:22
================================================================================
[2026-01-04T16:46:21.544+0000] {manager.py:737} INFO - Searching for files in /opt/airflow/dags
[2026-01-04T16:46:23.595+0000] {manager.py:740} INFO - There are 2 files in /opt/airflow/dags
[2026-01-04T16:46:37.448+0000] {manager.py:878} INFO - 
================================================================================
DAG File Processing Stats

File Path                            PID    Runtime      # DAGs    # Errors  Last Runtime    Last Run
-----------------------------------  -----  ---------  --------  ----------  --------------  -------------------
/opt/airflow/dags/weather_hourly.py                           1           0  1.17s           2026-01-04T16:46:24
/opt/airflow/dags/refrence_setup.py                           1           0  0.86s           2026-01-04T16:46:24
================================================================================
[2026-01-04T16:47:07.746+0000] {manager.py:878} INFO - 
================================================================================
DAG File Processing Stats

File Path                            PID    Runtime      # DAGs    # Errors  Last Runtime    Last Run
-----------------------------------  -----  ---------  --------  ----------  --------------  -------------------
/opt/airflow/dags/weather_hourly.py                           1           0  7.40s           2026-01-04T16:47:02
/opt/airflow/dags/refrence_setup.py                           1           0  6.83s           2026-01-04T16:47:02
================================================================================
[2026-01-04T16:47:39.991+0000] {manager.py:878} INFO - 
================================================================================
DAG File Processing Stats

File Path                            PID    Runtime      # DAGs    # Errors  Last Runtime    Last Run
-----------------------------------  -----  ---------  --------  ----------  --------------  -------------------
/opt/airflow/dags/refrence_setup.py                           1           0  0.24s           2026-01-04T16:47:32
/opt/airflow/dags/weather_hourly.py                           1           0  0.24s           2026-01-04T16:47:32
================================================================================
[2026-01-04T16:48:10.409+0000] {manager.py:878} INFO - 
================================================================================
DAG File Processing Stats

File Path                            PID    Runtime      # DAGs    # Errors  Last Runtime    Last Run
-----------------------------------  -----  ---------  --------  ----------  --------------  -------------------
/opt/airflow/dags/weather_hourly.py                           1           0  0.20s           2026-01-04T16:48:03
/opt/airflow/dags/refrence_setup.py                           1           0  0.19s           2026-01-04T16:48:03
================================================================================
[2026-01-04T16:48:40.766+0000] {manager.py:878} INFO - 
================================================================================
DAG File Processing Stats

File Path                            PID    Runtime      # DAGs    # Errors  Last Runtime    Last Run
-----------------------------------  -----  ---------  --------  ----------  --------------  -------------------
/opt/airflow/dags/weather_hourly.py                           1           0  0.18s           2026-01-04T16:48:33
/opt/airflow/dags/refrence_setup.py                           1           0  0.17s           2026-01-04T16:48:33
================================================================================
[2026-01-04T16:49:11.083+0000] {manager.py:878} INFO - 
================================================================================
DAG File Processing Stats

File Path                            PID    Runtime      # DAGs    # Errors  Last Runtime    Last Run
-----------------------------------  -----  ---------  --------  ----------  --------------  -------------------
/opt/airflow/dags/weather_hourly.py                           1           0  0.14s           2026-01-04T16:49:04
/opt/airflow/dags/refrence_setup.py                           1           0  0.14s           2026-01-04T16:49:04
================================================================================
[2026-01-04T16:49:41.925+0000] {manager.py:878} INFO - 
================================================================================
DAG File Processing Stats

File Path                            PID    Runtime      # DAGs    # Errors  Last Runtime    Last Run
-----------------------------------  -----  ---------  --------  ----------  --------------  -------------------
/opt/airflow/dags/weather_hourly.py                           1           0  0.14s           2026-01-04T16:49:34
/opt/airflow/dags/refrence_setup.py                           1           0  0.14s           2026-01-04T16:49:34
================================================================================
[2026-01-04T16:50:12.244+0000] {manager.py:878} INFO - 
================================================================================
DAG File Processing Stats

File Path                            PID    Runtime      # DAGs    # Errors  Last Runtime    Last Run
-----------------------------------  -----  ---------  --------  ----------  --------------  -------------------
/opt/airflow/dags/weather_hourly.py                           1           0  0.14s           2026-01-04T16:50:05
/opt/airflow/dags/refrence_setup.py                           1           0  0.14s           2026-01-04T16:50:05
================================================================================
[2026-01-04T16:50:42.552+0000] {manager.py:878} INFO - 
================================================================================
DAG File Processing Stats

File Path                            PID    Runtime      # DAGs    # Errors  Last Runtime    Last Run
-----------------------------------  -----  ---------  --------  ----------  --------------  -------------------
/opt/airflow/dags/weather_hourly.py                           1           0  0.11s           2026-01-04T16:50:35
/opt/airflow/dags/refrence_setup.py                           1           0  0.11s           2026-01-04T16:50:35
================================================================================
[2026-01-04T16:51:12.854+0000] {manager.py:878} INFO - 
================================================================================
DAG File Processing Stats

File Path                            PID    Runtime      # DAGs    # Errors  Last Runtime    Last Run
-----------------------------------  -----  ---------  --------  ----------  --------------  -------------------
/opt/airflow/dags/weather_hourly.py                           1           0  0.11s           2026-01-04T16:51:05
/opt/airflow/dags/refrence_setup.py                           1           0  0.11s           2026-01-04T16:51:05
================================================================================
[2026-01-04T16:51:21.907+0000] {manager.py:737} INFO - Searching for files in /opt/airflow/dags
[2026-01-04T16:51:21.928+0000] {manager.py:740} INFO - There are 2 files in /opt/airflow/dags
[2026-01-04T16:51:43.179+0000] {manager.py:878} INFO - 
================================================================================
DAG File Processing Stats

File Path                            PID    Runtime      # DAGs    # Errors  Last Runtime    Last Run
-----------------------------------  -----  ---------  --------  ----------  --------------  -------------------
/opt/airflow/dags/weather_hourly.py                           1           0  0.11s           2026-01-04T16:51:36
/opt/airflow/dags/refrence_setup.py                           1           0  0.11s           2026-01-04T16:51:36
================================================================================
[2026-01-04T16:52:13.480+0000] {manager.py:878} INFO - 
================================================================================
DAG File Processing Stats

File Path                            PID    Runtime      # DAGs    # Errors  Last Runtime    Last Run
-----------------------------------  -----  ---------  --------  ----------  --------------  -------------------
/opt/airflow/dags/weather_hourly.py                           1           0  0.11s           2026-01-04T16:52:06
/opt/airflow/dags/refrence_setup.py                           1           0  0.11s           2026-01-04T16:52:06
================================================================================
[2026-01-04T16:52:43.797+0000] {manager.py:878} INFO - 
================================================================================
DAG File Processing Stats

File Path                            PID    Runtime      # DAGs    # Errors  Last Runtime    Last Run
-----------------------------------  -----  ---------  --------  ----------  --------------  -------------------
/opt/airflow/dags/weather_hourly.py                           1           0  0.12s           2026-01-04T16:52:36
/opt/airflow/dags/refrence_setup.py                           1           0  0.12s           2026-01-04T16:52:36
================================================================================
[2026-01-04T16:53:14.100+0000] {manager.py:878} INFO - 
================================================================================
DAG File Processing Stats

File Path                            PID    Runtime      # DAGs    # Errors  Last Runtime    Last Run
-----------------------------------  -----  ---------  --------  ----------  --------------  -------------------
/opt/airflow/dags/weather_hourly.py                           1           0  0.11s           2026-01-04T16:53:07
/opt/airflow/dags/refrence_setup.py                           1           0  0.11s           2026-01-04T16:53:07
================================================================================
[2026-01-04T16:53:44.402+0000] {manager.py:878} INFO - 
================================================================================
DAG File Processing Stats

File Path                            PID    Runtime      # DAGs    # Errors  Last Runtime    Last Run
-----------------------------------  -----  ---------  --------  ----------  --------------  -------------------
/opt/airflow/dags/weather_hourly.py                           1           0  0.11s           2026-01-04T16:53:37
/opt/airflow/dags/refrence_setup.py                           1           0  0.10s           2026-01-04T16:53:37
================================================================================
[2026-01-04T16:54:14.696+0000] {manager.py:878} INFO - 
================================================================================
DAG File Processing Stats

File Path                            PID    Runtime      # DAGs    # Errors  Last Runtime    Last Run
-----------------------------------  -----  ---------  --------  ----------  --------------  -------------------
/opt/airflow/dags/weather_hourly.py                           1           0  0.10s           2026-01-04T16:54:07
/opt/airflow/dags/refrence_setup.py                           1           0  0.10s           2026-01-04T16:54:07
================================================================================
[2026-01-04T16:54:44.993+0000] {manager.py:878} INFO - 
================================================================================
DAG File Processing Stats

File Path                            PID    Runtime      # DAGs    # Errors  Last Runtime    Last Run
-----------------------------------  -----  ---------  --------  ----------  --------------  -------------------
/opt/airflow/dags/weather_hourly.py                           1           0  0.11s           2026-01-04T16:54:37
/opt/airflow/dags/refrence_setup.py                           1           0  0.11s           2026-01-04T16:54:37
================================================================================
[2026-01-04T16:55:15.286+0000] {manager.py:878} INFO - 
================================================================================
DAG File Processing Stats

File Path                            PID    Runtime      # DAGs    # Errors  Last Runtime    Last Run
-----------------------------------  -----  ---------  --------  ----------  --------------  -------------------
/opt/airflow/dags/weather_hourly.py                           1           0  0.11s           2026-01-04T16:55:08
/opt/airflow/dags/refrence_setup.py                           1           0  0.11s           2026-01-04T16:55:08
================================================================================
[2026-01-04T16:55:45.497+0000] {manager.py:878} INFO - 
================================================================================
DAG File Processing Stats

File Path                            PID    Runtime      # DAGs    # Errors  Last Runtime    Last Run
-----------------------------------  -----  ---------  --------  ----------  --------------  -------------------
/opt/airflow/dags/weather_hourly.py                           1           0  0.11s           2026-01-04T16:55:38
/opt/airflow/dags/refrence_setup.py                           1           0  0.10s           2026-01-04T16:55:38
================================================================================
[2026-01-04T16:56:15.792+0000] {manager.py:878} INFO - 
================================================================================
DAG File Processing Stats

File Path                            PID    Runtime      # DAGs    # Errors  Last Runtime    Last Run
-----------------------------------  -----  ---------  --------  ----------  --------------  -------------------
/opt/airflow/dags/weather_hourly.py                           1           0  0.11s           2026-01-04T16:56:08
/opt/airflow/dags/refrence_setup.py                           1           0  0.11s           2026-01-04T16:56:08
================================================================================
[2026-01-04T16:56:22.835+0000] {manager.py:737} INFO - Searching for files in /opt/airflow/dags
[2026-01-04T16:56:22.855+0000] {manager.py:740} INFO - There are 2 files in /opt/airflow/dags
[2026-01-04T16:56:46.125+0000] {manager.py:878} INFO - 
================================================================================
DAG File Processing Stats

File Path                            PID    Runtime      # DAGs    # Errors  Last Runtime    Last Run
-----------------------------------  -----  ---------  --------  ----------  --------------  -------------------
/opt/airflow/dags/weather_hourly.py                           1           0  0.11s           2026-01-04T16:56:39
/opt/airflow/dags/refrence_setup.py                           1           0  0.11s           2026-01-04T16:56:39
================================================================================
[2026-01-04T16:57:16.415+0000] {manager.py:878} INFO - 
================================================================================
DAG File Processing Stats

File Path                            PID    Runtime      # DAGs    # Errors  Last Runtime    Last Run
-----------------------------------  -----  ---------  --------  ----------  --------------  -------------------
/opt/airflow/dags/weather_hourly.py                           1           0  0.11s           2026-01-04T16:57:09
/opt/airflow/dags/refrence_setup.py                           1           0  0.10s           2026-01-04T16:57:09
================================================================================
[2026-01-04T16:57:46.728+0000] {manager.py:878} INFO - 
================================================================================
DAG File Processing Stats

File Path                            PID    Runtime      # DAGs    # Errors  Last Runtime    Last Run
-----------------------------------  -----  ---------  --------  ----------  --------------  -------------------
/opt/airflow/dags/weather_hourly.py                           1           0  0.11s           2026-01-04T16:57:39
/opt/airflow/dags/refrence_setup.py                           1           0  0.11s           2026-01-04T16:57:39
================================================================================
[2026-01-04T16:58:17.408+0000] {manager.py:878} INFO - 
================================================================================
DAG File Processing Stats

File Path                            PID    Runtime      # DAGs    # Errors  Last Runtime    Last Run
-----------------------------------  -----  ---------  --------  ----------  --------------  -------------------
/opt/airflow/dags/weather_hourly.py                           1           0  0.15s           2026-01-04T16:58:10
/opt/airflow/dags/refrence_setup.py                           1           0  0.14s           2026-01-04T16:58:10
================================================================================
[2026-01-04T16:58:47.692+0000] {manager.py:878} INFO - 
================================================================================
DAG File Processing Stats

File Path                            PID    Runtime      # DAGs    # Errors  Last Runtime    Last Run
-----------------------------------  -----  ---------  --------  ----------  --------------  -------------------
/opt/airflow/dags/weather_hourly.py                           1           0  0.12s           2026-01-04T16:58:40
/opt/airflow/dags/refrence_setup.py                           1           0  0.12s           2026-01-04T16:58:40
================================================================================
[2026-01-04T16:59:17.978+0000] {manager.py:878} INFO - 
================================================================================
DAG File Processing Stats

File Path                            PID    Runtime      # DAGs    # Errors  Last Runtime    Last Run
-----------------------------------  -----  ---------  --------  ----------  --------------  -------------------
/opt/airflow/dags/weather_hourly.py                           1           0  0.12s           2026-01-04T16:59:10
/opt/airflow/dags/refrence_setup.py                           1           0  0.12s           2026-01-04T16:59:10
================================================================================
[2026-01-04T16:59:48.266+0000] {manager.py:878} INFO - 
================================================================================
DAG File Processing Stats

File Path                            PID    Runtime      # DAGs    # Errors  Last Runtime    Last Run
-----------------------------------  -----  ---------  --------  ----------  --------------  -------------------
/opt/airflow/dags/weather_hourly.py                           1           0  0.11s           2026-01-04T16:59:41
/opt/airflow/dags/refrence_setup.py                           1           0  0.11s           2026-01-04T16:59:41
================================================================================
[2026-01-04T17:00:18.545+0000] {manager.py:878} INFO - 
================================================================================
DAG File Processing Stats

File Path                            PID    Runtime      # DAGs    # Errors  Last Runtime    Last Run
-----------------------------------  -----  ---------  --------  ----------  --------------  -------------------
/opt/airflow/dags/weather_hourly.py                           1           0  0.11s           2026-01-04T17:00:11
/opt/airflow/dags/refrence_setup.py                           1           0  0.11s           2026-01-04T17:00:11
================================================================================
[2026-01-04T17:00:48.833+0000] {manager.py:878} INFO - 
================================================================================
DAG File Processing Stats

File Path                            PID    Runtime      # DAGs    # Errors  Last Runtime    Last Run
-----------------------------------  -----  ---------  --------  ----------  --------------  -------------------
/opt/airflow/dags/weather_hourly.py                           1           0  0.12s           2026-01-04T17:00:41
/opt/airflow/dags/refrence_setup.py                           1           0  0.11s           2026-01-04T17:00:41
================================================================================
[2026-01-04T17:01:19.125+0000] {manager.py:878} INFO - 
================================================================================
DAG File Processing Stats

File Path                            PID    Runtime      # DAGs    # Errors  Last Runtime    Last Run
-----------------------------------  -----  ---------  --------  ----------  --------------  -------------------
/opt/airflow/dags/weather_hourly.py                           1           0  0.12s           2026-01-04T17:01:12
/opt/airflow/dags/refrence_setup.py                           1           0  0.12s           2026-01-04T17:01:12
================================================================================
[2026-01-04T17:01:23.146+0000] {manager.py:737} INFO - Searching for files in /opt/airflow/dags
[2026-01-04T17:01:23.163+0000] {manager.py:740} INFO - There are 2 files in /opt/airflow/dags
[2026-01-04T17:01:49.451+0000] {manager.py:878} INFO - 
================================================================================
DAG File Processing Stats

File Path                            PID    Runtime      # DAGs    # Errors  Last Runtime    Last Run
-----------------------------------  -----  ---------  --------  ----------  --------------  -------------------
/opt/airflow/dags/refrence_setup.py                           1           0  0.13s           2026-01-04T17:01:42
/opt/airflow/dags/weather_hourly.py                           1           0  0.13s           2026-01-04T17:01:42
================================================================================
[2026-01-04T17:02:19.734+0000] {manager.py:878} INFO - 
================================================================================
DAG File Processing Stats

File Path                            PID    Runtime      # DAGs    # Errors  Last Runtime    Last Run
-----------------------------------  -----  ---------  --------  ----------  --------------  -------------------
/opt/airflow/dags/weather_hourly.py                           1           0  0.11s           2026-01-04T17:02:12
/opt/airflow/dags/refrence_setup.py                           1           0  0.11s           2026-01-04T17:02:12
================================================================================
[2026-01-04T17:02:50.034+0000] {manager.py:878} INFO - 
================================================================================
DAG File Processing Stats

File Path                            PID    Runtime      # DAGs    # Errors  Last Runtime    Last Run
-----------------------------------  -----  ---------  --------  ----------  --------------  -------------------
/opt/airflow/dags/weather_hourly.py                           1           0  0.12s           2026-01-04T17:02:42
/opt/airflow/dags/refrence_setup.py                           1           0  0.12s           2026-01-04T17:02:43
================================================================================
[2026-01-04T17:03:20.348+0000] {manager.py:878} INFO - 
================================================================================
DAG File Processing Stats

File Path                            PID    Runtime      # DAGs    # Errors  Last Runtime    Last Run
-----------------------------------  -----  ---------  --------  ----------  --------------  -------------------
/opt/airflow/dags/weather_hourly.py                           1           0  0.14s           2026-01-04T17:03:13
/opt/airflow/dags/refrence_setup.py                           1           0  0.13s           2026-01-04T17:03:13
================================================================================
[2026-01-04T17:03:50.556+0000] {manager.py:878} INFO - 
================================================================================
DAG File Processing Stats

File Path                            PID    Runtime      # DAGs    # Errors  Last Runtime    Last Run
-----------------------------------  -----  ---------  --------  ----------  --------------  -------------------
/opt/airflow/dags/weather_hourly.py                           1           0  0.14s           2026-01-04T17:03:43
/opt/airflow/dags/refrence_setup.py                           1           0  0.13s           2026-01-04T17:03:43
================================================================================
[2026-01-04T17:04:20.712+0000] {manager.py:878} INFO - 
================================================================================
DAG File Processing Stats

File Path                            PID    Runtime      # DAGs    # Errors  Last Runtime    Last Run
-----------------------------------  -----  ---------  --------  ----------  --------------  -------------------
/opt/airflow/dags/weather_hourly.py                           1           0  0.14s           2026-01-04T17:04:14
/opt/airflow/dags/refrence_setup.py                           1           0  0.13s           2026-01-04T17:04:14
================================================================================
[2026-01-04T17:04:51.087+0000] {manager.py:878} INFO - 
================================================================================
DAG File Processing Stats

File Path                            PID    Runtime      # DAGs    # Errors  Last Runtime    Last Run
-----------------------------------  -----  ---------  --------  ----------  --------------  -------------------
/opt/airflow/dags/weather_hourly.py                           1           0  0.15s           2026-01-04T17:04:45
/opt/airflow/dags/refrence_setup.py                           1           0  0.14s           2026-01-04T17:04:45
================================================================================
[2026-01-04T17:05:21.391+0000] {manager.py:878} INFO - 
================================================================================
DAG File Processing Stats

File Path                            PID    Runtime      # DAGs    # Errors  Last Runtime    Last Run
-----------------------------------  -----  ---------  --------  ----------  --------------  -------------------
/opt/airflow/dags/refrence_setup.py                           1           0  0.13s           2026-01-04T17:05:15
/opt/airflow/dags/weather_hourly.py                           1           0  0.13s           2026-01-04T17:05:15
================================================================================
[2026-01-04T17:05:51.711+0000] {manager.py:878} INFO - 
================================================================================
DAG File Processing Stats

File Path                            PID    Runtime      # DAGs    # Errors  Last Runtime    Last Run
-----------------------------------  -----  ---------  --------  ----------  --------------  -------------------
/opt/airflow/dags/weather_hourly.py                           1           0  0.15s           2026-01-04T17:05:45
/opt/airflow/dags/refrence_setup.py                           1           0  0.15s           2026-01-04T17:05:45
================================================================================
[2026-01-04T17:06:22.018+0000] {manager.py:878} INFO - 
================================================================================
DAG File Processing Stats

File Path                            PID    Runtime      # DAGs    # Errors  Last Runtime    Last Run
-----------------------------------  -----  ---------  --------  ----------  --------------  -------------------
/opt/airflow/dags/weather_hourly.py                           1           0  0.13s           2026-01-04T17:06:15
/opt/airflow/dags/refrence_setup.py                           1           0  0.12s           2026-01-04T17:06:15
================================================================================
[2026-01-04T17:06:24.030+0000] {manager.py:737} INFO - Searching for files in /opt/airflow/dags
[2026-01-04T17:06:24.068+0000] {manager.py:740} INFO - There are 2 files in /opt/airflow/dags
[2026-01-04T17:06:52.390+0000] {manager.py:878} INFO - 
================================================================================
DAG File Processing Stats

File Path                            PID    Runtime      # DAGs    # Errors  Last Runtime    Last Run
-----------------------------------  -----  ---------  --------  ----------  --------------  -------------------
/opt/airflow/dags/weather_hourly.py                           1           0  0.12s           2026-01-04T17:06:46
/opt/airflow/dags/refrence_setup.py                           1           0  0.12s           2026-01-04T17:06:46
================================================================================
[2026-01-04T17:07:22.696+0000] {manager.py:878} INFO - 
================================================================================
DAG File Processing Stats

File Path                            PID    Runtime      # DAGs    # Errors  Last Runtime    Last Run
-----------------------------------  -----  ---------  --------  ----------  --------------  -------------------
/opt/airflow/dags/refrence_setup.py                           1           0  0.14s           2026-01-04T17:07:16
/opt/airflow/dags/weather_hourly.py                           1           0  0.13s           2026-01-04T17:07:16
================================================================================
[2026-01-04T17:07:52.981+0000] {manager.py:878} INFO - 
================================================================================
DAG File Processing Stats

File Path                            PID    Runtime      # DAGs    # Errors  Last Runtime    Last Run
-----------------------------------  -----  ---------  --------  ----------  --------------  -------------------
/opt/airflow/dags/weather_hourly.py                           1           0  0.11s           2026-01-04T17:07:46
/opt/airflow/dags/refrence_setup.py                           1           0  0.11s           2026-01-04T17:07:46
================================================================================
[2026-01-04T17:08:23.267+0000] {manager.py:878} INFO - 
================================================================================
DAG File Processing Stats

File Path                            PID    Runtime      # DAGs    # Errors  Last Runtime    Last Run
-----------------------------------  -----  ---------  --------  ----------  --------------  -------------------
/opt/airflow/dags/weather_hourly.py                           1           0  0.12s           2026-01-04T17:08:17
/opt/airflow/dags/refrence_setup.py                           1           0  0.11s           2026-01-04T17:08:17
================================================================================
[2026-01-04T17:08:53.568+0000] {manager.py:878} INFO - 
================================================================================
DAG File Processing Stats

File Path                            PID    Runtime      # DAGs    # Errors  Last Runtime    Last Run
-----------------------------------  -----  ---------  --------  ----------  --------------  -------------------
/opt/airflow/dags/weather_hourly.py                           1           0  0.12s           2026-01-04T17:08:47
/opt/airflow/dags/refrence_setup.py                           1           0  0.12s           2026-01-04T17:08:47
================================================================================
[2026-01-04T17:09:23.892+0000] {manager.py:878} INFO - 
================================================================================
DAG File Processing Stats

File Path                            PID    Runtime      # DAGs    # Errors  Last Runtime    Last Run
-----------------------------------  -----  ---------  --------  ----------  --------------  -------------------
/opt/airflow/dags/weather_hourly.py                           1           0  0.14s           2026-01-04T17:09:17
/opt/airflow/dags/refrence_setup.py                           1           0  0.13s           2026-01-04T17:09:17
================================================================================
[2026-01-04T17:09:54.197+0000] {manager.py:878} INFO - 
================================================================================
DAG File Processing Stats

File Path                            PID    Runtime      # DAGs    # Errors  Last Runtime    Last Run
-----------------------------------  -----  ---------  --------  ----------  --------------  -------------------
/opt/airflow/dags/weather_hourly.py                           1           0  0.12s           2026-01-04T17:09:48
/opt/airflow/dags/refrence_setup.py                           1           0  0.12s           2026-01-04T17:09:48
================================================================================
[2026-01-04T17:10:24.481+0000] {manager.py:878} INFO - 
================================================================================
DAG File Processing Stats

File Path                            PID    Runtime      # DAGs    # Errors  Last Runtime    Last Run
-----------------------------------  -----  ---------  --------  ----------  --------------  -------------------
/opt/airflow/dags/weather_hourly.py                           1           0  0.11s           2026-01-04T17:10:18
/opt/airflow/dags/refrence_setup.py                           1           0  0.11s           2026-01-04T17:10:18
================================================================================
[2026-01-04T17:10:54.776+0000] {manager.py:878} INFO - 
================================================================================
DAG File Processing Stats

File Path                            PID    Runtime      # DAGs    # Errors  Last Runtime    Last Run
-----------------------------------  -----  ---------  --------  ----------  --------------  -------------------
/opt/airflow/dags/weather_hourly.py                           1           0  0.12s           2026-01-04T17:10:48
/opt/airflow/dags/refrence_setup.py                           1           0  0.12s           2026-01-04T17:10:48
================================================================================
[2026-01-04T17:11:24.072+0000] {manager.py:737} INFO - Searching for files in /opt/airflow/dags
[2026-01-04T17:11:24.103+0000] {manager.py:740} INFO - There are 2 files in /opt/airflow/dags
[2026-01-04T17:11:25.127+0000] {manager.py:878} INFO - 
================================================================================
DAG File Processing Stats

File Path                            PID    Runtime      # DAGs    # Errors  Last Runtime    Last Run
-----------------------------------  -----  ---------  --------  ----------  --------------  -------------------
/opt/airflow/dags/weather_hourly.py                           1           0  0.11s           2026-01-04T17:11:19
/opt/airflow/dags/refrence_setup.py                           1           0  0.11s           2026-01-04T17:11:19
================================================================================
[2026-01-04T17:11:55.423+0000] {manager.py:878} INFO - 
================================================================================
DAG File Processing Stats

File Path                            PID    Runtime      # DAGs    # Errors  Last Runtime    Last Run
-----------------------------------  -----  ---------  --------  ----------  --------------  -------------------
/opt/airflow/dags/weather_hourly.py                           1           0  0.11s           2026-01-04T17:11:49
/opt/airflow/dags/refrence_setup.py                           1           0  0.11s           2026-01-04T17:11:49
================================================================================
[2026-01-04T17:12:25.724+0000] {manager.py:878} INFO - 
================================================================================
DAG File Processing Stats

File Path                            PID    Runtime      # DAGs    # Errors  Last Runtime    Last Run
-----------------------------------  -----  ---------  --------  ----------  --------------  -------------------
/opt/airflow/dags/weather_hourly.py                           1           0  0.13s           2026-01-04T17:12:19
/opt/airflow/dags/refrence_setup.py                           1           0  0.13s           2026-01-04T17:12:19
================================================================================
[2026-01-04T17:12:56.034+0000] {manager.py:878} INFO - 
================================================================================
DAG File Processing Stats

File Path                            PID    Runtime      # DAGs    # Errors  Last Runtime    Last Run
-----------------------------------  -----  ---------  --------  ----------  --------------  -------------------
/opt/airflow/dags/weather_hourly.py                           1           0  0.13s           2026-01-04T17:12:49
/opt/airflow/dags/refrence_setup.py                           1           0  0.12s           2026-01-04T17:12:50
================================================================================
[2026-01-04T17:13:26.339+0000] {manager.py:878} INFO - 
================================================================================
DAG File Processing Stats

File Path                            PID    Runtime      # DAGs    # Errors  Last Runtime    Last Run
-----------------------------------  -----  ---------  --------  ----------  --------------  -------------------
/opt/airflow/dags/weather_hourly.py                           1           0  0.12s           2026-01-04T17:13:20
/opt/airflow/dags/refrence_setup.py                           1           0  0.12s           2026-01-04T17:13:20
================================================================================
[2026-01-04T17:13:56.617+0000] {manager.py:878} INFO - 
================================================================================
DAG File Processing Stats

File Path                            PID    Runtime      # DAGs    # Errors  Last Runtime    Last Run
-----------------------------------  -----  ---------  --------  ----------  --------------  -------------------
/opt/airflow/dags/weather_hourly.py                           1           0  0.11s           2026-01-04T17:13:50
/opt/airflow/dags/refrence_setup.py                           1           0  0.11s           2026-01-04T17:13:50
================================================================================
[2026-01-04T17:14:26.919+0000] {manager.py:878} INFO - 
================================================================================
DAG File Processing Stats

File Path                            PID    Runtime      # DAGs    # Errors  Last Runtime    Last Run
-----------------------------------  -----  ---------  --------  ----------  --------------  -------------------
/opt/airflow/dags/weather_hourly.py                           1           0  0.11s           2026-01-04T17:14:20
/opt/airflow/dags/refrence_setup.py                           1           0  0.11s           2026-01-04T17:14:20
================================================================================
[2026-01-04T17:14:57.217+0000] {manager.py:878} INFO - 
================================================================================
DAG File Processing Stats

File Path                            PID    Runtime      # DAGs    # Errors  Last Runtime    Last Run
-----------------------------------  -----  ---------  --------  ----------  --------------  -------------------
/opt/airflow/dags/weather_hourly.py                           1           0  0.12s           2026-01-04T17:14:51
/opt/airflow/dags/refrence_setup.py                           1           0  0.11s           2026-01-04T17:14:51
================================================================================
[2026-01-04T17:15:27.548+0000] {manager.py:878} INFO - 
================================================================================
DAG File Processing Stats

File Path                            PID    Runtime      # DAGs    # Errors  Last Runtime    Last Run
-----------------------------------  -----  ---------  --------  ----------  --------------  -------------------
/opt/airflow/dags/weather_hourly.py                           1           0  0.15s           2026-01-04T17:15:21
/opt/airflow/dags/refrence_setup.py                           1           0  0.14s           2026-01-04T17:15:21
================================================================================
[2026-01-04T17:15:57.851+0000] {manager.py:878} INFO - 
================================================================================
DAG File Processing Stats

File Path                            PID    Runtime      # DAGs    # Errors  Last Runtime    Last Run
-----------------------------------  -----  ---------  --------  ----------  --------------  -------------------
/opt/airflow/dags/weather_hourly.py                           1           0  0.12s           2026-01-04T17:15:51
/opt/airflow/dags/refrence_setup.py                           1           0  0.12s           2026-01-04T17:15:51
================================================================================
[2026-01-04T17:16:24.128+0000] {manager.py:737} INFO - Searching for files in /opt/airflow/dags
[2026-01-04T17:16:24.149+0000] {manager.py:740} INFO - There are 2 files in /opt/airflow/dags
[2026-01-04T17:16:28.184+0000] {manager.py:878} INFO - 
================================================================================
DAG File Processing Stats

File Path                            PID    Runtime      # DAGs    # Errors  Last Runtime    Last Run
-----------------------------------  -----  ---------  --------  ----------  --------------  -------------------
/opt/airflow/dags/weather_hourly.py                           1           0  0.11s           2026-01-04T17:16:22
/opt/airflow/dags/refrence_setup.py                           1           0  0.11s           2026-01-04T17:16:22
================================================================================
[2026-01-04T17:16:58.504+0000] {manager.py:878} INFO - 
================================================================================
DAG File Processing Stats

File Path                            PID    Runtime      # DAGs    # Errors  Last Runtime    Last Run
-----------------------------------  -----  ---------  --------  ----------  --------------  -------------------
/opt/airflow/dags/weather_hourly.py                           1           0  0.13s           2026-01-04T17:16:52
/opt/airflow/dags/refrence_setup.py                           1           0  0.13s           2026-01-04T17:16:52
================================================================================
[2026-01-04T17:17:28.825+0000] {manager.py:878} INFO - 
================================================================================
DAG File Processing Stats

File Path                            PID    Runtime      # DAGs    # Errors  Last Runtime    Last Run
-----------------------------------  -----  ---------  --------  ----------  --------------  -------------------
/opt/airflow/dags/weather_hourly.py                           1           0  0.12s           2026-01-04T17:17:22
/opt/airflow/dags/refrence_setup.py                           1           0  0.12s           2026-01-04T17:17:22
================================================================================
[2026-01-04T17:17:59.124+0000] {manager.py:878} INFO - 
================================================================================
DAG File Processing Stats

File Path                            PID    Runtime      # DAGs    # Errors  Last Runtime    Last Run
-----------------------------------  -----  ---------  --------  ----------  --------------  -------------------
/opt/airflow/dags/weather_hourly.py                           1           0  0.11s           2026-01-04T17:17:53
/opt/airflow/dags/refrence_setup.py                           1           0  0.11s           2026-01-04T17:17:53
================================================================================
[2026-01-04T17:18:29.429+0000] {manager.py:878} INFO - 
================================================================================
DAG File Processing Stats

File Path                            PID    Runtime      # DAGs    # Errors  Last Runtime    Last Run
-----------------------------------  -----  ---------  --------  ----------  --------------  -------------------
/opt/airflow/dags/weather_hourly.py                           1           0  0.12s           2026-01-04T17:18:23
/opt/airflow/dags/refrence_setup.py                           1           0  0.11s           2026-01-04T17:18:23
================================================================================
[2026-01-04T17:18:59.645+0000] {manager.py:878} INFO - 
================================================================================
DAG File Processing Stats

File Path                            PID    Runtime      # DAGs    # Errors  Last Runtime    Last Run
-----------------------------------  -----  ---------  --------  ----------  --------------  -------------------
/opt/airflow/dags/weather_hourly.py                           1           0  0.14s           2026-01-04T17:18:53
/opt/airflow/dags/refrence_setup.py                           1           0  0.13s           2026-01-04T17:18:53
================================================================================
[2026-01-04T17:19:29.941+0000] {manager.py:878} INFO - 
================================================================================
DAG File Processing Stats

File Path                            PID    Runtime      # DAGs    # Errors  Last Runtime    Last Run
-----------------------------------  -----  ---------  --------  ----------  --------------  -------------------
/opt/airflow/dags/weather_hourly.py                           1           0  0.12s           2026-01-04T17:19:23
/opt/airflow/dags/refrence_setup.py                           1           0  0.12s           2026-01-04T17:19:23
================================================================================
[2026-01-04T17:20:00.280+0000] {manager.py:878} INFO - 
================================================================================
DAG File Processing Stats

File Path                            PID    Runtime      # DAGs    # Errors  Last Runtime    Last Run
-----------------------------------  -----  ---------  --------  ----------  --------------  -------------------
/opt/airflow/dags/weather_hourly.py                           1           0  0.13s           2026-01-04T17:19:54
/opt/airflow/dags/refrence_setup.py                           1           0  0.13s           2026-01-04T17:19:54
================================================================================
[2026-01-04T17:20:30.578+0000] {manager.py:878} INFO - 
================================================================================
DAG File Processing Stats

File Path                            PID    Runtime      # DAGs    # Errors  Last Runtime    Last Run
-----------------------------------  -----  ---------  --------  ----------  --------------  -------------------
/opt/airflow/dags/weather_hourly.py                           1           0  0.11s           2026-01-04T17:20:24
/opt/airflow/dags/refrence_setup.py                           1           0  0.10s           2026-01-04T17:20:24
================================================================================
[2026-01-04T17:21:00.880+0000] {manager.py:878} INFO - 
================================================================================
DAG File Processing Stats

File Path                            PID    Runtime      # DAGs    # Errors  Last Runtime    Last Run
-----------------------------------  -----  ---------  --------  ----------  --------------  -------------------
/opt/airflow/dags/weather_hourly.py                           1           0  0.11s           2026-01-04T17:20:54
/opt/airflow/dags/refrence_setup.py                           1           0  0.11s           2026-01-04T17:20:54
================================================================================
[2026-01-04T17:21:25.019+0000] {manager.py:737} INFO - Searching for files in /opt/airflow/dags
[2026-01-04T17:21:25.039+0000] {manager.py:740} INFO - There are 2 files in /opt/airflow/dags
[2026-01-04T17:21:31.206+0000] {manager.py:878} INFO - 
================================================================================
DAG File Processing Stats

File Path                            PID    Runtime      # DAGs    # Errors  Last Runtime    Last Run
-----------------------------------  -----  ---------  --------  ----------  --------------  -------------------
/opt/airflow/dags/weather_hourly.py                           1           0  0.11s           2026-01-04T17:21:25
/opt/airflow/dags/refrence_setup.py                           1           0  0.11s           2026-01-04T17:21:25
================================================================================
[2026-01-04T17:22:01.511+0000] {manager.py:878} INFO - 
================================================================================
DAG File Processing Stats

File Path                            PID    Runtime      # DAGs    # Errors  Last Runtime    Last Run
-----------------------------------  -----  ---------  --------  ----------  --------------  -------------------
/opt/airflow/dags/weather_hourly.py                           1           0  0.11s           2026-01-04T17:21:55
/opt/airflow/dags/refrence_setup.py                           1           0  0.11s           2026-01-04T17:21:55
================================================================================
[2026-01-04T17:22:31.819+0000] {manager.py:878} INFO - 
================================================================================
DAG File Processing Stats

File Path                            PID    Runtime      # DAGs    # Errors  Last Runtime    Last Run
-----------------------------------  -----  ---------  --------  ----------  --------------  -------------------
/opt/airflow/dags/weather_hourly.py                           1           0  0.11s           2026-01-04T17:22:25
/opt/airflow/dags/refrence_setup.py                           1           0  0.11s           2026-01-04T17:22:25
================================================================================
[2026-01-04T17:23:02.115+0000] {manager.py:878} INFO - 
================================================================================
DAG File Processing Stats

File Path                            PID    Runtime      # DAGs    # Errors  Last Runtime    Last Run
-----------------------------------  -----  ---------  --------  ----------  --------------  -------------------
/opt/airflow/dags/weather_hourly.py                           1           0  0.10s           2026-01-04T17:22:56
/opt/airflow/dags/refrence_setup.py                           1           0  0.10s           2026-01-04T17:22:56
================================================================================
[2026-01-04T17:23:32.428+0000] {manager.py:878} INFO - 
================================================================================
DAG File Processing Stats

File Path                            PID    Runtime      # DAGs    # Errors  Last Runtime    Last Run
-----------------------------------  -----  ---------  --------  ----------  --------------  -------------------
/opt/airflow/dags/weather_hourly.py                           1           0  0.12s           2026-01-04T17:23:26
/opt/airflow/dags/refrence_setup.py                           1           0  0.11s           2026-01-04T17:23:26
================================================================================
[2026-01-04T17:24:02.738+0000] {manager.py:878} INFO - 
================================================================================
DAG File Processing Stats

File Path                            PID    Runtime      # DAGs    # Errors  Last Runtime    Last Run
-----------------------------------  -----  ---------  --------  ----------  --------------  -------------------
/opt/airflow/dags/weather_hourly.py                           1           0  0.12s           2026-01-04T17:23:56
/opt/airflow/dags/refrence_setup.py                           1           0  0.11s           2026-01-04T17:23:56
================================================================================
[2026-01-04T17:24:33.037+0000] {manager.py:878} INFO - 
================================================================================
DAG File Processing Stats

File Path                            PID    Runtime      # DAGs    # Errors  Last Runtime    Last Run
-----------------------------------  -----  ---------  --------  ----------  --------------  -------------------
/opt/airflow/dags/weather_hourly.py                           1           0  0.11s           2026-01-04T17:24:26
/opt/airflow/dags/refrence_setup.py                           1           0  0.11s           2026-01-04T17:24:27
================================================================================
[2026-01-04T17:25:03.335+0000] {manager.py:878} INFO - 
================================================================================
DAG File Processing Stats

File Path                            PID    Runtime      # DAGs    # Errors  Last Runtime    Last Run
-----------------------------------  -----  ---------  --------  ----------  --------------  -------------------
/opt/airflow/dags/weather_hourly.py                           1           0  0.11s           2026-01-04T17:24:57
/opt/airflow/dags/refrence_setup.py                           1           0  0.10s           2026-01-04T17:24:57
================================================================================
[2026-01-04T17:25:33.644+0000] {manager.py:878} INFO - 
================================================================================
DAG File Processing Stats

File Path                            PID    Runtime      # DAGs    # Errors  Last Runtime    Last Run
-----------------------------------  -----  ---------  --------  ----------  --------------  -------------------
/opt/airflow/dags/weather_hourly.py                           1           0  0.12s           2026-01-04T17:25:27
/opt/airflow/dags/refrence_setup.py                           1           0  0.11s           2026-01-04T17:25:27
================================================================================
[2026-01-04T17:26:03.946+0000] {manager.py:878} INFO - 
================================================================================
DAG File Processing Stats

File Path                            PID    Runtime      # DAGs    # Errors  Last Runtime    Last Run
-----------------------------------  -----  ---------  --------  ----------  --------------  -------------------
/opt/airflow/dags/weather_hourly.py                           1           0  0.11s           2026-01-04T17:25:57
/opt/airflow/dags/refrence_setup.py                           1           0  0.10s           2026-01-04T17:25:57
================================================================================
[2026-01-04T17:26:25.074+0000] {manager.py:737} INFO - Searching for files in /opt/airflow/dags
[2026-01-04T17:26:25.098+0000] {manager.py:740} INFO - There are 2 files in /opt/airflow/dags
[2026-01-04T17:26:34.280+0000] {manager.py:878} INFO - 
================================================================================
DAG File Processing Stats

File Path                            PID    Runtime      # DAGs    # Errors  Last Runtime    Last Run
-----------------------------------  -----  ---------  --------  ----------  --------------  -------------------
/opt/airflow/dags/weather_hourly.py                           1           0  0.11s           2026-01-04T17:26:28
/opt/airflow/dags/refrence_setup.py                           1           0  0.11s           2026-01-04T17:26:28
================================================================================
[2026-01-04T17:27:04.585+0000] {manager.py:878} INFO - 
================================================================================
DAG File Processing Stats

File Path                            PID    Runtime      # DAGs    # Errors  Last Runtime    Last Run
-----------------------------------  -----  ---------  --------  ----------  --------------  -------------------
/opt/airflow/dags/weather_hourly.py                           1           0  0.11s           2026-01-04T17:26:58
/opt/airflow/dags/refrence_setup.py                           1           0  0.10s           2026-01-04T17:26:58
================================================================================
[2026-01-04T17:27:34.797+0000] {manager.py:878} INFO - 
================================================================================
DAG File Processing Stats

File Path                            PID    Runtime      # DAGs    # Errors  Last Runtime    Last Run
-----------------------------------  -----  ---------  --------  ----------  --------------  -------------------
/opt/airflow/dags/weather_hourly.py                           1           0  0.12s           2026-01-04T17:27:28
/opt/airflow/dags/refrence_setup.py                           1           0  0.10s           2026-01-04T17:27:28
================================================================================
[2026-01-04T17:28:05.101+0000] {manager.py:878} INFO - 
================================================================================
DAG File Processing Stats

File Path                            PID    Runtime      # DAGs    # Errors  Last Runtime    Last Run
-----------------------------------  -----  ---------  --------  ----------  --------------  -------------------
/opt/airflow/dags/refrence_setup.py                           1           0  0.12s           2026-01-04T17:27:59
/opt/airflow/dags/weather_hourly.py                           1           0  0.12s           2026-01-04T17:27:59
================================================================================
[2026-01-04T17:28:35.393+0000] {manager.py:878} INFO - 
================================================================================
DAG File Processing Stats

File Path                            PID    Runtime      # DAGs    # Errors  Last Runtime    Last Run
-----------------------------------  -----  ---------  --------  ----------  --------------  -------------------
/opt/airflow/dags/refrence_setup.py                           1           0  0.11s           2026-01-04T17:28:29
/opt/airflow/dags/weather_hourly.py                           1           0  0.11s           2026-01-04T17:28:29
================================================================================
[2026-01-04T17:29:05.692+0000] {manager.py:878} INFO - 
================================================================================
DAG File Processing Stats

File Path                            PID    Runtime      # DAGs    # Errors  Last Runtime    Last Run
-----------------------------------  -----  ---------  --------  ----------  --------------  -------------------
/opt/airflow/dags/weather_hourly.py                           1           0  0.11s           2026-01-04T17:28:59
/opt/airflow/dags/refrence_setup.py                           1           0  0.10s           2026-01-04T17:28:59
================================================================================
[2026-01-04T17:29:35.981+0000] {manager.py:878} INFO - 
================================================================================
DAG File Processing Stats

File Path                            PID    Runtime      # DAGs    # Errors  Last Runtime    Last Run
-----------------------------------  -----  ---------  --------  ----------  --------------  -------------------
/opt/airflow/dags/weather_hourly.py                           1           0  0.11s           2026-01-04T17:29:29
/opt/airflow/dags/refrence_setup.py                           1           0  0.11s           2026-01-04T17:29:29
================================================================================
[2026-01-04T17:30:06.287+0000] {manager.py:878} INFO - 
================================================================================
DAG File Processing Stats

File Path                            PID    Runtime      # DAGs    # Errors  Last Runtime    Last Run
-----------------------------------  -----  ---------  --------  ----------  --------------  -------------------
/opt/airflow/dags/weather_hourly.py                           1           0  0.11s           2026-01-04T17:30:00
/opt/airflow/dags/refrence_setup.py                           1           0  0.11s           2026-01-04T17:30:00
================================================================================
[2026-01-04T17:30:36.596+0000] {manager.py:878} INFO - 
================================================================================
DAG File Processing Stats

File Path                            PID    Runtime      # DAGs    # Errors  Last Runtime    Last Run
-----------------------------------  -----  ---------  --------  ----------  --------------  -------------------
/opt/airflow/dags/weather_hourly.py                           1           0  0.11s           2026-01-04T17:30:30
/opt/airflow/dags/refrence_setup.py                           1           0  0.11s           2026-01-04T17:30:30
================================================================================
[2026-01-04T17:31:06.907+0000] {manager.py:878} INFO - 
================================================================================
DAG File Processing Stats

File Path                            PID    Runtime      # DAGs    # Errors  Last Runtime    Last Run
-----------------------------------  -----  ---------  --------  ----------  --------------  -------------------
/opt/airflow/dags/weather_hourly.py                           1           0  0.11s           2026-01-04T17:31:00
/opt/airflow/dags/refrence_setup.py                           1           0  0.11s           2026-01-04T17:31:00
================================================================================
[2026-01-04T17:31:26.028+0000] {manager.py:737} INFO - Searching for files in /opt/airflow/dags
[2026-01-04T17:31:26.048+0000] {manager.py:740} INFO - There are 2 files in /opt/airflow/dags
[2026-01-04T17:31:37.244+0000] {manager.py:878} INFO - 
================================================================================
DAG File Processing Stats

File Path                            PID    Runtime      # DAGs    # Errors  Last Runtime    Last Run
-----------------------------------  -----  ---------  --------  ----------  --------------  -------------------
/opt/airflow/dags/weather_hourly.py                           1           0  0.11s           2026-01-04T17:31:31
/opt/airflow/dags/refrence_setup.py                           1           0  0.11s           2026-01-04T17:31:31
================================================================================
[2026-01-04T17:32:07.562+0000] {manager.py:878} INFO - 
================================================================================
DAG File Processing Stats

File Path                            PID    Runtime      # DAGs    # Errors  Last Runtime    Last Run
-----------------------------------  -----  ---------  --------  ----------  --------------  -------------------
/opt/airflow/dags/weather_hourly.py                           1           0  0.11s           2026-01-04T17:32:01
/opt/airflow/dags/refrence_setup.py                           1           0  0.11s           2026-01-04T17:32:01
================================================================================
[2026-01-04T17:32:37.870+0000] {manager.py:878} INFO - 
================================================================================
DAG File Processing Stats

File Path                            PID    Runtime      # DAGs    # Errors  Last Runtime    Last Run
-----------------------------------  -----  ---------  --------  ----------  --------------  -------------------
/opt/airflow/dags/refrence_setup.py                           1           0  0.11s           2026-01-04T17:32:31
/opt/airflow/dags/weather_hourly.py                           1           0  0.11s           2026-01-04T17:32:31
================================================================================
[2026-01-04T17:33:08.170+0000] {manager.py:878} INFO - 
================================================================================
DAG File Processing Stats

File Path                            PID    Runtime      # DAGs    # Errors  Last Runtime    Last Run
-----------------------------------  -----  ---------  --------  ----------  --------------  -------------------
/opt/airflow/dags/weather_hourly.py                           1           0  0.11s           2026-01-04T17:33:02
/opt/airflow/dags/refrence_setup.py                           1           0  0.10s           2026-01-04T17:33:02
================================================================================
[2026-01-04T17:33:38.511+0000] {manager.py:878} INFO - 
================================================================================
DAG File Processing Stats

File Path                            PID    Runtime      # DAGs    # Errors  Last Runtime    Last Run
-----------------------------------  -----  ---------  --------  ----------  --------------  -------------------
/opt/airflow/dags/weather_hourly.py                           1           0  0.15s           2026-01-04T17:33:32
/opt/airflow/dags/refrence_setup.py                           1           0  0.14s           2026-01-04T17:33:32
================================================================================
[2026-01-04T17:34:08.813+0000] {manager.py:878} INFO - 
================================================================================
DAG File Processing Stats

File Path                            PID    Runtime      # DAGs    # Errors  Last Runtime    Last Run
-----------------------------------  -----  ---------  --------  ----------  --------------  -------------------
/opt/airflow/dags/refrence_setup.py                           1           0  0.12s           2026-01-04T17:34:02
/opt/airflow/dags/weather_hourly.py                           1           0  0.12s           2026-01-04T17:34:02
================================================================================
[2026-01-04T17:34:39.122+0000] {manager.py:878} INFO - 
================================================================================
DAG File Processing Stats

File Path                            PID    Runtime      # DAGs    # Errors  Last Runtime    Last Run
-----------------------------------  -----  ---------  --------  ----------  --------------  -------------------
/opt/airflow/dags/weather_hourly.py                           1           0  0.11s           2026-01-04T17:34:33
/opt/airflow/dags/refrence_setup.py                           1           0  0.11s           2026-01-04T17:34:33
================================================================================
[2026-01-04T17:35:09.423+0000] {manager.py:878} INFO - 
================================================================================
DAG File Processing Stats

File Path                            PID    Runtime      # DAGs    # Errors  Last Runtime    Last Run
-----------------------------------  -----  ---------  --------  ----------  --------------  -------------------
/opt/airflow/dags/weather_hourly.py                           1           0  0.11s           2026-01-04T17:35:03
/opt/airflow/dags/refrence_setup.py                           1           0  0.11s           2026-01-04T17:35:03
================================================================================
[2026-01-04T17:35:39.727+0000] {manager.py:878} INFO - 
================================================================================
DAG File Processing Stats

File Path                            PID    Runtime      # DAGs    # Errors  Last Runtime    Last Run
-----------------------------------  -----  ---------  --------  ----------  --------------  -------------------
/opt/airflow/dags/refrence_setup.py                           1           0  0.12s           2026-01-04T17:35:33
/opt/airflow/dags/weather_hourly.py                           1           0  0.12s           2026-01-04T17:35:33
================================================================================
[2026-01-04T17:36:10.025+0000] {manager.py:878} INFO - 
================================================================================
DAG File Processing Stats

File Path                            PID    Runtime      # DAGs    # Errors  Last Runtime    Last Run
-----------------------------------  -----  ---------  --------  ----------  --------------  -------------------
/opt/airflow/dags/refrence_setup.py                           1           0  0.11s           2026-01-04T17:36:03
/opt/airflow/dags/weather_hourly.py                           1           0  0.11s           2026-01-04T17:36:03
================================================================================
[2026-01-04T17:36:26.120+0000] {manager.py:737} INFO - Searching for files in /opt/airflow/dags
[2026-01-04T17:36:26.142+0000] {manager.py:740} INFO - There are 2 files in /opt/airflow/dags
[2026-01-04T17:36:40.361+0000] {manager.py:878} INFO - 
================================================================================
DAG File Processing Stats

File Path                            PID    Runtime      # DAGs    # Errors  Last Runtime    Last Run
-----------------------------------  -----  ---------  --------  ----------  --------------  -------------------
/opt/airflow/dags/weather_hourly.py                           1           0  0.12s           2026-01-04T17:36:34
/opt/airflow/dags/refrence_setup.py                           1           0  0.11s           2026-01-04T17:36:34
================================================================================
[2026-01-04T17:37:10.564+0000] {manager.py:878} INFO - 
================================================================================
DAG File Processing Stats

File Path                            PID    Runtime      # DAGs    # Errors  Last Runtime    Last Run
-----------------------------------  -----  ---------  --------  ----------  --------------  -------------------
/opt/airflow/dags/weather_hourly.py                           1           0  0.12s           2026-01-04T17:37:04
/opt/airflow/dags/refrence_setup.py                           1           0  0.11s           2026-01-04T17:37:04
================================================================================
[2026-01-04T17:37:40.875+0000] {manager.py:878} INFO - 
================================================================================
DAG File Processing Stats

File Path                            PID    Runtime      # DAGs    # Errors  Last Runtime    Last Run
-----------------------------------  -----  ---------  --------  ----------  --------------  -------------------
/opt/airflow/dags/weather_hourly.py                           1           0  0.12s           2026-01-04T17:37:34
/opt/airflow/dags/refrence_setup.py                           1           0  0.12s           2026-01-04T17:37:34
================================================================================
[2026-01-04T17:38:11.177+0000] {manager.py:878} INFO - 
================================================================================
DAG File Processing Stats

File Path                            PID    Runtime      # DAGs    # Errors  Last Runtime    Last Run
-----------------------------------  -----  ---------  --------  ----------  --------------  -------------------
/opt/airflow/dags/weather_hourly.py                           1           0  0.12s           2026-01-04T17:38:05
/opt/airflow/dags/refrence_setup.py                           1           0  0.11s           2026-01-04T17:38:05
================================================================================
[2026-01-04T17:38:41.494+0000] {manager.py:878} INFO - 
================================================================================
DAG File Processing Stats

File Path                            PID    Runtime      # DAGs    # Errors  Last Runtime    Last Run
-----------------------------------  -----  ---------  --------  ----------  --------------  -------------------
/opt/airflow/dags/weather_hourly.py                           1           0  0.13s           2026-01-04T17:38:35
/opt/airflow/dags/refrence_setup.py                           1           0  0.12s           2026-01-04T17:38:35
================================================================================
[2026-01-04T17:39:11.799+0000] {manager.py:878} INFO - 
================================================================================
DAG File Processing Stats

File Path                            PID    Runtime      # DAGs    # Errors  Last Runtime    Last Run
-----------------------------------  -----  ---------  --------  ----------  --------------  -------------------
/opt/airflow/dags/weather_hourly.py                           1           0  0.12s           2026-01-04T17:39:05
/opt/airflow/dags/refrence_setup.py                           1           0  0.11s           2026-01-04T17:39:05
================================================================================
[2026-01-04T17:39:42.098+0000] {manager.py:878} INFO - 
================================================================================
DAG File Processing Stats

File Path                            PID    Runtime      # DAGs    # Errors  Last Runtime    Last Run
-----------------------------------  -----  ---------  --------  ----------  --------------  -------------------
/opt/airflow/dags/weather_hourly.py                           1           0  0.11s           2026-01-04T17:39:36
/opt/airflow/dags/refrence_setup.py                           1           0  0.11s           2026-01-04T17:39:36
================================================================================
[2026-01-04T17:40:12.406+0000] {manager.py:878} INFO - 
================================================================================
DAG File Processing Stats

File Path                            PID    Runtime      # DAGs    # Errors  Last Runtime    Last Run
-----------------------------------  -----  ---------  --------  ----------  --------------  -------------------
/opt/airflow/dags/weather_hourly.py                           1           0  0.12s           2026-01-04T17:40:06
/opt/airflow/dags/refrence_setup.py                           1           0  0.11s           2026-01-04T17:40:06
================================================================================
[2026-01-04T17:40:42.698+0000] {manager.py:878} INFO - 
================================================================================
DAG File Processing Stats

File Path                            PID    Runtime      # DAGs    # Errors  Last Runtime    Last Run
-----------------------------------  -----  ---------  --------  ----------  --------------  -------------------
/opt/airflow/dags/weather_hourly.py                           1           0  0.11s           2026-01-04T17:40:36
/opt/airflow/dags/refrence_setup.py                           1           0  0.11s           2026-01-04T17:40:36
================================================================================
[2026-01-04T17:41:13.013+0000] {manager.py:878} INFO - 
================================================================================
DAG File Processing Stats

File Path                            PID    Runtime      # DAGs    # Errors  Last Runtime    Last Run
-----------------------------------  -----  ---------  --------  ----------  --------------  -------------------
/opt/airflow/dags/weather_hourly.py                           1           0  0.13s           2026-01-04T17:41:06
/opt/airflow/dags/refrence_setup.py                           1           0  0.13s           2026-01-04T17:41:06
================================================================================
[2026-01-04T17:41:27.090+0000] {manager.py:737} INFO - Searching for files in /opt/airflow/dags
