[2025-12-29T01:40:10.496+0000] {processor.py:161} INFO - Started process (PID=192) to work on /opt/airflow/dags/refrence_setup.py
[2025-12-29T01:40:10.497+0000] {processor.py:830} INFO - Processing file /opt/airflow/dags/refrence_setup.py for tasks to queue
[2025-12-29T01:40:10.499+0000] {logging_mixin.py:188} INFO - [2025-12-29T01:40:10.499+0000] {dagbag.py:545} INFO - Filling up the DagBag from /opt/airflow/dags/refrence_setup.py
[2025-12-29T01:40:10.526+0000] {logging_mixin.py:188} INFO - [2025-12-29T01:40:10.521+0000] {dagbag.py:355} ERROR - Failed to import: /opt/airflow/dags/refrence_setup.py
Traceback (most recent call last):
  File "/home/airflow/.local/lib/python3.11/site-packages/airflow/models/dagbag.py", line 351, in parse
    loader.exec_module(new_module)
  File "<frozen importlib._bootstrap_external>", line 940, in exec_module
  File "<frozen importlib._bootstrap>", line 241, in _call_with_frames_removed
  File "/opt/airflow/dags/refrence_setup.py", line 68, in <module>
    dbt_reference_models = dbt_run_task(
                           ^^^^^^^^^^^^^
  File "/opt/airflow/dags/refrence_setup.py", line 41, in dbt_run_task
    return DockerOperator(
           ^^^^^^^^^^^^^^^
  File "/home/airflow/.local/lib/python3.11/site-packages/airflow/models/baseoperator.py", line 485, in apply_defaults
    result = func(self, **kwargs, default_args=default_args)
             ^^^^^^^^^^^^^^^^^^^^^^^^^^^^^^^^^^^^^^^^^^^^^^^
  File "/home/airflow/.local/lib/python3.11/site-packages/airflow/providers/docker/operators/docker.py", line 273, in __init__
    super().__init__(**kwargs)
  File "/home/airflow/.local/lib/python3.11/site-packages/airflow/models/baseoperator.py", line 485, in apply_defaults
    result = func(self, **kwargs, default_args=default_args)
             ^^^^^^^^^^^^^^^^^^^^^^^^^^^^^^^^^^^^^^^^^^^^^^^
  File "/home/airflow/.local/lib/python3.11/site-packages/airflow/models/baseoperator.py", line 882, in __init__
    raise AirflowException(
airflow.exceptions.AirflowException: Invalid arguments were passed to DockerOperator (task_id: dbt_reference_models). Invalid arguments were:
**kwargs: {'volumes': ['C:/Users/uzair/Documents/GitHub/Enpal/dbt/dbt_project:/dbt']}
[2025-12-29T01:40:10.527+0000] {processor.py:842} WARNING - No viable dags retrieved from /opt/airflow/dags/refrence_setup.py
[2025-12-29T01:40:10.545+0000] {processor.py:183} INFO - Processing /opt/airflow/dags/refrence_setup.py took 0.055 seconds
[2025-12-29T01:40:40.883+0000] {processor.py:161} INFO - Started process (PID=202) to work on /opt/airflow/dags/refrence_setup.py
[2025-12-29T01:40:40.884+0000] {processor.py:830} INFO - Processing file /opt/airflow/dags/refrence_setup.py for tasks to queue
[2025-12-29T01:40:40.885+0000] {logging_mixin.py:188} INFO - [2025-12-29T01:40:40.885+0000] {dagbag.py:545} INFO - Filling up the DagBag from /opt/airflow/dags/refrence_setup.py
[2025-12-29T01:40:40.906+0000] {logging_mixin.py:188} INFO - [2025-12-29T01:40:40.900+0000] {dagbag.py:355} ERROR - Failed to import: /opt/airflow/dags/refrence_setup.py
Traceback (most recent call last):
  File "/home/airflow/.local/lib/python3.11/site-packages/airflow/models/dagbag.py", line 351, in parse
    loader.exec_module(new_module)
  File "<frozen importlib._bootstrap_external>", line 940, in exec_module
  File "<frozen importlib._bootstrap>", line 241, in _call_with_frames_removed
  File "/opt/airflow/dags/refrence_setup.py", line 68, in <module>
    dbt_reference_models = dbt_run_task(
                           ^^^^^^^^^^^^^
  File "/opt/airflow/dags/refrence_setup.py", line 41, in dbt_run_task
    return DockerOperator(
           ^^^^^^^^^^^^^^^
  File "/home/airflow/.local/lib/python3.11/site-packages/airflow/models/baseoperator.py", line 485, in apply_defaults
    result = func(self, **kwargs, default_args=default_args)
             ^^^^^^^^^^^^^^^^^^^^^^^^^^^^^^^^^^^^^^^^^^^^^^^
  File "/home/airflow/.local/lib/python3.11/site-packages/airflow/providers/docker/operators/docker.py", line 273, in __init__
    super().__init__(**kwargs)
  File "/home/airflow/.local/lib/python3.11/site-packages/airflow/models/baseoperator.py", line 485, in apply_defaults
    result = func(self, **kwargs, default_args=default_args)
             ^^^^^^^^^^^^^^^^^^^^^^^^^^^^^^^^^^^^^^^^^^^^^^^
  File "/home/airflow/.local/lib/python3.11/site-packages/airflow/models/baseoperator.py", line 882, in __init__
    raise AirflowException(
airflow.exceptions.AirflowException: Invalid arguments were passed to DockerOperator (task_id: dbt_reference_models). Invalid arguments were:
**kwargs: {'volumes': ['C:/Users/uzair/Documents/GitHub/Enpal/dbt/dbt_project:/dbt']}
[2025-12-29T01:40:40.907+0000] {processor.py:842} WARNING - No viable dags retrieved from /opt/airflow/dags/refrence_setup.py
[2025-12-29T01:40:40.926+0000] {processor.py:183} INFO - Processing /opt/airflow/dags/refrence_setup.py took 0.048 seconds
[2025-12-29T01:41:11.136+0000] {processor.py:161} INFO - Started process (PID=212) to work on /opt/airflow/dags/refrence_setup.py
[2025-12-29T01:41:11.136+0000] {processor.py:830} INFO - Processing file /opt/airflow/dags/refrence_setup.py for tasks to queue
[2025-12-29T01:41:11.138+0000] {logging_mixin.py:188} INFO - [2025-12-29T01:41:11.138+0000] {dagbag.py:545} INFO - Filling up the DagBag from /opt/airflow/dags/refrence_setup.py
[2025-12-29T01:41:11.157+0000] {logging_mixin.py:188} INFO - [2025-12-29T01:41:11.152+0000] {dagbag.py:355} ERROR - Failed to import: /opt/airflow/dags/refrence_setup.py
Traceback (most recent call last):
  File "/home/airflow/.local/lib/python3.11/site-packages/airflow/models/dagbag.py", line 351, in parse
    loader.exec_module(new_module)
  File "<frozen importlib._bootstrap_external>", line 940, in exec_module
  File "<frozen importlib._bootstrap>", line 241, in _call_with_frames_removed
  File "/opt/airflow/dags/refrence_setup.py", line 68, in <module>
    dbt_reference_models = dbt_run_task(
                           ^^^^^^^^^^^^^
  File "/opt/airflow/dags/refrence_setup.py", line 41, in dbt_run_task
    return DockerOperator(
           ^^^^^^^^^^^^^^^
  File "/home/airflow/.local/lib/python3.11/site-packages/airflow/models/baseoperator.py", line 485, in apply_defaults
    result = func(self, **kwargs, default_args=default_args)
             ^^^^^^^^^^^^^^^^^^^^^^^^^^^^^^^^^^^^^^^^^^^^^^^
  File "/home/airflow/.local/lib/python3.11/site-packages/airflow/providers/docker/operators/docker.py", line 273, in __init__
    super().__init__(**kwargs)
  File "/home/airflow/.local/lib/python3.11/site-packages/airflow/models/baseoperator.py", line 485, in apply_defaults
    result = func(self, **kwargs, default_args=default_args)
             ^^^^^^^^^^^^^^^^^^^^^^^^^^^^^^^^^^^^^^^^^^^^^^^
  File "/home/airflow/.local/lib/python3.11/site-packages/airflow/models/baseoperator.py", line 882, in __init__
    raise AirflowException(
airflow.exceptions.AirflowException: Invalid arguments were passed to DockerOperator (task_id: dbt_reference_models). Invalid arguments were:
**kwargs: {'volumes': ['C:/Users/uzair/Documents/GitHub/Enpal/dbt/dbt_project:/dbt']}
[2025-12-29T01:41:11.157+0000] {processor.py:842} WARNING - No viable dags retrieved from /opt/airflow/dags/refrence_setup.py
[2025-12-29T01:41:11.175+0000] {processor.py:183} INFO - Processing /opt/airflow/dags/refrence_setup.py took 0.045 seconds
[2025-12-29T01:41:41.371+0000] {processor.py:161} INFO - Started process (PID=222) to work on /opt/airflow/dags/refrence_setup.py
[2025-12-29T01:41:41.372+0000] {processor.py:830} INFO - Processing file /opt/airflow/dags/refrence_setup.py for tasks to queue
[2025-12-29T01:41:41.375+0000] {logging_mixin.py:188} INFO - [2025-12-29T01:41:41.374+0000] {dagbag.py:545} INFO - Filling up the DagBag from /opt/airflow/dags/refrence_setup.py
[2025-12-29T01:41:41.395+0000] {logging_mixin.py:188} INFO - [2025-12-29T01:41:41.389+0000] {dagbag.py:355} ERROR - Failed to import: /opt/airflow/dags/refrence_setup.py
Traceback (most recent call last):
  File "/home/airflow/.local/lib/python3.11/site-packages/airflow/models/dagbag.py", line 351, in parse
    loader.exec_module(new_module)
  File "<frozen importlib._bootstrap_external>", line 940, in exec_module
  File "<frozen importlib._bootstrap>", line 241, in _call_with_frames_removed
  File "/opt/airflow/dags/refrence_setup.py", line 68, in <module>
    dbt_reference_models = dbt_run_task(
                           ^^^^^^^^^^^^^
  File "/opt/airflow/dags/refrence_setup.py", line 41, in dbt_run_task
    return DockerOperator(
           ^^^^^^^^^^^^^^^
  File "/home/airflow/.local/lib/python3.11/site-packages/airflow/models/baseoperator.py", line 485, in apply_defaults
    result = func(self, **kwargs, default_args=default_args)
             ^^^^^^^^^^^^^^^^^^^^^^^^^^^^^^^^^^^^^^^^^^^^^^^
  File "/home/airflow/.local/lib/python3.11/site-packages/airflow/providers/docker/operators/docker.py", line 273, in __init__
    super().__init__(**kwargs)
  File "/home/airflow/.local/lib/python3.11/site-packages/airflow/models/baseoperator.py", line 485, in apply_defaults
    result = func(self, **kwargs, default_args=default_args)
             ^^^^^^^^^^^^^^^^^^^^^^^^^^^^^^^^^^^^^^^^^^^^^^^
  File "/home/airflow/.local/lib/python3.11/site-packages/airflow/models/baseoperator.py", line 882, in __init__
    raise AirflowException(
airflow.exceptions.AirflowException: Invalid arguments were passed to DockerOperator (task_id: dbt_reference_models). Invalid arguments were:
**kwargs: {'volumes': ['C:/Users/uzair/Documents/GitHub/Enpal/dbt/dbt_project:/dbt']}
[2025-12-29T01:41:41.396+0000] {processor.py:842} WARNING - No viable dags retrieved from /opt/airflow/dags/refrence_setup.py
[2025-12-29T01:41:41.413+0000] {processor.py:183} INFO - Processing /opt/airflow/dags/refrence_setup.py took 0.047 seconds
[2025-12-29T01:42:11.626+0000] {processor.py:161} INFO - Started process (PID=232) to work on /opt/airflow/dags/refrence_setup.py
[2025-12-29T01:42:11.627+0000] {processor.py:830} INFO - Processing file /opt/airflow/dags/refrence_setup.py for tasks to queue
[2025-12-29T01:42:11.629+0000] {logging_mixin.py:188} INFO - [2025-12-29T01:42:11.628+0000] {dagbag.py:545} INFO - Filling up the DagBag from /opt/airflow/dags/refrence_setup.py
[2025-12-29T01:42:11.650+0000] {logging_mixin.py:188} INFO - [2025-12-29T01:42:11.644+0000] {dagbag.py:355} ERROR - Failed to import: /opt/airflow/dags/refrence_setup.py
Traceback (most recent call last):
  File "/home/airflow/.local/lib/python3.11/site-packages/airflow/models/dagbag.py", line 351, in parse
    loader.exec_module(new_module)
  File "<frozen importlib._bootstrap_external>", line 940, in exec_module
  File "<frozen importlib._bootstrap>", line 241, in _call_with_frames_removed
  File "/opt/airflow/dags/refrence_setup.py", line 68, in <module>
    dbt_reference_models = dbt_run_task(
                           ^^^^^^^^^^^^^
  File "/opt/airflow/dags/refrence_setup.py", line 41, in dbt_run_task
    return DockerOperator(
           ^^^^^^^^^^^^^^^
  File "/home/airflow/.local/lib/python3.11/site-packages/airflow/models/baseoperator.py", line 485, in apply_defaults
    result = func(self, **kwargs, default_args=default_args)
             ^^^^^^^^^^^^^^^^^^^^^^^^^^^^^^^^^^^^^^^^^^^^^^^
  File "/home/airflow/.local/lib/python3.11/site-packages/airflow/providers/docker/operators/docker.py", line 273, in __init__
    super().__init__(**kwargs)
  File "/home/airflow/.local/lib/python3.11/site-packages/airflow/models/baseoperator.py", line 485, in apply_defaults
    result = func(self, **kwargs, default_args=default_args)
             ^^^^^^^^^^^^^^^^^^^^^^^^^^^^^^^^^^^^^^^^^^^^^^^
  File "/home/airflow/.local/lib/python3.11/site-packages/airflow/models/baseoperator.py", line 882, in __init__
    raise AirflowException(
airflow.exceptions.AirflowException: Invalid arguments were passed to DockerOperator (task_id: dbt_reference_models). Invalid arguments were:
**kwargs: {'volumes': ['C:/Users/uzair/Documents/GitHub/Enpal/dbt/dbt_project:/dbt']}
[2025-12-29T01:42:11.651+0000] {processor.py:842} WARNING - No viable dags retrieved from /opt/airflow/dags/refrence_setup.py
[2025-12-29T01:42:11.670+0000] {processor.py:183} INFO - Processing /opt/airflow/dags/refrence_setup.py took 0.049 seconds
[2025-12-29T01:42:41.882+0000] {processor.py:161} INFO - Started process (PID=242) to work on /opt/airflow/dags/refrence_setup.py
[2025-12-29T01:42:41.883+0000] {processor.py:830} INFO - Processing file /opt/airflow/dags/refrence_setup.py for tasks to queue
[2025-12-29T01:42:41.885+0000] {logging_mixin.py:188} INFO - [2025-12-29T01:42:41.884+0000] {dagbag.py:545} INFO - Filling up the DagBag from /opt/airflow/dags/refrence_setup.py
[2025-12-29T01:42:41.904+0000] {logging_mixin.py:188} INFO - [2025-12-29T01:42:41.898+0000] {dagbag.py:355} ERROR - Failed to import: /opt/airflow/dags/refrence_setup.py
Traceback (most recent call last):
  File "/home/airflow/.local/lib/python3.11/site-packages/airflow/models/dagbag.py", line 351, in parse
    loader.exec_module(new_module)
  File "<frozen importlib._bootstrap_external>", line 940, in exec_module
  File "<frozen importlib._bootstrap>", line 241, in _call_with_frames_removed
  File "/opt/airflow/dags/refrence_setup.py", line 68, in <module>
    dbt_reference_models = dbt_run_task(
                           ^^^^^^^^^^^^^
  File "/opt/airflow/dags/refrence_setup.py", line 41, in dbt_run_task
    return DockerOperator(
           ^^^^^^^^^^^^^^^
  File "/home/airflow/.local/lib/python3.11/site-packages/airflow/models/baseoperator.py", line 485, in apply_defaults
    result = func(self, **kwargs, default_args=default_args)
             ^^^^^^^^^^^^^^^^^^^^^^^^^^^^^^^^^^^^^^^^^^^^^^^
  File "/home/airflow/.local/lib/python3.11/site-packages/airflow/providers/docker/operators/docker.py", line 273, in __init__
    super().__init__(**kwargs)
  File "/home/airflow/.local/lib/python3.11/site-packages/airflow/models/baseoperator.py", line 485, in apply_defaults
    result = func(self, **kwargs, default_args=default_args)
             ^^^^^^^^^^^^^^^^^^^^^^^^^^^^^^^^^^^^^^^^^^^^^^^
  File "/home/airflow/.local/lib/python3.11/site-packages/airflow/models/baseoperator.py", line 882, in __init__
    raise AirflowException(
airflow.exceptions.AirflowException: Invalid arguments were passed to DockerOperator (task_id: dbt_reference_models). Invalid arguments were:
**kwargs: {'volumes': ['C:/Users/uzair/Documents/GitHub/Enpal/dbt/dbt_project:/dbt']}
[2025-12-29T01:42:41.905+0000] {processor.py:842} WARNING - No viable dags retrieved from /opt/airflow/dags/refrence_setup.py
[2025-12-29T01:42:41.920+0000] {processor.py:183} INFO - Processing /opt/airflow/dags/refrence_setup.py took 0.043 seconds
[2025-12-29T01:43:12.136+0000] {processor.py:161} INFO - Started process (PID=252) to work on /opt/airflow/dags/refrence_setup.py
[2025-12-29T01:43:12.137+0000] {processor.py:830} INFO - Processing file /opt/airflow/dags/refrence_setup.py for tasks to queue
[2025-12-29T01:43:12.139+0000] {logging_mixin.py:188} INFO - [2025-12-29T01:43:12.139+0000] {dagbag.py:545} INFO - Filling up the DagBag from /opt/airflow/dags/refrence_setup.py
[2025-12-29T01:43:12.156+0000] {logging_mixin.py:188} INFO - [2025-12-29T01:43:12.151+0000] {dagbag.py:355} ERROR - Failed to import: /opt/airflow/dags/refrence_setup.py
Traceback (most recent call last):
  File "/home/airflow/.local/lib/python3.11/site-packages/airflow/models/dagbag.py", line 351, in parse
    loader.exec_module(new_module)
  File "<frozen importlib._bootstrap_external>", line 940, in exec_module
  File "<frozen importlib._bootstrap>", line 241, in _call_with_frames_removed
  File "/opt/airflow/dags/refrence_setup.py", line 68, in <module>
    dbt_reference_models = dbt_run_task(
                           ^^^^^^^^^^^^^
  File "/opt/airflow/dags/refrence_setup.py", line 41, in dbt_run_task
    return DockerOperator(
           ^^^^^^^^^^^^^^^
  File "/home/airflow/.local/lib/python3.11/site-packages/airflow/models/baseoperator.py", line 485, in apply_defaults
    result = func(self, **kwargs, default_args=default_args)
             ^^^^^^^^^^^^^^^^^^^^^^^^^^^^^^^^^^^^^^^^^^^^^^^
  File "/home/airflow/.local/lib/python3.11/site-packages/airflow/providers/docker/operators/docker.py", line 273, in __init__
    super().__init__(**kwargs)
  File "/home/airflow/.local/lib/python3.11/site-packages/airflow/models/baseoperator.py", line 485, in apply_defaults
    result = func(self, **kwargs, default_args=default_args)
             ^^^^^^^^^^^^^^^^^^^^^^^^^^^^^^^^^^^^^^^^^^^^^^^
  File "/home/airflow/.local/lib/python3.11/site-packages/airflow/models/baseoperator.py", line 882, in __init__
    raise AirflowException(
airflow.exceptions.AirflowException: Invalid arguments were passed to DockerOperator (task_id: dbt_reference_models). Invalid arguments were:
**kwargs: {'volumes': ['C:/Users/uzair/Documents/GitHub/Enpal/dbt/dbt_project:/dbt']}
[2025-12-29T01:43:12.157+0000] {processor.py:842} WARNING - No viable dags retrieved from /opt/airflow/dags/refrence_setup.py
[2025-12-29T01:43:12.176+0000] {processor.py:183} INFO - Processing /opt/airflow/dags/refrence_setup.py took 0.044 seconds
[2025-12-29T01:43:42.390+0000] {processor.py:161} INFO - Started process (PID=262) to work on /opt/airflow/dags/refrence_setup.py
[2025-12-29T01:43:42.391+0000] {processor.py:830} INFO - Processing file /opt/airflow/dags/refrence_setup.py for tasks to queue
[2025-12-29T01:43:42.393+0000] {logging_mixin.py:188} INFO - [2025-12-29T01:43:42.392+0000] {dagbag.py:545} INFO - Filling up the DagBag from /opt/airflow/dags/refrence_setup.py
[2025-12-29T01:43:42.411+0000] {logging_mixin.py:188} INFO - [2025-12-29T01:43:42.407+0000] {dagbag.py:355} ERROR - Failed to import: /opt/airflow/dags/refrence_setup.py
Traceback (most recent call last):
  File "/home/airflow/.local/lib/python3.11/site-packages/airflow/models/dagbag.py", line 351, in parse
    loader.exec_module(new_module)
  File "<frozen importlib._bootstrap_external>", line 940, in exec_module
  File "<frozen importlib._bootstrap>", line 241, in _call_with_frames_removed
  File "/opt/airflow/dags/refrence_setup.py", line 68, in <module>
    dbt_reference_models = dbt_run_task(
                           ^^^^^^^^^^^^^
  File "/opt/airflow/dags/refrence_setup.py", line 41, in dbt_run_task
    return DockerOperator(
           ^^^^^^^^^^^^^^^
  File "/home/airflow/.local/lib/python3.11/site-packages/airflow/models/baseoperator.py", line 485, in apply_defaults
    result = func(self, **kwargs, default_args=default_args)
             ^^^^^^^^^^^^^^^^^^^^^^^^^^^^^^^^^^^^^^^^^^^^^^^
  File "/home/airflow/.local/lib/python3.11/site-packages/airflow/providers/docker/operators/docker.py", line 273, in __init__
    super().__init__(**kwargs)
  File "/home/airflow/.local/lib/python3.11/site-packages/airflow/models/baseoperator.py", line 485, in apply_defaults
    result = func(self, **kwargs, default_args=default_args)
             ^^^^^^^^^^^^^^^^^^^^^^^^^^^^^^^^^^^^^^^^^^^^^^^
  File "/home/airflow/.local/lib/python3.11/site-packages/airflow/models/baseoperator.py", line 882, in __init__
    raise AirflowException(
airflow.exceptions.AirflowException: Invalid arguments were passed to DockerOperator (task_id: dbt_reference_models). Invalid arguments were:
**kwargs: {'volumes': ['C:/Users/uzair/Documents/GitHub/Enpal/dbt/dbt_project:/dbt']}
[2025-12-29T01:43:42.413+0000] {processor.py:842} WARNING - No viable dags retrieved from /opt/airflow/dags/refrence_setup.py
[2025-12-29T01:43:42.432+0000] {processor.py:183} INFO - Processing /opt/airflow/dags/refrence_setup.py took 0.048 seconds
[2025-12-29T01:44:12.642+0000] {processor.py:161} INFO - Started process (PID=272) to work on /opt/airflow/dags/refrence_setup.py
[2025-12-29T01:44:12.642+0000] {processor.py:830} INFO - Processing file /opt/airflow/dags/refrence_setup.py for tasks to queue
[2025-12-29T01:44:12.644+0000] {logging_mixin.py:188} INFO - [2025-12-29T01:44:12.644+0000] {dagbag.py:545} INFO - Filling up the DagBag from /opt/airflow/dags/refrence_setup.py
[2025-12-29T01:44:12.661+0000] {logging_mixin.py:188} INFO - [2025-12-29T01:44:12.657+0000] {dagbag.py:355} ERROR - Failed to import: /opt/airflow/dags/refrence_setup.py
Traceback (most recent call last):
  File "/home/airflow/.local/lib/python3.11/site-packages/airflow/models/dagbag.py", line 351, in parse
    loader.exec_module(new_module)
  File "<frozen importlib._bootstrap_external>", line 940, in exec_module
  File "<frozen importlib._bootstrap>", line 241, in _call_with_frames_removed
  File "/opt/airflow/dags/refrence_setup.py", line 68, in <module>
    dbt_reference_models = dbt_run_task(
                           ^^^^^^^^^^^^^
  File "/opt/airflow/dags/refrence_setup.py", line 41, in dbt_run_task
    return DockerOperator(
           ^^^^^^^^^^^^^^^
  File "/home/airflow/.local/lib/python3.11/site-packages/airflow/models/baseoperator.py", line 485, in apply_defaults
    result = func(self, **kwargs, default_args=default_args)
             ^^^^^^^^^^^^^^^^^^^^^^^^^^^^^^^^^^^^^^^^^^^^^^^
  File "/home/airflow/.local/lib/python3.11/site-packages/airflow/providers/docker/operators/docker.py", line 273, in __init__
    super().__init__(**kwargs)
  File "/home/airflow/.local/lib/python3.11/site-packages/airflow/models/baseoperator.py", line 485, in apply_defaults
    result = func(self, **kwargs, default_args=default_args)
             ^^^^^^^^^^^^^^^^^^^^^^^^^^^^^^^^^^^^^^^^^^^^^^^
  File "/home/airflow/.local/lib/python3.11/site-packages/airflow/models/baseoperator.py", line 882, in __init__
    raise AirflowException(
airflow.exceptions.AirflowException: Invalid arguments were passed to DockerOperator (task_id: dbt_reference_models). Invalid arguments were:
**kwargs: {'volumes': ['C:/Users/uzair/Documents/GitHub/Enpal/dbt/dbt_project:/dbt']}
[2025-12-29T01:44:12.662+0000] {processor.py:842} WARNING - No viable dags retrieved from /opt/airflow/dags/refrence_setup.py
[2025-12-29T01:44:12.678+0000] {processor.py:183} INFO - Processing /opt/airflow/dags/refrence_setup.py took 0.041 seconds
[2025-12-29T01:44:42.881+0000] {processor.py:161} INFO - Started process (PID=282) to work on /opt/airflow/dags/refrence_setup.py
[2025-12-29T01:44:42.881+0000] {processor.py:830} INFO - Processing file /opt/airflow/dags/refrence_setup.py for tasks to queue
[2025-12-29T01:44:42.883+0000] {logging_mixin.py:188} INFO - [2025-12-29T01:44:42.883+0000] {dagbag.py:545} INFO - Filling up the DagBag from /opt/airflow/dags/refrence_setup.py
[2025-12-29T01:44:42.898+0000] {logging_mixin.py:188} INFO - [2025-12-29T01:44:42.895+0000] {dagbag.py:355} ERROR - Failed to import: /opt/airflow/dags/refrence_setup.py
Traceback (most recent call last):
  File "/home/airflow/.local/lib/python3.11/site-packages/airflow/models/dagbag.py", line 351, in parse
    loader.exec_module(new_module)
  File "<frozen importlib._bootstrap_external>", line 940, in exec_module
  File "<frozen importlib._bootstrap>", line 241, in _call_with_frames_removed
  File "/opt/airflow/dags/refrence_setup.py", line 68, in <module>
    dbt_reference_models = dbt_run_task(
                           ^^^^^^^^^^^^^
  File "/opt/airflow/dags/refrence_setup.py", line 41, in dbt_run_task
    return DockerOperator(
           ^^^^^^^^^^^^^^^
  File "/home/airflow/.local/lib/python3.11/site-packages/airflow/models/baseoperator.py", line 485, in apply_defaults
    result = func(self, **kwargs, default_args=default_args)
             ^^^^^^^^^^^^^^^^^^^^^^^^^^^^^^^^^^^^^^^^^^^^^^^
  File "/home/airflow/.local/lib/python3.11/site-packages/airflow/providers/docker/operators/docker.py", line 273, in __init__
    super().__init__(**kwargs)
  File "/home/airflow/.local/lib/python3.11/site-packages/airflow/models/baseoperator.py", line 485, in apply_defaults
    result = func(self, **kwargs, default_args=default_args)
             ^^^^^^^^^^^^^^^^^^^^^^^^^^^^^^^^^^^^^^^^^^^^^^^
  File "/home/airflow/.local/lib/python3.11/site-packages/airflow/models/baseoperator.py", line 882, in __init__
    raise AirflowException(
airflow.exceptions.AirflowException: Invalid arguments were passed to DockerOperator (task_id: dbt_reference_models). Invalid arguments were:
**kwargs: {'volumes': ['C:/Users/uzair/Documents/GitHub/Enpal/dbt/dbt_project:/dbt']}
[2025-12-29T01:44:42.899+0000] {processor.py:842} WARNING - No viable dags retrieved from /opt/airflow/dags/refrence_setup.py
[2025-12-29T01:44:42.914+0000] {processor.py:183} INFO - Processing /opt/airflow/dags/refrence_setup.py took 0.037 seconds
[2025-12-29T01:45:13.156+0000] {processor.py:161} INFO - Started process (PID=292) to work on /opt/airflow/dags/refrence_setup.py
[2025-12-29T01:45:13.157+0000] {processor.py:830} INFO - Processing file /opt/airflow/dags/refrence_setup.py for tasks to queue
[2025-12-29T01:45:13.158+0000] {logging_mixin.py:188} INFO - [2025-12-29T01:45:13.158+0000] {dagbag.py:545} INFO - Filling up the DagBag from /opt/airflow/dags/refrence_setup.py
[2025-12-29T01:45:13.174+0000] {logging_mixin.py:188} INFO - [2025-12-29T01:45:13.170+0000] {dagbag.py:355} ERROR - Failed to import: /opt/airflow/dags/refrence_setup.py
Traceback (most recent call last):
  File "/home/airflow/.local/lib/python3.11/site-packages/airflow/models/dagbag.py", line 351, in parse
    loader.exec_module(new_module)
  File "<frozen importlib._bootstrap_external>", line 940, in exec_module
  File "<frozen importlib._bootstrap>", line 241, in _call_with_frames_removed
  File "/opt/airflow/dags/refrence_setup.py", line 68, in <module>
    dbt_reference_models = dbt_run_task(
                           ^^^^^^^^^^^^^
  File "/opt/airflow/dags/refrence_setup.py", line 41, in dbt_run_task
    return DockerOperator(
           ^^^^^^^^^^^^^^^
  File "/home/airflow/.local/lib/python3.11/site-packages/airflow/models/baseoperator.py", line 485, in apply_defaults
    result = func(self, **kwargs, default_args=default_args)
             ^^^^^^^^^^^^^^^^^^^^^^^^^^^^^^^^^^^^^^^^^^^^^^^
  File "/home/airflow/.local/lib/python3.11/site-packages/airflow/providers/docker/operators/docker.py", line 273, in __init__
    super().__init__(**kwargs)
  File "/home/airflow/.local/lib/python3.11/site-packages/airflow/models/baseoperator.py", line 485, in apply_defaults
    result = func(self, **kwargs, default_args=default_args)
             ^^^^^^^^^^^^^^^^^^^^^^^^^^^^^^^^^^^^^^^^^^^^^^^
  File "/home/airflow/.local/lib/python3.11/site-packages/airflow/models/baseoperator.py", line 882, in __init__
    raise AirflowException(
airflow.exceptions.AirflowException: Invalid arguments were passed to DockerOperator (task_id: dbt_reference_models). Invalid arguments were:
**kwargs: {'volumes': ['C:/Users/uzair/Documents/GitHub/Enpal/dbt/dbt_project:/dbt']}
[2025-12-29T01:45:13.175+0000] {processor.py:842} WARNING - No viable dags retrieved from /opt/airflow/dags/refrence_setup.py
[2025-12-29T01:45:13.192+0000] {processor.py:183} INFO - Processing /opt/airflow/dags/refrence_setup.py took 0.041 seconds
[2025-12-29T01:45:43.395+0000] {processor.py:161} INFO - Started process (PID=302) to work on /opt/airflow/dags/refrence_setup.py
[2025-12-29T01:45:43.396+0000] {processor.py:830} INFO - Processing file /opt/airflow/dags/refrence_setup.py for tasks to queue
[2025-12-29T01:45:43.397+0000] {logging_mixin.py:188} INFO - [2025-12-29T01:45:43.397+0000] {dagbag.py:545} INFO - Filling up the DagBag from /opt/airflow/dags/refrence_setup.py
[2025-12-29T01:45:43.413+0000] {logging_mixin.py:188} INFO - [2025-12-29T01:45:43.409+0000] {dagbag.py:355} ERROR - Failed to import: /opt/airflow/dags/refrence_setup.py
Traceback (most recent call last):
  File "/home/airflow/.local/lib/python3.11/site-packages/airflow/models/dagbag.py", line 351, in parse
    loader.exec_module(new_module)
  File "<frozen importlib._bootstrap_external>", line 940, in exec_module
  File "<frozen importlib._bootstrap>", line 241, in _call_with_frames_removed
  File "/opt/airflow/dags/refrence_setup.py", line 68, in <module>
    dbt_reference_models = dbt_run_task(
                           ^^^^^^^^^^^^^
  File "/opt/airflow/dags/refrence_setup.py", line 41, in dbt_run_task
    return DockerOperator(
           ^^^^^^^^^^^^^^^
  File "/home/airflow/.local/lib/python3.11/site-packages/airflow/models/baseoperator.py", line 485, in apply_defaults
    result = func(self, **kwargs, default_args=default_args)
             ^^^^^^^^^^^^^^^^^^^^^^^^^^^^^^^^^^^^^^^^^^^^^^^
  File "/home/airflow/.local/lib/python3.11/site-packages/airflow/providers/docker/operators/docker.py", line 273, in __init__
    super().__init__(**kwargs)
  File "/home/airflow/.local/lib/python3.11/site-packages/airflow/models/baseoperator.py", line 485, in apply_defaults
    result = func(self, **kwargs, default_args=default_args)
             ^^^^^^^^^^^^^^^^^^^^^^^^^^^^^^^^^^^^^^^^^^^^^^^
  File "/home/airflow/.local/lib/python3.11/site-packages/airflow/models/baseoperator.py", line 882, in __init__
    raise AirflowException(
airflow.exceptions.AirflowException: Invalid arguments were passed to DockerOperator (task_id: dbt_reference_models). Invalid arguments were:
**kwargs: {'volumes': ['C:/Users/uzair/Documents/GitHub/Enpal/dbt/dbt_project:/dbt']}
[2025-12-29T01:45:43.414+0000] {processor.py:842} WARNING - No viable dags retrieved from /opt/airflow/dags/refrence_setup.py
[2025-12-29T01:45:43.432+0000] {processor.py:183} INFO - Processing /opt/airflow/dags/refrence_setup.py took 0.041 seconds
[2025-12-29T01:46:24.336+0000] {processor.py:161} INFO - Started process (PID=192) to work on /opt/airflow/dags/refrence_setup.py
[2025-12-29T01:46:24.337+0000] {processor.py:830} INFO - Processing file /opt/airflow/dags/refrence_setup.py for tasks to queue
[2025-12-29T01:46:24.339+0000] {logging_mixin.py:188} INFO - [2025-12-29T01:46:24.338+0000] {dagbag.py:545} INFO - Filling up the DagBag from /opt/airflow/dags/refrence_setup.py
[2025-12-29T01:46:24.356+0000] {logging_mixin.py:188} INFO - [2025-12-29T01:46:24.352+0000] {dagbag.py:355} ERROR - Failed to import: /opt/airflow/dags/refrence_setup.py
Traceback (most recent call last):
  File "/home/airflow/.local/lib/python3.11/site-packages/airflow/models/dagbag.py", line 351, in parse
    loader.exec_module(new_module)
  File "<frozen importlib._bootstrap_external>", line 940, in exec_module
  File "<frozen importlib._bootstrap>", line 241, in _call_with_frames_removed
  File "/opt/airflow/dags/refrence_setup.py", line 68, in <module>
    dbt_reference_models = dbt_run_task(
                           ^^^^^^^^^^^^^
  File "/opt/airflow/dags/refrence_setup.py", line 41, in dbt_run_task
    return DockerOperator(
           ^^^^^^^^^^^^^^^
  File "/home/airflow/.local/lib/python3.11/site-packages/airflow/models/baseoperator.py", line 485, in apply_defaults
    result = func(self, **kwargs, default_args=default_args)
             ^^^^^^^^^^^^^^^^^^^^^^^^^^^^^^^^^^^^^^^^^^^^^^^
  File "/home/airflow/.local/lib/python3.11/site-packages/airflow/providers/docker/operators/docker.py", line 273, in __init__
    super().__init__(**kwargs)
  File "/home/airflow/.local/lib/python3.11/site-packages/airflow/models/baseoperator.py", line 485, in apply_defaults
    result = func(self, **kwargs, default_args=default_args)
             ^^^^^^^^^^^^^^^^^^^^^^^^^^^^^^^^^^^^^^^^^^^^^^^
  File "/home/airflow/.local/lib/python3.11/site-packages/airflow/models/baseoperator.py", line 882, in __init__
    raise AirflowException(
airflow.exceptions.AirflowException: Invalid arguments were passed to DockerOperator (task_id: dbt_reference_models). Invalid arguments were:
**kwargs: {'volumes': ['C:/Users/uzair/Documents/GitHub/Enpal/dbt/dbt_project:/dbt']}
[2025-12-29T01:46:24.357+0000] {processor.py:842} WARNING - No viable dags retrieved from /opt/airflow/dags/refrence_setup.py
[2025-12-29T01:46:24.373+0000] {processor.py:183} INFO - Processing /opt/airflow/dags/refrence_setup.py took 0.042 seconds
[2025-12-29T01:46:54.713+0000] {processor.py:161} INFO - Started process (PID=202) to work on /opt/airflow/dags/refrence_setup.py
[2025-12-29T01:46:54.714+0000] {processor.py:830} INFO - Processing file /opt/airflow/dags/refrence_setup.py for tasks to queue
[2025-12-29T01:46:54.715+0000] {logging_mixin.py:188} INFO - [2025-12-29T01:46:54.715+0000] {dagbag.py:545} INFO - Filling up the DagBag from /opt/airflow/dags/refrence_setup.py
[2025-12-29T01:46:54.733+0000] {logging_mixin.py:188} INFO - [2025-12-29T01:46:54.729+0000] {dagbag.py:355} ERROR - Failed to import: /opt/airflow/dags/refrence_setup.py
Traceback (most recent call last):
  File "/home/airflow/.local/lib/python3.11/site-packages/airflow/models/dagbag.py", line 351, in parse
    loader.exec_module(new_module)
  File "<frozen importlib._bootstrap_external>", line 940, in exec_module
  File "<frozen importlib._bootstrap>", line 241, in _call_with_frames_removed
  File "/opt/airflow/dags/refrence_setup.py", line 68, in <module>
    dbt_reference_models = dbt_run_task(
                           ^^^^^^^^^^^^^
  File "/opt/airflow/dags/refrence_setup.py", line 41, in dbt_run_task
    return DockerOperator(
           ^^^^^^^^^^^^^^^
  File "/home/airflow/.local/lib/python3.11/site-packages/airflow/models/baseoperator.py", line 485, in apply_defaults
    result = func(self, **kwargs, default_args=default_args)
             ^^^^^^^^^^^^^^^^^^^^^^^^^^^^^^^^^^^^^^^^^^^^^^^
  File "/home/airflow/.local/lib/python3.11/site-packages/airflow/providers/docker/operators/docker.py", line 273, in __init__
    super().__init__(**kwargs)
  File "/home/airflow/.local/lib/python3.11/site-packages/airflow/models/baseoperator.py", line 485, in apply_defaults
    result = func(self, **kwargs, default_args=default_args)
             ^^^^^^^^^^^^^^^^^^^^^^^^^^^^^^^^^^^^^^^^^^^^^^^
  File "/home/airflow/.local/lib/python3.11/site-packages/airflow/models/baseoperator.py", line 882, in __init__
    raise AirflowException(
airflow.exceptions.AirflowException: Invalid arguments were passed to DockerOperator (task_id: dbt_reference_models). Invalid arguments were:
**kwargs: {'volumes': ['C:/Users/uzair/Documents/GitHub/Enpal/dbt/dbt_project:/dbt']}
[2025-12-29T01:46:54.734+0000] {processor.py:842} WARNING - No viable dags retrieved from /opt/airflow/dags/refrence_setup.py
[2025-12-29T01:46:54.751+0000] {processor.py:183} INFO - Processing /opt/airflow/dags/refrence_setup.py took 0.042 seconds
[2025-12-29T01:47:24.949+0000] {processor.py:161} INFO - Started process (PID=212) to work on /opt/airflow/dags/refrence_setup.py
[2025-12-29T01:47:24.950+0000] {processor.py:830} INFO - Processing file /opt/airflow/dags/refrence_setup.py for tasks to queue
[2025-12-29T01:47:24.951+0000] {logging_mixin.py:188} INFO - [2025-12-29T01:47:24.951+0000] {dagbag.py:545} INFO - Filling up the DagBag from /opt/airflow/dags/refrence_setup.py
[2025-12-29T01:47:24.968+0000] {logging_mixin.py:188} INFO - [2025-12-29T01:47:24.964+0000] {dagbag.py:355} ERROR - Failed to import: /opt/airflow/dags/refrence_setup.py
Traceback (most recent call last):
  File "/home/airflow/.local/lib/python3.11/site-packages/airflow/models/dagbag.py", line 351, in parse
    loader.exec_module(new_module)
  File "<frozen importlib._bootstrap_external>", line 940, in exec_module
  File "<frozen importlib._bootstrap>", line 241, in _call_with_frames_removed
  File "/opt/airflow/dags/refrence_setup.py", line 68, in <module>
    dbt_reference_models = dbt_run_task(
                           ^^^^^^^^^^^^^
  File "/opt/airflow/dags/refrence_setup.py", line 41, in dbt_run_task
    return DockerOperator(
           ^^^^^^^^^^^^^^^
  File "/home/airflow/.local/lib/python3.11/site-packages/airflow/models/baseoperator.py", line 485, in apply_defaults
    result = func(self, **kwargs, default_args=default_args)
             ^^^^^^^^^^^^^^^^^^^^^^^^^^^^^^^^^^^^^^^^^^^^^^^
  File "/home/airflow/.local/lib/python3.11/site-packages/airflow/providers/docker/operators/docker.py", line 273, in __init__
    super().__init__(**kwargs)
  File "/home/airflow/.local/lib/python3.11/site-packages/airflow/models/baseoperator.py", line 485, in apply_defaults
    result = func(self, **kwargs, default_args=default_args)
             ^^^^^^^^^^^^^^^^^^^^^^^^^^^^^^^^^^^^^^^^^^^^^^^
  File "/home/airflow/.local/lib/python3.11/site-packages/airflow/models/baseoperator.py", line 882, in __init__
    raise AirflowException(
airflow.exceptions.AirflowException: Invalid arguments were passed to DockerOperator (task_id: dbt_reference_models). Invalid arguments were:
**kwargs: {'volumes': ['C:/Users/uzair/Documents/GitHub/Enpal/dbt/dbt_project:/dbt']}
[2025-12-29T01:47:24.969+0000] {processor.py:842} WARNING - No viable dags retrieved from /opt/airflow/dags/refrence_setup.py
[2025-12-29T01:47:24.986+0000] {processor.py:183} INFO - Processing /opt/airflow/dags/refrence_setup.py took 0.042 seconds
[2025-12-29T01:47:55.182+0000] {processor.py:161} INFO - Started process (PID=222) to work on /opt/airflow/dags/refrence_setup.py
[2025-12-29T01:47:55.183+0000] {processor.py:830} INFO - Processing file /opt/airflow/dags/refrence_setup.py for tasks to queue
[2025-12-29T01:47:55.184+0000] {logging_mixin.py:188} INFO - [2025-12-29T01:47:55.184+0000] {dagbag.py:545} INFO - Filling up the DagBag from /opt/airflow/dags/refrence_setup.py
[2025-12-29T01:47:55.199+0000] {logging_mixin.py:188} INFO - [2025-12-29T01:47:55.195+0000] {dagbag.py:355} ERROR - Failed to import: /opt/airflow/dags/refrence_setup.py
Traceback (most recent call last):
  File "/home/airflow/.local/lib/python3.11/site-packages/airflow/models/dagbag.py", line 351, in parse
    loader.exec_module(new_module)
  File "<frozen importlib._bootstrap_external>", line 940, in exec_module
  File "<frozen importlib._bootstrap>", line 241, in _call_with_frames_removed
  File "/opt/airflow/dags/refrence_setup.py", line 68, in <module>
    dbt_reference_models = dbt_run_task(
                           ^^^^^^^^^^^^^
  File "/opt/airflow/dags/refrence_setup.py", line 41, in dbt_run_task
    return DockerOperator(
           ^^^^^^^^^^^^^^^
  File "/home/airflow/.local/lib/python3.11/site-packages/airflow/models/baseoperator.py", line 485, in apply_defaults
    result = func(self, **kwargs, default_args=default_args)
             ^^^^^^^^^^^^^^^^^^^^^^^^^^^^^^^^^^^^^^^^^^^^^^^
  File "/home/airflow/.local/lib/python3.11/site-packages/airflow/providers/docker/operators/docker.py", line 273, in __init__
    super().__init__(**kwargs)
  File "/home/airflow/.local/lib/python3.11/site-packages/airflow/models/baseoperator.py", line 485, in apply_defaults
    result = func(self, **kwargs, default_args=default_args)
             ^^^^^^^^^^^^^^^^^^^^^^^^^^^^^^^^^^^^^^^^^^^^^^^
  File "/home/airflow/.local/lib/python3.11/site-packages/airflow/models/baseoperator.py", line 882, in __init__
    raise AirflowException(
airflow.exceptions.AirflowException: Invalid arguments were passed to DockerOperator (task_id: dbt_reference_models). Invalid arguments were:
**kwargs: {'volumes': ['C:/Users/uzair/Documents/GitHub/Enpal/dbt/dbt_project:/dbt']}
[2025-12-29T01:47:55.200+0000] {processor.py:842} WARNING - No viable dags retrieved from /opt/airflow/dags/refrence_setup.py
[2025-12-29T01:47:55.216+0000] {processor.py:183} INFO - Processing /opt/airflow/dags/refrence_setup.py took 0.037 seconds
[2025-12-29T01:48:25.420+0000] {processor.py:161} INFO - Started process (PID=232) to work on /opt/airflow/dags/refrence_setup.py
[2025-12-29T01:48:25.421+0000] {processor.py:830} INFO - Processing file /opt/airflow/dags/refrence_setup.py for tasks to queue
[2025-12-29T01:48:25.423+0000] {logging_mixin.py:188} INFO - [2025-12-29T01:48:25.422+0000] {dagbag.py:545} INFO - Filling up the DagBag from /opt/airflow/dags/refrence_setup.py
[2025-12-29T01:48:25.439+0000] {logging_mixin.py:188} INFO - [2025-12-29T01:48:25.435+0000] {dagbag.py:355} ERROR - Failed to import: /opt/airflow/dags/refrence_setup.py
Traceback (most recent call last):
  File "/home/airflow/.local/lib/python3.11/site-packages/airflow/models/dagbag.py", line 351, in parse
    loader.exec_module(new_module)
  File "<frozen importlib._bootstrap_external>", line 940, in exec_module
  File "<frozen importlib._bootstrap>", line 241, in _call_with_frames_removed
  File "/opt/airflow/dags/refrence_setup.py", line 68, in <module>
    dbt_reference_models = dbt_run_task(
                           ^^^^^^^^^^^^^
  File "/opt/airflow/dags/refrence_setup.py", line 41, in dbt_run_task
    return DockerOperator(
           ^^^^^^^^^^^^^^^
  File "/home/airflow/.local/lib/python3.11/site-packages/airflow/models/baseoperator.py", line 485, in apply_defaults
    result = func(self, **kwargs, default_args=default_args)
             ^^^^^^^^^^^^^^^^^^^^^^^^^^^^^^^^^^^^^^^^^^^^^^^
  File "/home/airflow/.local/lib/python3.11/site-packages/airflow/providers/docker/operators/docker.py", line 273, in __init__
    super().__init__(**kwargs)
  File "/home/airflow/.local/lib/python3.11/site-packages/airflow/models/baseoperator.py", line 485, in apply_defaults
    result = func(self, **kwargs, default_args=default_args)
             ^^^^^^^^^^^^^^^^^^^^^^^^^^^^^^^^^^^^^^^^^^^^^^^
  File "/home/airflow/.local/lib/python3.11/site-packages/airflow/models/baseoperator.py", line 882, in __init__
    raise AirflowException(
airflow.exceptions.AirflowException: Invalid arguments were passed to DockerOperator (task_id: dbt_reference_models). Invalid arguments were:
**kwargs: {'volumes': ['C:/Users/uzair/Documents/GitHub/Enpal/dbt/dbt_project:/dbt']}
[2025-12-29T01:48:25.440+0000] {processor.py:842} WARNING - No viable dags retrieved from /opt/airflow/dags/refrence_setup.py
[2025-12-29T01:48:25.456+0000] {processor.py:183} INFO - Processing /opt/airflow/dags/refrence_setup.py took 0.040 seconds
[2025-12-29T01:48:55.659+0000] {processor.py:161} INFO - Started process (PID=242) to work on /opt/airflow/dags/refrence_setup.py
[2025-12-29T01:48:55.659+0000] {processor.py:830} INFO - Processing file /opt/airflow/dags/refrence_setup.py for tasks to queue
[2025-12-29T01:48:55.660+0000] {logging_mixin.py:188} INFO - [2025-12-29T01:48:55.660+0000] {dagbag.py:545} INFO - Filling up the DagBag from /opt/airflow/dags/refrence_setup.py
[2025-12-29T01:48:55.678+0000] {logging_mixin.py:188} INFO - [2025-12-29T01:48:55.674+0000] {dagbag.py:355} ERROR - Failed to import: /opt/airflow/dags/refrence_setup.py
Traceback (most recent call last):
  File "/home/airflow/.local/lib/python3.11/site-packages/airflow/models/dagbag.py", line 351, in parse
    loader.exec_module(new_module)
  File "<frozen importlib._bootstrap_external>", line 940, in exec_module
  File "<frozen importlib._bootstrap>", line 241, in _call_with_frames_removed
  File "/opt/airflow/dags/refrence_setup.py", line 68, in <module>
    dbt_reference_models = dbt_run_task(
                           ^^^^^^^^^^^^^
  File "/opt/airflow/dags/refrence_setup.py", line 41, in dbt_run_task
    return DockerOperator(
           ^^^^^^^^^^^^^^^
  File "/home/airflow/.local/lib/python3.11/site-packages/airflow/models/baseoperator.py", line 485, in apply_defaults
    result = func(self, **kwargs, default_args=default_args)
             ^^^^^^^^^^^^^^^^^^^^^^^^^^^^^^^^^^^^^^^^^^^^^^^
  File "/home/airflow/.local/lib/python3.11/site-packages/airflow/providers/docker/operators/docker.py", line 273, in __init__
    super().__init__(**kwargs)
  File "/home/airflow/.local/lib/python3.11/site-packages/airflow/models/baseoperator.py", line 485, in apply_defaults
    result = func(self, **kwargs, default_args=default_args)
             ^^^^^^^^^^^^^^^^^^^^^^^^^^^^^^^^^^^^^^^^^^^^^^^
  File "/home/airflow/.local/lib/python3.11/site-packages/airflow/models/baseoperator.py", line 882, in __init__
    raise AirflowException(
airflow.exceptions.AirflowException: Invalid arguments were passed to DockerOperator (task_id: dbt_reference_models). Invalid arguments were:
**kwargs: {'volumes': ['C:/Users/uzair/Documents/GitHub/Enpal/dbt/dbt_project:/dbt']}
[2025-12-29T01:48:55.679+0000] {processor.py:842} WARNING - No viable dags retrieved from /opt/airflow/dags/refrence_setup.py
[2025-12-29T01:48:55.695+0000] {processor.py:183} INFO - Processing /opt/airflow/dags/refrence_setup.py took 0.040 seconds
[2025-12-29T01:49:25.902+0000] {processor.py:161} INFO - Started process (PID=252) to work on /opt/airflow/dags/refrence_setup.py
[2025-12-29T01:49:25.903+0000] {processor.py:830} INFO - Processing file /opt/airflow/dags/refrence_setup.py for tasks to queue
[2025-12-29T01:49:25.904+0000] {logging_mixin.py:188} INFO - [2025-12-29T01:49:25.904+0000] {dagbag.py:545} INFO - Filling up the DagBag from /opt/airflow/dags/refrence_setup.py
[2025-12-29T01:49:25.922+0000] {logging_mixin.py:188} INFO - [2025-12-29T01:49:25.918+0000] {dagbag.py:355} ERROR - Failed to import: /opt/airflow/dags/refrence_setup.py
Traceback (most recent call last):
  File "/home/airflow/.local/lib/python3.11/site-packages/airflow/models/dagbag.py", line 351, in parse
    loader.exec_module(new_module)
  File "<frozen importlib._bootstrap_external>", line 940, in exec_module
  File "<frozen importlib._bootstrap>", line 241, in _call_with_frames_removed
  File "/opt/airflow/dags/refrence_setup.py", line 68, in <module>
    dbt_reference_models = dbt_run_task(
                           ^^^^^^^^^^^^^
  File "/opt/airflow/dags/refrence_setup.py", line 41, in dbt_run_task
    return DockerOperator(
           ^^^^^^^^^^^^^^^
  File "/home/airflow/.local/lib/python3.11/site-packages/airflow/models/baseoperator.py", line 485, in apply_defaults
    result = func(self, **kwargs, default_args=default_args)
             ^^^^^^^^^^^^^^^^^^^^^^^^^^^^^^^^^^^^^^^^^^^^^^^
  File "/home/airflow/.local/lib/python3.11/site-packages/airflow/providers/docker/operators/docker.py", line 273, in __init__
    super().__init__(**kwargs)
  File "/home/airflow/.local/lib/python3.11/site-packages/airflow/models/baseoperator.py", line 485, in apply_defaults
    result = func(self, **kwargs, default_args=default_args)
             ^^^^^^^^^^^^^^^^^^^^^^^^^^^^^^^^^^^^^^^^^^^^^^^
  File "/home/airflow/.local/lib/python3.11/site-packages/airflow/models/baseoperator.py", line 882, in __init__
    raise AirflowException(
airflow.exceptions.AirflowException: Invalid arguments were passed to DockerOperator (task_id: dbt_reference_models). Invalid arguments were:
**kwargs: {'volumes': ['C:/Users/uzair/Documents/GitHub/Enpal/dbt/dbt_project:/dbt']}
[2025-12-29T01:49:25.923+0000] {processor.py:842} WARNING - No viable dags retrieved from /opt/airflow/dags/refrence_setup.py
[2025-12-29T01:49:25.939+0000] {processor.py:183} INFO - Processing /opt/airflow/dags/refrence_setup.py took 0.042 seconds
[2025-12-29T01:49:56.140+0000] {processor.py:161} INFO - Started process (PID=262) to work on /opt/airflow/dags/refrence_setup.py
[2025-12-29T01:49:56.141+0000] {processor.py:830} INFO - Processing file /opt/airflow/dags/refrence_setup.py for tasks to queue
[2025-12-29T01:49:56.142+0000] {logging_mixin.py:188} INFO - [2025-12-29T01:49:56.141+0000] {dagbag.py:545} INFO - Filling up the DagBag from /opt/airflow/dags/refrence_setup.py
[2025-12-29T01:49:56.156+0000] {logging_mixin.py:188} INFO - [2025-12-29T01:49:56.153+0000] {dagbag.py:355} ERROR - Failed to import: /opt/airflow/dags/refrence_setup.py
Traceback (most recent call last):
  File "/home/airflow/.local/lib/python3.11/site-packages/airflow/models/dagbag.py", line 351, in parse
    loader.exec_module(new_module)
  File "<frozen importlib._bootstrap_external>", line 940, in exec_module
  File "<frozen importlib._bootstrap>", line 241, in _call_with_frames_removed
  File "/opt/airflow/dags/refrence_setup.py", line 68, in <module>
    dbt_reference_models = dbt_run_task(
                           ^^^^^^^^^^^^^
  File "/opt/airflow/dags/refrence_setup.py", line 41, in dbt_run_task
    return DockerOperator(
           ^^^^^^^^^^^^^^^
  File "/home/airflow/.local/lib/python3.11/site-packages/airflow/models/baseoperator.py", line 485, in apply_defaults
    result = func(self, **kwargs, default_args=default_args)
             ^^^^^^^^^^^^^^^^^^^^^^^^^^^^^^^^^^^^^^^^^^^^^^^
  File "/home/airflow/.local/lib/python3.11/site-packages/airflow/providers/docker/operators/docker.py", line 273, in __init__
    super().__init__(**kwargs)
  File "/home/airflow/.local/lib/python3.11/site-packages/airflow/models/baseoperator.py", line 485, in apply_defaults
    result = func(self, **kwargs, default_args=default_args)
             ^^^^^^^^^^^^^^^^^^^^^^^^^^^^^^^^^^^^^^^^^^^^^^^
  File "/home/airflow/.local/lib/python3.11/site-packages/airflow/models/baseoperator.py", line 882, in __init__
    raise AirflowException(
airflow.exceptions.AirflowException: Invalid arguments were passed to DockerOperator (task_id: dbt_reference_models). Invalid arguments were:
**kwargs: {'volumes': ['C:/Users/uzair/Documents/GitHub/Enpal/dbt/dbt_project:/dbt']}
[2025-12-29T01:49:56.157+0000] {processor.py:842} WARNING - No viable dags retrieved from /opt/airflow/dags/refrence_setup.py
[2025-12-29T01:49:56.173+0000] {processor.py:183} INFO - Processing /opt/airflow/dags/refrence_setup.py took 0.037 seconds
[2025-12-29T01:50:26.376+0000] {processor.py:161} INFO - Started process (PID=272) to work on /opt/airflow/dags/refrence_setup.py
[2025-12-29T01:50:26.377+0000] {processor.py:830} INFO - Processing file /opt/airflow/dags/refrence_setup.py for tasks to queue
[2025-12-29T01:50:26.378+0000] {logging_mixin.py:188} INFO - [2025-12-29T01:50:26.378+0000] {dagbag.py:545} INFO - Filling up the DagBag from /opt/airflow/dags/refrence_setup.py
[2025-12-29T01:50:26.395+0000] {logging_mixin.py:188} INFO - [2025-12-29T01:50:26.391+0000] {dagbag.py:355} ERROR - Failed to import: /opt/airflow/dags/refrence_setup.py
Traceback (most recent call last):
  File "/home/airflow/.local/lib/python3.11/site-packages/airflow/models/dagbag.py", line 351, in parse
    loader.exec_module(new_module)
  File "<frozen importlib._bootstrap_external>", line 940, in exec_module
  File "<frozen importlib._bootstrap>", line 241, in _call_with_frames_removed
  File "/opt/airflow/dags/refrence_setup.py", line 68, in <module>
    dbt_reference_models = dbt_run_task(
                           ^^^^^^^^^^^^^
  File "/opt/airflow/dags/refrence_setup.py", line 41, in dbt_run_task
    return DockerOperator(
           ^^^^^^^^^^^^^^^
  File "/home/airflow/.local/lib/python3.11/site-packages/airflow/models/baseoperator.py", line 485, in apply_defaults
    result = func(self, **kwargs, default_args=default_args)
             ^^^^^^^^^^^^^^^^^^^^^^^^^^^^^^^^^^^^^^^^^^^^^^^
  File "/home/airflow/.local/lib/python3.11/site-packages/airflow/providers/docker/operators/docker.py", line 273, in __init__
    super().__init__(**kwargs)
  File "/home/airflow/.local/lib/python3.11/site-packages/airflow/models/baseoperator.py", line 485, in apply_defaults
    result = func(self, **kwargs, default_args=default_args)
             ^^^^^^^^^^^^^^^^^^^^^^^^^^^^^^^^^^^^^^^^^^^^^^^
  File "/home/airflow/.local/lib/python3.11/site-packages/airflow/models/baseoperator.py", line 882, in __init__
    raise AirflowException(
airflow.exceptions.AirflowException: Invalid arguments were passed to DockerOperator (task_id: dbt_reference_models). Invalid arguments were:
**kwargs: {'volumes': ['C:/Users/uzair/Documents/GitHub/Enpal/dbt/dbt_project:/dbt']}
[2025-12-29T01:50:26.396+0000] {processor.py:842} WARNING - No viable dags retrieved from /opt/airflow/dags/refrence_setup.py
[2025-12-29T01:50:26.414+0000] {processor.py:183} INFO - Processing /opt/airflow/dags/refrence_setup.py took 0.042 seconds
[2025-12-29T01:50:56.630+0000] {processor.py:161} INFO - Started process (PID=282) to work on /opt/airflow/dags/refrence_setup.py
[2025-12-29T01:50:56.631+0000] {processor.py:830} INFO - Processing file /opt/airflow/dags/refrence_setup.py for tasks to queue
[2025-12-29T01:50:56.632+0000] {logging_mixin.py:188} INFO - [2025-12-29T01:50:56.632+0000] {dagbag.py:545} INFO - Filling up the DagBag from /opt/airflow/dags/refrence_setup.py
[2025-12-29T01:50:56.650+0000] {logging_mixin.py:188} INFO - [2025-12-29T01:50:56.646+0000] {dagbag.py:355} ERROR - Failed to import: /opt/airflow/dags/refrence_setup.py
Traceback (most recent call last):
  File "/home/airflow/.local/lib/python3.11/site-packages/airflow/models/dagbag.py", line 351, in parse
    loader.exec_module(new_module)
  File "<frozen importlib._bootstrap_external>", line 940, in exec_module
  File "<frozen importlib._bootstrap>", line 241, in _call_with_frames_removed
  File "/opt/airflow/dags/refrence_setup.py", line 68, in <module>
    dbt_reference_models = dbt_run_task(
                           ^^^^^^^^^^^^^
  File "/opt/airflow/dags/refrence_setup.py", line 41, in dbt_run_task
    return DockerOperator(
           ^^^^^^^^^^^^^^^
  File "/home/airflow/.local/lib/python3.11/site-packages/airflow/models/baseoperator.py", line 485, in apply_defaults
    result = func(self, **kwargs, default_args=default_args)
             ^^^^^^^^^^^^^^^^^^^^^^^^^^^^^^^^^^^^^^^^^^^^^^^
  File "/home/airflow/.local/lib/python3.11/site-packages/airflow/providers/docker/operators/docker.py", line 273, in __init__
    super().__init__(**kwargs)
  File "/home/airflow/.local/lib/python3.11/site-packages/airflow/models/baseoperator.py", line 485, in apply_defaults
    result = func(self, **kwargs, default_args=default_args)
             ^^^^^^^^^^^^^^^^^^^^^^^^^^^^^^^^^^^^^^^^^^^^^^^
  File "/home/airflow/.local/lib/python3.11/site-packages/airflow/models/baseoperator.py", line 882, in __init__
    raise AirflowException(
airflow.exceptions.AirflowException: Invalid arguments were passed to DockerOperator (task_id: dbt_reference_models). Invalid arguments were:
**kwargs: {'volumes': ['C:/Users/uzair/Documents/GitHub/Enpal/dbt/dbt_project:/dbt']}
[2025-12-29T01:50:56.651+0000] {processor.py:842} WARNING - No viable dags retrieved from /opt/airflow/dags/refrence_setup.py
[2025-12-29T01:50:56.668+0000] {processor.py:183} INFO - Processing /opt/airflow/dags/refrence_setup.py took 0.042 seconds
[2025-12-29T01:51:26.897+0000] {processor.py:161} INFO - Started process (PID=292) to work on /opt/airflow/dags/refrence_setup.py
[2025-12-29T01:51:26.898+0000] {processor.py:830} INFO - Processing file /opt/airflow/dags/refrence_setup.py for tasks to queue
[2025-12-29T01:51:26.899+0000] {logging_mixin.py:188} INFO - [2025-12-29T01:51:26.899+0000] {dagbag.py:545} INFO - Filling up the DagBag from /opt/airflow/dags/refrence_setup.py
[2025-12-29T01:51:26.914+0000] {logging_mixin.py:188} INFO - [2025-12-29T01:51:26.911+0000] {dagbag.py:355} ERROR - Failed to import: /opt/airflow/dags/refrence_setup.py
Traceback (most recent call last):
  File "/home/airflow/.local/lib/python3.11/site-packages/airflow/models/dagbag.py", line 351, in parse
    loader.exec_module(new_module)
  File "<frozen importlib._bootstrap_external>", line 940, in exec_module
  File "<frozen importlib._bootstrap>", line 241, in _call_with_frames_removed
  File "/opt/airflow/dags/refrence_setup.py", line 68, in <module>
    dbt_reference_models = dbt_run_task(
                           ^^^^^^^^^^^^^
  File "/opt/airflow/dags/refrence_setup.py", line 41, in dbt_run_task
    return DockerOperator(
           ^^^^^^^^^^^^^^^
  File "/home/airflow/.local/lib/python3.11/site-packages/airflow/models/baseoperator.py", line 485, in apply_defaults
    result = func(self, **kwargs, default_args=default_args)
             ^^^^^^^^^^^^^^^^^^^^^^^^^^^^^^^^^^^^^^^^^^^^^^^
  File "/home/airflow/.local/lib/python3.11/site-packages/airflow/providers/docker/operators/docker.py", line 273, in __init__
    super().__init__(**kwargs)
  File "/home/airflow/.local/lib/python3.11/site-packages/airflow/models/baseoperator.py", line 485, in apply_defaults
    result = func(self, **kwargs, default_args=default_args)
             ^^^^^^^^^^^^^^^^^^^^^^^^^^^^^^^^^^^^^^^^^^^^^^^
  File "/home/airflow/.local/lib/python3.11/site-packages/airflow/models/baseoperator.py", line 882, in __init__
    raise AirflowException(
airflow.exceptions.AirflowException: Invalid arguments were passed to DockerOperator (task_id: dbt_reference_models). Invalid arguments were:
**kwargs: {'volumes': ['C:/Users/uzair/Documents/GitHub/Enpal/dbt/dbt_project:/dbt']}
[2025-12-29T01:51:26.915+0000] {processor.py:842} WARNING - No viable dags retrieved from /opt/airflow/dags/refrence_setup.py
[2025-12-29T01:51:26.932+0000] {processor.py:183} INFO - Processing /opt/airflow/dags/refrence_setup.py took 0.039 seconds
[2025-12-29T01:51:57.132+0000] {processor.py:161} INFO - Started process (PID=302) to work on /opt/airflow/dags/refrence_setup.py
[2025-12-29T01:51:57.133+0000] {processor.py:830} INFO - Processing file /opt/airflow/dags/refrence_setup.py for tasks to queue
[2025-12-29T01:51:57.134+0000] {logging_mixin.py:188} INFO - [2025-12-29T01:51:57.134+0000] {dagbag.py:545} INFO - Filling up the DagBag from /opt/airflow/dags/refrence_setup.py
[2025-12-29T01:51:57.148+0000] {logging_mixin.py:188} INFO - [2025-12-29T01:51:57.145+0000] {dagbag.py:355} ERROR - Failed to import: /opt/airflow/dags/refrence_setup.py
Traceback (most recent call last):
  File "/home/airflow/.local/lib/python3.11/site-packages/airflow/models/dagbag.py", line 351, in parse
    loader.exec_module(new_module)
  File "<frozen importlib._bootstrap_external>", line 940, in exec_module
  File "<frozen importlib._bootstrap>", line 241, in _call_with_frames_removed
  File "/opt/airflow/dags/refrence_setup.py", line 68, in <module>
    dbt_reference_models = dbt_run_task(
                           ^^^^^^^^^^^^^
  File "/opt/airflow/dags/refrence_setup.py", line 41, in dbt_run_task
    return DockerOperator(
           ^^^^^^^^^^^^^^^
  File "/home/airflow/.local/lib/python3.11/site-packages/airflow/models/baseoperator.py", line 485, in apply_defaults
    result = func(self, **kwargs, default_args=default_args)
             ^^^^^^^^^^^^^^^^^^^^^^^^^^^^^^^^^^^^^^^^^^^^^^^
  File "/home/airflow/.local/lib/python3.11/site-packages/airflow/providers/docker/operators/docker.py", line 273, in __init__
    super().__init__(**kwargs)
  File "/home/airflow/.local/lib/python3.11/site-packages/airflow/models/baseoperator.py", line 485, in apply_defaults
    result = func(self, **kwargs, default_args=default_args)
             ^^^^^^^^^^^^^^^^^^^^^^^^^^^^^^^^^^^^^^^^^^^^^^^
  File "/home/airflow/.local/lib/python3.11/site-packages/airflow/models/baseoperator.py", line 882, in __init__
    raise AirflowException(
airflow.exceptions.AirflowException: Invalid arguments were passed to DockerOperator (task_id: dbt_reference_models). Invalid arguments were:
**kwargs: {'volumes': ['C:/Users/uzair/Documents/GitHub/Enpal/dbt/dbt_project:/dbt']}
[2025-12-29T01:51:57.149+0000] {processor.py:842} WARNING - No viable dags retrieved from /opt/airflow/dags/refrence_setup.py
[2025-12-29T01:51:57.164+0000] {processor.py:183} INFO - Processing /opt/airflow/dags/refrence_setup.py took 0.035 seconds
[2025-12-29T01:52:27.368+0000] {processor.py:161} INFO - Started process (PID=312) to work on /opt/airflow/dags/refrence_setup.py
[2025-12-29T01:52:27.368+0000] {processor.py:830} INFO - Processing file /opt/airflow/dags/refrence_setup.py for tasks to queue
[2025-12-29T01:52:27.370+0000] {logging_mixin.py:188} INFO - [2025-12-29T01:52:27.369+0000] {dagbag.py:545} INFO - Filling up the DagBag from /opt/airflow/dags/refrence_setup.py
[2025-12-29T01:52:27.384+0000] {logging_mixin.py:188} INFO - [2025-12-29T01:52:27.381+0000] {dagbag.py:355} ERROR - Failed to import: /opt/airflow/dags/refrence_setup.py
Traceback (most recent call last):
  File "/home/airflow/.local/lib/python3.11/site-packages/airflow/models/dagbag.py", line 351, in parse
    loader.exec_module(new_module)
  File "<frozen importlib._bootstrap_external>", line 940, in exec_module
  File "<frozen importlib._bootstrap>", line 241, in _call_with_frames_removed
  File "/opt/airflow/dags/refrence_setup.py", line 68, in <module>
    dbt_reference_models = dbt_run_task(
                           ^^^^^^^^^^^^^
  File "/opt/airflow/dags/refrence_setup.py", line 41, in dbt_run_task
    return DockerOperator(
           ^^^^^^^^^^^^^^^
  File "/home/airflow/.local/lib/python3.11/site-packages/airflow/models/baseoperator.py", line 485, in apply_defaults
    result = func(self, **kwargs, default_args=default_args)
             ^^^^^^^^^^^^^^^^^^^^^^^^^^^^^^^^^^^^^^^^^^^^^^^
  File "/home/airflow/.local/lib/python3.11/site-packages/airflow/providers/docker/operators/docker.py", line 273, in __init__
    super().__init__(**kwargs)
  File "/home/airflow/.local/lib/python3.11/site-packages/airflow/models/baseoperator.py", line 485, in apply_defaults
    result = func(self, **kwargs, default_args=default_args)
             ^^^^^^^^^^^^^^^^^^^^^^^^^^^^^^^^^^^^^^^^^^^^^^^
  File "/home/airflow/.local/lib/python3.11/site-packages/airflow/models/baseoperator.py", line 882, in __init__
    raise AirflowException(
airflow.exceptions.AirflowException: Invalid arguments were passed to DockerOperator (task_id: dbt_reference_models). Invalid arguments were:
**kwargs: {'volumes': ['C:/Users/uzair/Documents/GitHub/Enpal/dbt/dbt_project:/dbt']}
[2025-12-29T01:52:27.385+0000] {processor.py:842} WARNING - No viable dags retrieved from /opt/airflow/dags/refrence_setup.py
[2025-12-29T01:52:27.402+0000] {processor.py:183} INFO - Processing /opt/airflow/dags/refrence_setup.py took 0.038 seconds
[2025-12-29T01:52:57.615+0000] {processor.py:161} INFO - Started process (PID=322) to work on /opt/airflow/dags/refrence_setup.py
[2025-12-29T01:52:57.616+0000] {processor.py:830} INFO - Processing file /opt/airflow/dags/refrence_setup.py for tasks to queue
[2025-12-29T01:52:57.617+0000] {logging_mixin.py:188} INFO - [2025-12-29T01:52:57.617+0000] {dagbag.py:545} INFO - Filling up the DagBag from /opt/airflow/dags/refrence_setup.py
[2025-12-29T01:52:57.632+0000] {logging_mixin.py:188} INFO - [2025-12-29T01:52:57.628+0000] {dagbag.py:355} ERROR - Failed to import: /opt/airflow/dags/refrence_setup.py
Traceback (most recent call last):
  File "/home/airflow/.local/lib/python3.11/site-packages/airflow/models/dagbag.py", line 351, in parse
    loader.exec_module(new_module)
  File "<frozen importlib._bootstrap_external>", line 940, in exec_module
  File "<frozen importlib._bootstrap>", line 241, in _call_with_frames_removed
  File "/opt/airflow/dags/refrence_setup.py", line 68, in <module>
    dbt_reference_models = dbt_run_task(
                           ^^^^^^^^^^^^^
  File "/opt/airflow/dags/refrence_setup.py", line 41, in dbt_run_task
    return DockerOperator(
           ^^^^^^^^^^^^^^^
  File "/home/airflow/.local/lib/python3.11/site-packages/airflow/models/baseoperator.py", line 485, in apply_defaults
    result = func(self, **kwargs, default_args=default_args)
             ^^^^^^^^^^^^^^^^^^^^^^^^^^^^^^^^^^^^^^^^^^^^^^^
  File "/home/airflow/.local/lib/python3.11/site-packages/airflow/providers/docker/operators/docker.py", line 273, in __init__
    super().__init__(**kwargs)
  File "/home/airflow/.local/lib/python3.11/site-packages/airflow/models/baseoperator.py", line 485, in apply_defaults
    result = func(self, **kwargs, default_args=default_args)
             ^^^^^^^^^^^^^^^^^^^^^^^^^^^^^^^^^^^^^^^^^^^^^^^
  File "/home/airflow/.local/lib/python3.11/site-packages/airflow/models/baseoperator.py", line 882, in __init__
    raise AirflowException(
airflow.exceptions.AirflowException: Invalid arguments were passed to DockerOperator (task_id: dbt_reference_models). Invalid arguments were:
**kwargs: {'volumes': ['C:/Users/uzair/Documents/GitHub/Enpal/dbt/dbt_project:/dbt']}
[2025-12-29T01:52:57.632+0000] {processor.py:842} WARNING - No viable dags retrieved from /opt/airflow/dags/refrence_setup.py
[2025-12-29T01:52:57.649+0000] {processor.py:183} INFO - Processing /opt/airflow/dags/refrence_setup.py took 0.037 seconds
[2025-12-29T01:53:27.874+0000] {processor.py:161} INFO - Started process (PID=332) to work on /opt/airflow/dags/refrence_setup.py
[2025-12-29T01:53:27.875+0000] {processor.py:830} INFO - Processing file /opt/airflow/dags/refrence_setup.py for tasks to queue
[2025-12-29T01:53:27.876+0000] {logging_mixin.py:188} INFO - [2025-12-29T01:53:27.876+0000] {dagbag.py:545} INFO - Filling up the DagBag from /opt/airflow/dags/refrence_setup.py
[2025-12-29T01:53:27.892+0000] {logging_mixin.py:188} INFO - [2025-12-29T01:53:27.887+0000] {dagbag.py:355} ERROR - Failed to import: /opt/airflow/dags/refrence_setup.py
Traceback (most recent call last):
  File "/home/airflow/.local/lib/python3.11/site-packages/airflow/models/dagbag.py", line 351, in parse
    loader.exec_module(new_module)
  File "<frozen importlib._bootstrap_external>", line 940, in exec_module
  File "<frozen importlib._bootstrap>", line 241, in _call_with_frames_removed
  File "/opt/airflow/dags/refrence_setup.py", line 68, in <module>
    dbt_reference_models = dbt_run_task(
                           ^^^^^^^^^^^^^
  File "/opt/airflow/dags/refrence_setup.py", line 41, in dbt_run_task
    return DockerOperator(
           ^^^^^^^^^^^^^^^
  File "/home/airflow/.local/lib/python3.11/site-packages/airflow/models/baseoperator.py", line 485, in apply_defaults
    result = func(self, **kwargs, default_args=default_args)
             ^^^^^^^^^^^^^^^^^^^^^^^^^^^^^^^^^^^^^^^^^^^^^^^
  File "/home/airflow/.local/lib/python3.11/site-packages/airflow/providers/docker/operators/docker.py", line 273, in __init__
    super().__init__(**kwargs)
  File "/home/airflow/.local/lib/python3.11/site-packages/airflow/models/baseoperator.py", line 485, in apply_defaults
    result = func(self, **kwargs, default_args=default_args)
             ^^^^^^^^^^^^^^^^^^^^^^^^^^^^^^^^^^^^^^^^^^^^^^^
  File "/home/airflow/.local/lib/python3.11/site-packages/airflow/models/baseoperator.py", line 882, in __init__
    raise AirflowException(
airflow.exceptions.AirflowException: Invalid arguments were passed to DockerOperator (task_id: dbt_reference_models). Invalid arguments were:
**kwargs: {'volumes': ['C:/Users/uzair/Documents/GitHub/Enpal/dbt/dbt_project:/dbt']}
[2025-12-29T01:53:27.892+0000] {processor.py:842} WARNING - No viable dags retrieved from /opt/airflow/dags/refrence_setup.py
[2025-12-29T01:53:27.909+0000] {processor.py:183} INFO - Processing /opt/airflow/dags/refrence_setup.py took 0.040 seconds
[2025-12-29T01:53:58.123+0000] {processor.py:161} INFO - Started process (PID=342) to work on /opt/airflow/dags/refrence_setup.py
[2025-12-29T01:53:58.123+0000] {processor.py:830} INFO - Processing file /opt/airflow/dags/refrence_setup.py for tasks to queue
[2025-12-29T01:53:58.125+0000] {logging_mixin.py:188} INFO - [2025-12-29T01:53:58.125+0000] {dagbag.py:545} INFO - Filling up the DagBag from /opt/airflow/dags/refrence_setup.py
[2025-12-29T01:53:58.140+0000] {logging_mixin.py:188} INFO - [2025-12-29T01:53:58.136+0000] {dagbag.py:355} ERROR - Failed to import: /opt/airflow/dags/refrence_setup.py
Traceback (most recent call last):
  File "/home/airflow/.local/lib/python3.11/site-packages/airflow/models/dagbag.py", line 351, in parse
    loader.exec_module(new_module)
  File "<frozen importlib._bootstrap_external>", line 940, in exec_module
  File "<frozen importlib._bootstrap>", line 241, in _call_with_frames_removed
  File "/opt/airflow/dags/refrence_setup.py", line 68, in <module>
    dbt_reference_models = dbt_run_task(
                           ^^^^^^^^^^^^^
  File "/opt/airflow/dags/refrence_setup.py", line 41, in dbt_run_task
    return DockerOperator(
           ^^^^^^^^^^^^^^^
  File "/home/airflow/.local/lib/python3.11/site-packages/airflow/models/baseoperator.py", line 485, in apply_defaults
    result = func(self, **kwargs, default_args=default_args)
             ^^^^^^^^^^^^^^^^^^^^^^^^^^^^^^^^^^^^^^^^^^^^^^^
  File "/home/airflow/.local/lib/python3.11/site-packages/airflow/providers/docker/operators/docker.py", line 273, in __init__
    super().__init__(**kwargs)
  File "/home/airflow/.local/lib/python3.11/site-packages/airflow/models/baseoperator.py", line 485, in apply_defaults
    result = func(self, **kwargs, default_args=default_args)
             ^^^^^^^^^^^^^^^^^^^^^^^^^^^^^^^^^^^^^^^^^^^^^^^
  File "/home/airflow/.local/lib/python3.11/site-packages/airflow/models/baseoperator.py", line 882, in __init__
    raise AirflowException(
airflow.exceptions.AirflowException: Invalid arguments were passed to DockerOperator (task_id: dbt_reference_models). Invalid arguments were:
**kwargs: {'volumes': ['C:/Users/uzair/Documents/GitHub/Enpal/dbt/dbt_project:/dbt']}
[2025-12-29T01:53:58.140+0000] {processor.py:842} WARNING - No viable dags retrieved from /opt/airflow/dags/refrence_setup.py
[2025-12-29T01:53:58.156+0000] {processor.py:183} INFO - Processing /opt/airflow/dags/refrence_setup.py took 0.037 seconds
[2025-12-29T01:54:28.379+0000] {processor.py:161} INFO - Started process (PID=352) to work on /opt/airflow/dags/refrence_setup.py
[2025-12-29T01:54:28.380+0000] {processor.py:830} INFO - Processing file /opt/airflow/dags/refrence_setup.py for tasks to queue
[2025-12-29T01:54:28.381+0000] {logging_mixin.py:188} INFO - [2025-12-29T01:54:28.381+0000] {dagbag.py:545} INFO - Filling up the DagBag from /opt/airflow/dags/refrence_setup.py
[2025-12-29T01:54:28.397+0000] {logging_mixin.py:188} INFO - [2025-12-29T01:54:28.393+0000] {dagbag.py:355} ERROR - Failed to import: /opt/airflow/dags/refrence_setup.py
Traceback (most recent call last):
  File "/home/airflow/.local/lib/python3.11/site-packages/airflow/models/dagbag.py", line 351, in parse
    loader.exec_module(new_module)
  File "<frozen importlib._bootstrap_external>", line 940, in exec_module
  File "<frozen importlib._bootstrap>", line 241, in _call_with_frames_removed
  File "/opt/airflow/dags/refrence_setup.py", line 68, in <module>
    dbt_reference_models = dbt_run_task(
                           ^^^^^^^^^^^^^
  File "/opt/airflow/dags/refrence_setup.py", line 41, in dbt_run_task
    return DockerOperator(
           ^^^^^^^^^^^^^^^
  File "/home/airflow/.local/lib/python3.11/site-packages/airflow/models/baseoperator.py", line 485, in apply_defaults
    result = func(self, **kwargs, default_args=default_args)
             ^^^^^^^^^^^^^^^^^^^^^^^^^^^^^^^^^^^^^^^^^^^^^^^
  File "/home/airflow/.local/lib/python3.11/site-packages/airflow/providers/docker/operators/docker.py", line 273, in __init__
    super().__init__(**kwargs)
  File "/home/airflow/.local/lib/python3.11/site-packages/airflow/models/baseoperator.py", line 485, in apply_defaults
    result = func(self, **kwargs, default_args=default_args)
             ^^^^^^^^^^^^^^^^^^^^^^^^^^^^^^^^^^^^^^^^^^^^^^^
  File "/home/airflow/.local/lib/python3.11/site-packages/airflow/models/baseoperator.py", line 882, in __init__
    raise AirflowException(
airflow.exceptions.AirflowException: Invalid arguments were passed to DockerOperator (task_id: dbt_reference_models). Invalid arguments were:
**kwargs: {'volumes': ['C:/Users/uzair/Documents/GitHub/Enpal/dbt/dbt_project:/dbt']}
[2025-12-29T01:54:28.398+0000] {processor.py:842} WARNING - No viable dags retrieved from /opt/airflow/dags/refrence_setup.py
[2025-12-29T01:54:28.415+0000] {processor.py:183} INFO - Processing /opt/airflow/dags/refrence_setup.py took 0.040 seconds
[2025-12-29T01:54:58.621+0000] {processor.py:161} INFO - Started process (PID=362) to work on /opt/airflow/dags/refrence_setup.py
[2025-12-29T01:54:58.622+0000] {processor.py:830} INFO - Processing file /opt/airflow/dags/refrence_setup.py for tasks to queue
[2025-12-29T01:54:58.623+0000] {logging_mixin.py:188} INFO - [2025-12-29T01:54:58.622+0000] {dagbag.py:545} INFO - Filling up the DagBag from /opt/airflow/dags/refrence_setup.py
[2025-12-29T01:54:58.638+0000] {logging_mixin.py:188} INFO - [2025-12-29T01:54:58.634+0000] {dagbag.py:355} ERROR - Failed to import: /opt/airflow/dags/refrence_setup.py
Traceback (most recent call last):
  File "/home/airflow/.local/lib/python3.11/site-packages/airflow/models/dagbag.py", line 351, in parse
    loader.exec_module(new_module)
  File "<frozen importlib._bootstrap_external>", line 940, in exec_module
  File "<frozen importlib._bootstrap>", line 241, in _call_with_frames_removed
  File "/opt/airflow/dags/refrence_setup.py", line 68, in <module>
    dbt_reference_models = dbt_run_task(
                           ^^^^^^^^^^^^^
  File "/opt/airflow/dags/refrence_setup.py", line 41, in dbt_run_task
    return DockerOperator(
           ^^^^^^^^^^^^^^^
  File "/home/airflow/.local/lib/python3.11/site-packages/airflow/models/baseoperator.py", line 485, in apply_defaults
    result = func(self, **kwargs, default_args=default_args)
             ^^^^^^^^^^^^^^^^^^^^^^^^^^^^^^^^^^^^^^^^^^^^^^^
  File "/home/airflow/.local/lib/python3.11/site-packages/airflow/providers/docker/operators/docker.py", line 273, in __init__
    super().__init__(**kwargs)
  File "/home/airflow/.local/lib/python3.11/site-packages/airflow/models/baseoperator.py", line 485, in apply_defaults
    result = func(self, **kwargs, default_args=default_args)
             ^^^^^^^^^^^^^^^^^^^^^^^^^^^^^^^^^^^^^^^^^^^^^^^
  File "/home/airflow/.local/lib/python3.11/site-packages/airflow/models/baseoperator.py", line 882, in __init__
    raise AirflowException(
airflow.exceptions.AirflowException: Invalid arguments were passed to DockerOperator (task_id: dbt_reference_models). Invalid arguments were:
**kwargs: {'volumes': ['C:/Users/uzair/Documents/GitHub/Enpal/dbt/dbt_project:/dbt']}
[2025-12-29T01:54:58.639+0000] {processor.py:842} WARNING - No viable dags retrieved from /opt/airflow/dags/refrence_setup.py
[2025-12-29T01:54:58.654+0000] {processor.py:183} INFO - Processing /opt/airflow/dags/refrence_setup.py took 0.037 seconds
[2025-12-29T01:55:28.866+0000] {processor.py:161} INFO - Started process (PID=372) to work on /opt/airflow/dags/refrence_setup.py
[2025-12-29T01:55:28.867+0000] {processor.py:830} INFO - Processing file /opt/airflow/dags/refrence_setup.py for tasks to queue
[2025-12-29T01:55:28.868+0000] {logging_mixin.py:188} INFO - [2025-12-29T01:55:28.868+0000] {dagbag.py:545} INFO - Filling up the DagBag from /opt/airflow/dags/refrence_setup.py
[2025-12-29T01:55:28.884+0000] {logging_mixin.py:188} INFO - [2025-12-29T01:55:28.880+0000] {dagbag.py:355} ERROR - Failed to import: /opt/airflow/dags/refrence_setup.py
Traceback (most recent call last):
  File "/home/airflow/.local/lib/python3.11/site-packages/airflow/models/dagbag.py", line 351, in parse
    loader.exec_module(new_module)
  File "<frozen importlib._bootstrap_external>", line 940, in exec_module
  File "<frozen importlib._bootstrap>", line 241, in _call_with_frames_removed
  File "/opt/airflow/dags/refrence_setup.py", line 68, in <module>
    dbt_reference_models = dbt_run_task(
                           ^^^^^^^^^^^^^
  File "/opt/airflow/dags/refrence_setup.py", line 41, in dbt_run_task
    return DockerOperator(
           ^^^^^^^^^^^^^^^
  File "/home/airflow/.local/lib/python3.11/site-packages/airflow/models/baseoperator.py", line 485, in apply_defaults
    result = func(self, **kwargs, default_args=default_args)
             ^^^^^^^^^^^^^^^^^^^^^^^^^^^^^^^^^^^^^^^^^^^^^^^
  File "/home/airflow/.local/lib/python3.11/site-packages/airflow/providers/docker/operators/docker.py", line 273, in __init__
    super().__init__(**kwargs)
  File "/home/airflow/.local/lib/python3.11/site-packages/airflow/models/baseoperator.py", line 485, in apply_defaults
    result = func(self, **kwargs, default_args=default_args)
             ^^^^^^^^^^^^^^^^^^^^^^^^^^^^^^^^^^^^^^^^^^^^^^^
  File "/home/airflow/.local/lib/python3.11/site-packages/airflow/models/baseoperator.py", line 882, in __init__
    raise AirflowException(
airflow.exceptions.AirflowException: Invalid arguments were passed to DockerOperator (task_id: dbt_reference_models). Invalid arguments were:
**kwargs: {'volumes': ['C:/Users/uzair/Documents/GitHub/Enpal/dbt/dbt_project:/dbt']}
[2025-12-29T01:55:28.885+0000] {processor.py:842} WARNING - No viable dags retrieved from /opt/airflow/dags/refrence_setup.py
[2025-12-29T01:55:28.902+0000] {processor.py:183} INFO - Processing /opt/airflow/dags/refrence_setup.py took 0.041 seconds
[2025-12-29T01:55:59.108+0000] {processor.py:161} INFO - Started process (PID=382) to work on /opt/airflow/dags/refrence_setup.py
[2025-12-29T01:55:59.109+0000] {processor.py:830} INFO - Processing file /opt/airflow/dags/refrence_setup.py for tasks to queue
[2025-12-29T01:55:59.110+0000] {logging_mixin.py:188} INFO - [2025-12-29T01:55:59.110+0000] {dagbag.py:545} INFO - Filling up the DagBag from /opt/airflow/dags/refrence_setup.py
[2025-12-29T01:55:59.126+0000] {logging_mixin.py:188} INFO - [2025-12-29T01:55:59.122+0000] {dagbag.py:355} ERROR - Failed to import: /opt/airflow/dags/refrence_setup.py
Traceback (most recent call last):
  File "/home/airflow/.local/lib/python3.11/site-packages/airflow/models/dagbag.py", line 351, in parse
    loader.exec_module(new_module)
  File "<frozen importlib._bootstrap_external>", line 940, in exec_module
  File "<frozen importlib._bootstrap>", line 241, in _call_with_frames_removed
  File "/opt/airflow/dags/refrence_setup.py", line 68, in <module>
    dbt_reference_models = dbt_run_task(
                           ^^^^^^^^^^^^^
  File "/opt/airflow/dags/refrence_setup.py", line 41, in dbt_run_task
    return DockerOperator(
           ^^^^^^^^^^^^^^^
  File "/home/airflow/.local/lib/python3.11/site-packages/airflow/models/baseoperator.py", line 485, in apply_defaults
    result = func(self, **kwargs, default_args=default_args)
             ^^^^^^^^^^^^^^^^^^^^^^^^^^^^^^^^^^^^^^^^^^^^^^^
  File "/home/airflow/.local/lib/python3.11/site-packages/airflow/providers/docker/operators/docker.py", line 273, in __init__
    super().__init__(**kwargs)
  File "/home/airflow/.local/lib/python3.11/site-packages/airflow/models/baseoperator.py", line 485, in apply_defaults
    result = func(self, **kwargs, default_args=default_args)
             ^^^^^^^^^^^^^^^^^^^^^^^^^^^^^^^^^^^^^^^^^^^^^^^
  File "/home/airflow/.local/lib/python3.11/site-packages/airflow/models/baseoperator.py", line 882, in __init__
    raise AirflowException(
airflow.exceptions.AirflowException: Invalid arguments were passed to DockerOperator (task_id: dbt_reference_models). Invalid arguments were:
**kwargs: {'volumes': ['C:/Users/uzair/Documents/GitHub/Enpal/dbt/dbt_project:/dbt']}
[2025-12-29T01:55:59.127+0000] {processor.py:842} WARNING - No viable dags retrieved from /opt/airflow/dags/refrence_setup.py
[2025-12-29T01:55:59.144+0000] {processor.py:183} INFO - Processing /opt/airflow/dags/refrence_setup.py took 0.041 seconds
[2025-12-29T01:56:29.373+0000] {processor.py:161} INFO - Started process (PID=392) to work on /opt/airflow/dags/refrence_setup.py
[2025-12-29T01:56:29.374+0000] {processor.py:830} INFO - Processing file /opt/airflow/dags/refrence_setup.py for tasks to queue
[2025-12-29T01:56:29.375+0000] {logging_mixin.py:188} INFO - [2025-12-29T01:56:29.375+0000] {dagbag.py:545} INFO - Filling up the DagBag from /opt/airflow/dags/refrence_setup.py
[2025-12-29T01:56:29.391+0000] {logging_mixin.py:188} INFO - [2025-12-29T01:56:29.387+0000] {dagbag.py:355} ERROR - Failed to import: /opt/airflow/dags/refrence_setup.py
Traceback (most recent call last):
  File "/home/airflow/.local/lib/python3.11/site-packages/airflow/models/dagbag.py", line 351, in parse
    loader.exec_module(new_module)
  File "<frozen importlib._bootstrap_external>", line 940, in exec_module
  File "<frozen importlib._bootstrap>", line 241, in _call_with_frames_removed
  File "/opt/airflow/dags/refrence_setup.py", line 68, in <module>
    dbt_reference_models = dbt_run_task(
                           ^^^^^^^^^^^^^
  File "/opt/airflow/dags/refrence_setup.py", line 41, in dbt_run_task
    return DockerOperator(
           ^^^^^^^^^^^^^^^
  File "/home/airflow/.local/lib/python3.11/site-packages/airflow/models/baseoperator.py", line 485, in apply_defaults
    result = func(self, **kwargs, default_args=default_args)
             ^^^^^^^^^^^^^^^^^^^^^^^^^^^^^^^^^^^^^^^^^^^^^^^
  File "/home/airflow/.local/lib/python3.11/site-packages/airflow/providers/docker/operators/docker.py", line 273, in __init__
    super().__init__(**kwargs)
  File "/home/airflow/.local/lib/python3.11/site-packages/airflow/models/baseoperator.py", line 485, in apply_defaults
    result = func(self, **kwargs, default_args=default_args)
             ^^^^^^^^^^^^^^^^^^^^^^^^^^^^^^^^^^^^^^^^^^^^^^^
  File "/home/airflow/.local/lib/python3.11/site-packages/airflow/models/baseoperator.py", line 882, in __init__
    raise AirflowException(
airflow.exceptions.AirflowException: Invalid arguments were passed to DockerOperator (task_id: dbt_reference_models). Invalid arguments were:
**kwargs: {'volumes': ['C:/Users/uzair/Documents/GitHub/Enpal/dbt/dbt_project:/dbt']}
[2025-12-29T01:56:29.392+0000] {processor.py:842} WARNING - No viable dags retrieved from /opt/airflow/dags/refrence_setup.py
[2025-12-29T01:56:29.409+0000] {processor.py:183} INFO - Processing /opt/airflow/dags/refrence_setup.py took 0.040 seconds
[2025-12-29T01:56:59.606+0000] {processor.py:161} INFO - Started process (PID=402) to work on /opt/airflow/dags/refrence_setup.py
[2025-12-29T01:56:59.607+0000] {processor.py:830} INFO - Processing file /opt/airflow/dags/refrence_setup.py for tasks to queue
[2025-12-29T01:56:59.609+0000] {logging_mixin.py:188} INFO - [2025-12-29T01:56:59.608+0000] {dagbag.py:545} INFO - Filling up the DagBag from /opt/airflow/dags/refrence_setup.py
[2025-12-29T01:56:59.624+0000] {logging_mixin.py:188} INFO - [2025-12-29T01:56:59.620+0000] {dagbag.py:355} ERROR - Failed to import: /opt/airflow/dags/refrence_setup.py
Traceback (most recent call last):
  File "/home/airflow/.local/lib/python3.11/site-packages/airflow/models/dagbag.py", line 351, in parse
    loader.exec_module(new_module)
  File "<frozen importlib._bootstrap_external>", line 940, in exec_module
  File "<frozen importlib._bootstrap>", line 241, in _call_with_frames_removed
  File "/opt/airflow/dags/refrence_setup.py", line 68, in <module>
    dbt_reference_models = dbt_run_task(
                           ^^^^^^^^^^^^^
  File "/opt/airflow/dags/refrence_setup.py", line 41, in dbt_run_task
    return DockerOperator(
           ^^^^^^^^^^^^^^^
  File "/home/airflow/.local/lib/python3.11/site-packages/airflow/models/baseoperator.py", line 485, in apply_defaults
    result = func(self, **kwargs, default_args=default_args)
             ^^^^^^^^^^^^^^^^^^^^^^^^^^^^^^^^^^^^^^^^^^^^^^^
  File "/home/airflow/.local/lib/python3.11/site-packages/airflow/providers/docker/operators/docker.py", line 273, in __init__
    super().__init__(**kwargs)
  File "/home/airflow/.local/lib/python3.11/site-packages/airflow/models/baseoperator.py", line 485, in apply_defaults
    result = func(self, **kwargs, default_args=default_args)
             ^^^^^^^^^^^^^^^^^^^^^^^^^^^^^^^^^^^^^^^^^^^^^^^
  File "/home/airflow/.local/lib/python3.11/site-packages/airflow/models/baseoperator.py", line 882, in __init__
    raise AirflowException(
airflow.exceptions.AirflowException: Invalid arguments were passed to DockerOperator (task_id: dbt_reference_models). Invalid arguments were:
**kwargs: {'volumes': ['C:/Users/uzair/Documents/GitHub/Enpal/dbt/dbt_project:/dbt']}
[2025-12-29T01:56:59.625+0000] {processor.py:842} WARNING - No viable dags retrieved from /opt/airflow/dags/refrence_setup.py
[2025-12-29T01:56:59.643+0000] {processor.py:183} INFO - Processing /opt/airflow/dags/refrence_setup.py took 0.040 seconds
[2025-12-29T01:57:29.850+0000] {processor.py:161} INFO - Started process (PID=412) to work on /opt/airflow/dags/refrence_setup.py
[2025-12-29T01:57:29.850+0000] {processor.py:830} INFO - Processing file /opt/airflow/dags/refrence_setup.py for tasks to queue
[2025-12-29T01:57:29.852+0000] {logging_mixin.py:188} INFO - [2025-12-29T01:57:29.852+0000] {dagbag.py:545} INFO - Filling up the DagBag from /opt/airflow/dags/refrence_setup.py
[2025-12-29T01:57:29.867+0000] {logging_mixin.py:188} INFO - [2025-12-29T01:57:29.863+0000] {dagbag.py:355} ERROR - Failed to import: /opt/airflow/dags/refrence_setup.py
Traceback (most recent call last):
  File "/home/airflow/.local/lib/python3.11/site-packages/airflow/models/dagbag.py", line 351, in parse
    loader.exec_module(new_module)
  File "<frozen importlib._bootstrap_external>", line 940, in exec_module
  File "<frozen importlib._bootstrap>", line 241, in _call_with_frames_removed
  File "/opt/airflow/dags/refrence_setup.py", line 68, in <module>
    dbt_reference_models = dbt_run_task(
                           ^^^^^^^^^^^^^
  File "/opt/airflow/dags/refrence_setup.py", line 41, in dbt_run_task
    return DockerOperator(
           ^^^^^^^^^^^^^^^
  File "/home/airflow/.local/lib/python3.11/site-packages/airflow/models/baseoperator.py", line 485, in apply_defaults
    result = func(self, **kwargs, default_args=default_args)
             ^^^^^^^^^^^^^^^^^^^^^^^^^^^^^^^^^^^^^^^^^^^^^^^
  File "/home/airflow/.local/lib/python3.11/site-packages/airflow/providers/docker/operators/docker.py", line 273, in __init__
    super().__init__(**kwargs)
  File "/home/airflow/.local/lib/python3.11/site-packages/airflow/models/baseoperator.py", line 485, in apply_defaults
    result = func(self, **kwargs, default_args=default_args)
             ^^^^^^^^^^^^^^^^^^^^^^^^^^^^^^^^^^^^^^^^^^^^^^^
  File "/home/airflow/.local/lib/python3.11/site-packages/airflow/models/baseoperator.py", line 882, in __init__
    raise AirflowException(
airflow.exceptions.AirflowException: Invalid arguments were passed to DockerOperator (task_id: dbt_reference_models). Invalid arguments were:
**kwargs: {'volumes': ['C:/Users/uzair/Documents/GitHub/Enpal/dbt/dbt_project:/dbt']}
[2025-12-29T01:57:29.868+0000] {processor.py:842} WARNING - No viable dags retrieved from /opt/airflow/dags/refrence_setup.py
[2025-12-29T01:57:29.885+0000] {processor.py:183} INFO - Processing /opt/airflow/dags/refrence_setup.py took 0.039 seconds
[2025-12-29T01:58:00.093+0000] {processor.py:161} INFO - Started process (PID=422) to work on /opt/airflow/dags/refrence_setup.py
[2025-12-29T01:58:00.094+0000] {processor.py:830} INFO - Processing file /opt/airflow/dags/refrence_setup.py for tasks to queue
[2025-12-29T01:58:00.095+0000] {logging_mixin.py:188} INFO - [2025-12-29T01:58:00.095+0000] {dagbag.py:545} INFO - Filling up the DagBag from /opt/airflow/dags/refrence_setup.py
[2025-12-29T01:58:00.110+0000] {logging_mixin.py:188} INFO - [2025-12-29T01:58:00.106+0000] {dagbag.py:355} ERROR - Failed to import: /opt/airflow/dags/refrence_setup.py
Traceback (most recent call last):
  File "/home/airflow/.local/lib/python3.11/site-packages/airflow/models/dagbag.py", line 351, in parse
    loader.exec_module(new_module)
  File "<frozen importlib._bootstrap_external>", line 940, in exec_module
  File "<frozen importlib._bootstrap>", line 241, in _call_with_frames_removed
  File "/opt/airflow/dags/refrence_setup.py", line 68, in <module>
    dbt_reference_models = dbt_run_task(
                           ^^^^^^^^^^^^^
  File "/opt/airflow/dags/refrence_setup.py", line 41, in dbt_run_task
    return DockerOperator(
           ^^^^^^^^^^^^^^^
  File "/home/airflow/.local/lib/python3.11/site-packages/airflow/models/baseoperator.py", line 485, in apply_defaults
    result = func(self, **kwargs, default_args=default_args)
             ^^^^^^^^^^^^^^^^^^^^^^^^^^^^^^^^^^^^^^^^^^^^^^^
  File "/home/airflow/.local/lib/python3.11/site-packages/airflow/providers/docker/operators/docker.py", line 273, in __init__
    super().__init__(**kwargs)
  File "/home/airflow/.local/lib/python3.11/site-packages/airflow/models/baseoperator.py", line 485, in apply_defaults
    result = func(self, **kwargs, default_args=default_args)
             ^^^^^^^^^^^^^^^^^^^^^^^^^^^^^^^^^^^^^^^^^^^^^^^
  File "/home/airflow/.local/lib/python3.11/site-packages/airflow/models/baseoperator.py", line 882, in __init__
    raise AirflowException(
airflow.exceptions.AirflowException: Invalid arguments were passed to DockerOperator (task_id: dbt_reference_models). Invalid arguments were:
**kwargs: {'volumes': ['C:/Users/uzair/Documents/GitHub/Enpal/dbt/dbt_project:/dbt']}
[2025-12-29T01:58:00.111+0000] {processor.py:842} WARNING - No viable dags retrieved from /opt/airflow/dags/refrence_setup.py
[2025-12-29T01:58:00.126+0000] {processor.py:183} INFO - Processing /opt/airflow/dags/refrence_setup.py took 0.037 seconds
[2025-12-29T01:58:30.335+0000] {processor.py:161} INFO - Started process (PID=432) to work on /opt/airflow/dags/refrence_setup.py
[2025-12-29T01:58:30.336+0000] {processor.py:830} INFO - Processing file /opt/airflow/dags/refrence_setup.py for tasks to queue
[2025-12-29T01:58:30.337+0000] {logging_mixin.py:188} INFO - [2025-12-29T01:58:30.337+0000] {dagbag.py:545} INFO - Filling up the DagBag from /opt/airflow/dags/refrence_setup.py
[2025-12-29T01:58:30.353+0000] {logging_mixin.py:188} INFO - [2025-12-29T01:58:30.349+0000] {dagbag.py:355} ERROR - Failed to import: /opt/airflow/dags/refrence_setup.py
Traceback (most recent call last):
  File "/home/airflow/.local/lib/python3.11/site-packages/airflow/models/dagbag.py", line 351, in parse
    loader.exec_module(new_module)
  File "<frozen importlib._bootstrap_external>", line 940, in exec_module
  File "<frozen importlib._bootstrap>", line 241, in _call_with_frames_removed
  File "/opt/airflow/dags/refrence_setup.py", line 68, in <module>
    dbt_reference_models = dbt_run_task(
                           ^^^^^^^^^^^^^
  File "/opt/airflow/dags/refrence_setup.py", line 41, in dbt_run_task
    return DockerOperator(
           ^^^^^^^^^^^^^^^
  File "/home/airflow/.local/lib/python3.11/site-packages/airflow/models/baseoperator.py", line 485, in apply_defaults
    result = func(self, **kwargs, default_args=default_args)
             ^^^^^^^^^^^^^^^^^^^^^^^^^^^^^^^^^^^^^^^^^^^^^^^
  File "/home/airflow/.local/lib/python3.11/site-packages/airflow/providers/docker/operators/docker.py", line 273, in __init__
    super().__init__(**kwargs)
  File "/home/airflow/.local/lib/python3.11/site-packages/airflow/models/baseoperator.py", line 485, in apply_defaults
    result = func(self, **kwargs, default_args=default_args)
             ^^^^^^^^^^^^^^^^^^^^^^^^^^^^^^^^^^^^^^^^^^^^^^^
  File "/home/airflow/.local/lib/python3.11/site-packages/airflow/models/baseoperator.py", line 882, in __init__
    raise AirflowException(
airflow.exceptions.AirflowException: Invalid arguments were passed to DockerOperator (task_id: dbt_reference_models). Invalid arguments were:
**kwargs: {'volumes': ['C:/Users/uzair/Documents/GitHub/Enpal/dbt/dbt_project:/dbt']}
[2025-12-29T01:58:30.354+0000] {processor.py:842} WARNING - No viable dags retrieved from /opt/airflow/dags/refrence_setup.py
[2025-12-29T01:58:30.371+0000] {processor.py:183} INFO - Processing /opt/airflow/dags/refrence_setup.py took 0.040 seconds
[2025-12-29T01:59:00.582+0000] {processor.py:161} INFO - Started process (PID=442) to work on /opt/airflow/dags/refrence_setup.py
[2025-12-29T01:59:00.583+0000] {processor.py:830} INFO - Processing file /opt/airflow/dags/refrence_setup.py for tasks to queue
[2025-12-29T01:59:00.585+0000] {logging_mixin.py:188} INFO - [2025-12-29T01:59:00.584+0000] {dagbag.py:545} INFO - Filling up the DagBag from /opt/airflow/dags/refrence_setup.py
[2025-12-29T01:59:00.605+0000] {logging_mixin.py:188} INFO - [2025-12-29T01:59:00.600+0000] {dagbag.py:355} ERROR - Failed to import: /opt/airflow/dags/refrence_setup.py
Traceback (most recent call last):
  File "/home/airflow/.local/lib/python3.11/site-packages/airflow/models/dagbag.py", line 351, in parse
    loader.exec_module(new_module)
  File "<frozen importlib._bootstrap_external>", line 940, in exec_module
  File "<frozen importlib._bootstrap>", line 241, in _call_with_frames_removed
  File "/opt/airflow/dags/refrence_setup.py", line 68, in <module>
    dbt_reference_models = dbt_run_task(
                           ^^^^^^^^^^^^^
  File "/opt/airflow/dags/refrence_setup.py", line 41, in dbt_run_task
    return DockerOperator(
           ^^^^^^^^^^^^^^^
  File "/home/airflow/.local/lib/python3.11/site-packages/airflow/models/baseoperator.py", line 485, in apply_defaults
    result = func(self, **kwargs, default_args=default_args)
             ^^^^^^^^^^^^^^^^^^^^^^^^^^^^^^^^^^^^^^^^^^^^^^^
  File "/home/airflow/.local/lib/python3.11/site-packages/airflow/providers/docker/operators/docker.py", line 273, in __init__
    super().__init__(**kwargs)
  File "/home/airflow/.local/lib/python3.11/site-packages/airflow/models/baseoperator.py", line 485, in apply_defaults
    result = func(self, **kwargs, default_args=default_args)
             ^^^^^^^^^^^^^^^^^^^^^^^^^^^^^^^^^^^^^^^^^^^^^^^
  File "/home/airflow/.local/lib/python3.11/site-packages/airflow/models/baseoperator.py", line 882, in __init__
    raise AirflowException(
airflow.exceptions.AirflowException: Invalid arguments were passed to DockerOperator (task_id: dbt_reference_models). Invalid arguments were:
**kwargs: {'volumes': ['C:/Users/uzair/Documents/GitHub/Enpal/dbt/dbt_project:/dbt']}
[2025-12-29T01:59:00.606+0000] {processor.py:842} WARNING - No viable dags retrieved from /opt/airflow/dags/refrence_setup.py
[2025-12-29T01:59:00.625+0000] {processor.py:183} INFO - Processing /opt/airflow/dags/refrence_setup.py took 0.048 seconds
[2025-12-29T01:59:30.838+0000] {processor.py:161} INFO - Started process (PID=452) to work on /opt/airflow/dags/refrence_setup.py
[2025-12-29T01:59:30.839+0000] {processor.py:830} INFO - Processing file /opt/airflow/dags/refrence_setup.py for tasks to queue
[2025-12-29T01:59:30.840+0000] {logging_mixin.py:188} INFO - [2025-12-29T01:59:30.840+0000] {dagbag.py:545} INFO - Filling up the DagBag from /opt/airflow/dags/refrence_setup.py
[2025-12-29T01:59:30.856+0000] {logging_mixin.py:188} INFO - [2025-12-29T01:59:30.852+0000] {dagbag.py:355} ERROR - Failed to import: /opt/airflow/dags/refrence_setup.py
Traceback (most recent call last):
  File "/home/airflow/.local/lib/python3.11/site-packages/airflow/models/dagbag.py", line 351, in parse
    loader.exec_module(new_module)
  File "<frozen importlib._bootstrap_external>", line 940, in exec_module
  File "<frozen importlib._bootstrap>", line 241, in _call_with_frames_removed
  File "/opt/airflow/dags/refrence_setup.py", line 68, in <module>
    dbt_reference_models = dbt_run_task(
                           ^^^^^^^^^^^^^
  File "/opt/airflow/dags/refrence_setup.py", line 41, in dbt_run_task
    return DockerOperator(
           ^^^^^^^^^^^^^^^
  File "/home/airflow/.local/lib/python3.11/site-packages/airflow/models/baseoperator.py", line 485, in apply_defaults
    result = func(self, **kwargs, default_args=default_args)
             ^^^^^^^^^^^^^^^^^^^^^^^^^^^^^^^^^^^^^^^^^^^^^^^
  File "/home/airflow/.local/lib/python3.11/site-packages/airflow/providers/docker/operators/docker.py", line 273, in __init__
    super().__init__(**kwargs)
  File "/home/airflow/.local/lib/python3.11/site-packages/airflow/models/baseoperator.py", line 485, in apply_defaults
    result = func(self, **kwargs, default_args=default_args)
             ^^^^^^^^^^^^^^^^^^^^^^^^^^^^^^^^^^^^^^^^^^^^^^^
  File "/home/airflow/.local/lib/python3.11/site-packages/airflow/models/baseoperator.py", line 882, in __init__
    raise AirflowException(
airflow.exceptions.AirflowException: Invalid arguments were passed to DockerOperator (task_id: dbt_reference_models). Invalid arguments were:
**kwargs: {'volumes': ['C:/Users/uzair/Documents/GitHub/Enpal/dbt/dbt_project:/dbt']}
[2025-12-29T01:59:30.857+0000] {processor.py:842} WARNING - No viable dags retrieved from /opt/airflow/dags/refrence_setup.py
[2025-12-29T01:59:30.873+0000] {processor.py:183} INFO - Processing /opt/airflow/dags/refrence_setup.py took 0.038 seconds
[2025-12-29T02:00:01.072+0000] {processor.py:161} INFO - Started process (PID=462) to work on /opt/airflow/dags/refrence_setup.py
[2025-12-29T02:00:01.073+0000] {processor.py:830} INFO - Processing file /opt/airflow/dags/refrence_setup.py for tasks to queue
[2025-12-29T02:00:01.074+0000] {logging_mixin.py:188} INFO - [2025-12-29T02:00:01.074+0000] {dagbag.py:545} INFO - Filling up the DagBag from /opt/airflow/dags/refrence_setup.py
[2025-12-29T02:00:01.091+0000] {logging_mixin.py:188} INFO - [2025-12-29T02:00:01.086+0000] {dagbag.py:355} ERROR - Failed to import: /opt/airflow/dags/refrence_setup.py
Traceback (most recent call last):
  File "/home/airflow/.local/lib/python3.11/site-packages/airflow/models/dagbag.py", line 351, in parse
    loader.exec_module(new_module)
  File "<frozen importlib._bootstrap_external>", line 940, in exec_module
  File "<frozen importlib._bootstrap>", line 241, in _call_with_frames_removed
  File "/opt/airflow/dags/refrence_setup.py", line 68, in <module>
    dbt_reference_models = dbt_run_task(
                           ^^^^^^^^^^^^^
  File "/opt/airflow/dags/refrence_setup.py", line 41, in dbt_run_task
    return DockerOperator(
           ^^^^^^^^^^^^^^^
  File "/home/airflow/.local/lib/python3.11/site-packages/airflow/models/baseoperator.py", line 485, in apply_defaults
    result = func(self, **kwargs, default_args=default_args)
             ^^^^^^^^^^^^^^^^^^^^^^^^^^^^^^^^^^^^^^^^^^^^^^^
  File "/home/airflow/.local/lib/python3.11/site-packages/airflow/providers/docker/operators/docker.py", line 273, in __init__
    super().__init__(**kwargs)
  File "/home/airflow/.local/lib/python3.11/site-packages/airflow/models/baseoperator.py", line 485, in apply_defaults
    result = func(self, **kwargs, default_args=default_args)
             ^^^^^^^^^^^^^^^^^^^^^^^^^^^^^^^^^^^^^^^^^^^^^^^
  File "/home/airflow/.local/lib/python3.11/site-packages/airflow/models/baseoperator.py", line 882, in __init__
    raise AirflowException(
airflow.exceptions.AirflowException: Invalid arguments were passed to DockerOperator (task_id: dbt_reference_models). Invalid arguments were:
**kwargs: {'volumes': ['C:/Users/uzair/Documents/GitHub/Enpal/dbt/dbt_project:/dbt']}
[2025-12-29T02:00:01.092+0000] {processor.py:842} WARNING - No viable dags retrieved from /opt/airflow/dags/refrence_setup.py
[2025-12-29T02:00:01.108+0000] {processor.py:183} INFO - Processing /opt/airflow/dags/refrence_setup.py took 0.040 seconds
[2025-12-29T02:00:31.318+0000] {processor.py:161} INFO - Started process (PID=472) to work on /opt/airflow/dags/refrence_setup.py
[2025-12-29T02:00:31.318+0000] {processor.py:830} INFO - Processing file /opt/airflow/dags/refrence_setup.py for tasks to queue
[2025-12-29T02:00:31.320+0000] {logging_mixin.py:188} INFO - [2025-12-29T02:00:31.320+0000] {dagbag.py:545} INFO - Filling up the DagBag from /opt/airflow/dags/refrence_setup.py
[2025-12-29T02:00:31.340+0000] {logging_mixin.py:188} INFO - [2025-12-29T02:00:31.335+0000] {dagbag.py:355} ERROR - Failed to import: /opt/airflow/dags/refrence_setup.py
Traceback (most recent call last):
  File "/home/airflow/.local/lib/python3.11/site-packages/airflow/models/dagbag.py", line 351, in parse
    loader.exec_module(new_module)
  File "<frozen importlib._bootstrap_external>", line 940, in exec_module
  File "<frozen importlib._bootstrap>", line 241, in _call_with_frames_removed
  File "/opt/airflow/dags/refrence_setup.py", line 68, in <module>
    dbt_reference_models = dbt_run_task(
                           ^^^^^^^^^^^^^
  File "/opt/airflow/dags/refrence_setup.py", line 41, in dbt_run_task
    return DockerOperator(
           ^^^^^^^^^^^^^^^
  File "/home/airflow/.local/lib/python3.11/site-packages/airflow/models/baseoperator.py", line 485, in apply_defaults
    result = func(self, **kwargs, default_args=default_args)
             ^^^^^^^^^^^^^^^^^^^^^^^^^^^^^^^^^^^^^^^^^^^^^^^
  File "/home/airflow/.local/lib/python3.11/site-packages/airflow/providers/docker/operators/docker.py", line 273, in __init__
    super().__init__(**kwargs)
  File "/home/airflow/.local/lib/python3.11/site-packages/airflow/models/baseoperator.py", line 485, in apply_defaults
    result = func(self, **kwargs, default_args=default_args)
             ^^^^^^^^^^^^^^^^^^^^^^^^^^^^^^^^^^^^^^^^^^^^^^^
  File "/home/airflow/.local/lib/python3.11/site-packages/airflow/models/baseoperator.py", line 882, in __init__
    raise AirflowException(
airflow.exceptions.AirflowException: Invalid arguments were passed to DockerOperator (task_id: dbt_reference_models). Invalid arguments were:
**kwargs: {'volumes': ['C:/Users/uzair/Documents/GitHub/Enpal/dbt/dbt_project:/dbt']}
[2025-12-29T02:00:31.340+0000] {processor.py:842} WARNING - No viable dags retrieved from /opt/airflow/dags/refrence_setup.py
[2025-12-29T02:00:31.359+0000] {processor.py:183} INFO - Processing /opt/airflow/dags/refrence_setup.py took 0.048 seconds
[2025-12-29T02:01:01.559+0000] {processor.py:161} INFO - Started process (PID=482) to work on /opt/airflow/dags/refrence_setup.py
[2025-12-29T02:01:01.559+0000] {processor.py:830} INFO - Processing file /opt/airflow/dags/refrence_setup.py for tasks to queue
[2025-12-29T02:01:01.561+0000] {logging_mixin.py:188} INFO - [2025-12-29T02:01:01.560+0000] {dagbag.py:545} INFO - Filling up the DagBag from /opt/airflow/dags/refrence_setup.py
[2025-12-29T02:01:01.576+0000] {logging_mixin.py:188} INFO - [2025-12-29T02:01:01.572+0000] {dagbag.py:355} ERROR - Failed to import: /opt/airflow/dags/refrence_setup.py
Traceback (most recent call last):
  File "/home/airflow/.local/lib/python3.11/site-packages/airflow/models/dagbag.py", line 351, in parse
    loader.exec_module(new_module)
  File "<frozen importlib._bootstrap_external>", line 940, in exec_module
  File "<frozen importlib._bootstrap>", line 241, in _call_with_frames_removed
  File "/opt/airflow/dags/refrence_setup.py", line 68, in <module>
    dbt_reference_models = dbt_run_task(
                           ^^^^^^^^^^^^^
  File "/opt/airflow/dags/refrence_setup.py", line 41, in dbt_run_task
    return DockerOperator(
           ^^^^^^^^^^^^^^^
  File "/home/airflow/.local/lib/python3.11/site-packages/airflow/models/baseoperator.py", line 485, in apply_defaults
    result = func(self, **kwargs, default_args=default_args)
             ^^^^^^^^^^^^^^^^^^^^^^^^^^^^^^^^^^^^^^^^^^^^^^^
  File "/home/airflow/.local/lib/python3.11/site-packages/airflow/providers/docker/operators/docker.py", line 273, in __init__
    super().__init__(**kwargs)
  File "/home/airflow/.local/lib/python3.11/site-packages/airflow/models/baseoperator.py", line 485, in apply_defaults
    result = func(self, **kwargs, default_args=default_args)
             ^^^^^^^^^^^^^^^^^^^^^^^^^^^^^^^^^^^^^^^^^^^^^^^
  File "/home/airflow/.local/lib/python3.11/site-packages/airflow/models/baseoperator.py", line 882, in __init__
    raise AirflowException(
airflow.exceptions.AirflowException: Invalid arguments were passed to DockerOperator (task_id: dbt_reference_models). Invalid arguments were:
**kwargs: {'volumes': ['C:/Users/uzair/Documents/GitHub/Enpal/dbt/dbt_project:/dbt']}
[2025-12-29T02:01:01.577+0000] {processor.py:842} WARNING - No viable dags retrieved from /opt/airflow/dags/refrence_setup.py
[2025-12-29T02:01:01.593+0000] {processor.py:183} INFO - Processing /opt/airflow/dags/refrence_setup.py took 0.039 seconds
[2025-12-29T02:01:31.825+0000] {processor.py:161} INFO - Started process (PID=492) to work on /opt/airflow/dags/refrence_setup.py
[2025-12-29T02:01:31.826+0000] {processor.py:830} INFO - Processing file /opt/airflow/dags/refrence_setup.py for tasks to queue
[2025-12-29T02:01:31.827+0000] {logging_mixin.py:188} INFO - [2025-12-29T02:01:31.827+0000] {dagbag.py:545} INFO - Filling up the DagBag from /opt/airflow/dags/refrence_setup.py
[2025-12-29T02:01:31.843+0000] {logging_mixin.py:188} INFO - [2025-12-29T02:01:31.839+0000] {dagbag.py:355} ERROR - Failed to import: /opt/airflow/dags/refrence_setup.py
Traceback (most recent call last):
  File "/home/airflow/.local/lib/python3.11/site-packages/airflow/models/dagbag.py", line 351, in parse
    loader.exec_module(new_module)
  File "<frozen importlib._bootstrap_external>", line 940, in exec_module
  File "<frozen importlib._bootstrap>", line 241, in _call_with_frames_removed
  File "/opt/airflow/dags/refrence_setup.py", line 68, in <module>
    dbt_reference_models = dbt_run_task(
                           ^^^^^^^^^^^^^
  File "/opt/airflow/dags/refrence_setup.py", line 41, in dbt_run_task
    return DockerOperator(
           ^^^^^^^^^^^^^^^
  File "/home/airflow/.local/lib/python3.11/site-packages/airflow/models/baseoperator.py", line 485, in apply_defaults
    result = func(self, **kwargs, default_args=default_args)
             ^^^^^^^^^^^^^^^^^^^^^^^^^^^^^^^^^^^^^^^^^^^^^^^
  File "/home/airflow/.local/lib/python3.11/site-packages/airflow/providers/docker/operators/docker.py", line 273, in __init__
    super().__init__(**kwargs)
  File "/home/airflow/.local/lib/python3.11/site-packages/airflow/models/baseoperator.py", line 485, in apply_defaults
    result = func(self, **kwargs, default_args=default_args)
             ^^^^^^^^^^^^^^^^^^^^^^^^^^^^^^^^^^^^^^^^^^^^^^^
  File "/home/airflow/.local/lib/python3.11/site-packages/airflow/models/baseoperator.py", line 882, in __init__
    raise AirflowException(
airflow.exceptions.AirflowException: Invalid arguments were passed to DockerOperator (task_id: dbt_reference_models). Invalid arguments were:
**kwargs: {'volumes': ['C:/Users/uzair/Documents/GitHub/Enpal/dbt/dbt_project:/dbt']}
[2025-12-29T02:01:31.844+0000] {processor.py:842} WARNING - No viable dags retrieved from /opt/airflow/dags/refrence_setup.py
[2025-12-29T02:01:31.862+0000] {processor.py:183} INFO - Processing /opt/airflow/dags/refrence_setup.py took 0.041 seconds
[2025-12-29T02:08:35.286+0000] {processor.py:161} INFO - Started process (PID=192) to work on /opt/airflow/dags/refrence_setup.py
[2025-12-29T02:08:35.287+0000] {processor.py:830} INFO - Processing file /opt/airflow/dags/refrence_setup.py for tasks to queue
[2025-12-29T02:08:35.289+0000] {logging_mixin.py:188} INFO - [2025-12-29T02:08:35.288+0000] {dagbag.py:545} INFO - Filling up the DagBag from /opt/airflow/dags/refrence_setup.py
[2025-12-29T02:08:35.307+0000] {logging_mixin.py:188} INFO - [2025-12-29T02:08:35.303+0000] {dagbag.py:355} ERROR - Failed to import: /opt/airflow/dags/refrence_setup.py
Traceback (most recent call last):
  File "/home/airflow/.local/lib/python3.11/site-packages/airflow/models/dagbag.py", line 351, in parse
    loader.exec_module(new_module)
  File "<frozen importlib._bootstrap_external>", line 940, in exec_module
  File "<frozen importlib._bootstrap>", line 241, in _call_with_frames_removed
  File "/opt/airflow/dags/refrence_setup.py", line 68, in <module>
    dbt_reference_models = dbt_run_task(
                           ^^^^^^^^^^^^^
  File "/opt/airflow/dags/refrence_setup.py", line 41, in dbt_run_task
    return DockerOperator(
           ^^^^^^^^^^^^^^^
  File "/home/airflow/.local/lib/python3.11/site-packages/airflow/models/baseoperator.py", line 485, in apply_defaults
    result = func(self, **kwargs, default_args=default_args)
             ^^^^^^^^^^^^^^^^^^^^^^^^^^^^^^^^^^^^^^^^^^^^^^^
  File "/home/airflow/.local/lib/python3.11/site-packages/airflow/providers/docker/operators/docker.py", line 273, in __init__
    super().__init__(**kwargs)
  File "/home/airflow/.local/lib/python3.11/site-packages/airflow/models/baseoperator.py", line 485, in apply_defaults
    result = func(self, **kwargs, default_args=default_args)
             ^^^^^^^^^^^^^^^^^^^^^^^^^^^^^^^^^^^^^^^^^^^^^^^
  File "/home/airflow/.local/lib/python3.11/site-packages/airflow/models/baseoperator.py", line 882, in __init__
    raise AirflowException(
airflow.exceptions.AirflowException: Invalid arguments were passed to DockerOperator (task_id: dbt_reference_models). Invalid arguments were:
**kwargs: {'volumes': ['C:/Users/uzair/Documents/GitHub/Enpal/dbt/dbt_project:/dbt']}
[2025-12-29T02:08:35.307+0000] {processor.py:842} WARNING - No viable dags retrieved from /opt/airflow/dags/refrence_setup.py
[2025-12-29T02:08:35.322+0000] {processor.py:183} INFO - Processing /opt/airflow/dags/refrence_setup.py took 0.040 seconds
[2025-12-29T02:09:05.660+0000] {processor.py:161} INFO - Started process (PID=202) to work on /opt/airflow/dags/refrence_setup.py
[2025-12-29T02:09:05.661+0000] {processor.py:830} INFO - Processing file /opt/airflow/dags/refrence_setup.py for tasks to queue
[2025-12-29T02:09:05.663+0000] {logging_mixin.py:188} INFO - [2025-12-29T02:09:05.663+0000] {dagbag.py:545} INFO - Filling up the DagBag from /opt/airflow/dags/refrence_setup.py
[2025-12-29T02:09:05.681+0000] {logging_mixin.py:188} INFO - [2025-12-29T02:09:05.676+0000] {dagbag.py:355} ERROR - Failed to import: /opt/airflow/dags/refrence_setup.py
Traceback (most recent call last):
  File "/home/airflow/.local/lib/python3.11/site-packages/airflow/models/dagbag.py", line 351, in parse
    loader.exec_module(new_module)
  File "<frozen importlib._bootstrap_external>", line 940, in exec_module
  File "<frozen importlib._bootstrap>", line 241, in _call_with_frames_removed
  File "/opt/airflow/dags/refrence_setup.py", line 68, in <module>
    dbt_reference_models = dbt_run_task(
                           ^^^^^^^^^^^^^
  File "/opt/airflow/dags/refrence_setup.py", line 41, in dbt_run_task
    return DockerOperator(
           ^^^^^^^^^^^^^^^
  File "/home/airflow/.local/lib/python3.11/site-packages/airflow/models/baseoperator.py", line 485, in apply_defaults
    result = func(self, **kwargs, default_args=default_args)
             ^^^^^^^^^^^^^^^^^^^^^^^^^^^^^^^^^^^^^^^^^^^^^^^
  File "/home/airflow/.local/lib/python3.11/site-packages/airflow/providers/docker/operators/docker.py", line 273, in __init__
    super().__init__(**kwargs)
  File "/home/airflow/.local/lib/python3.11/site-packages/airflow/models/baseoperator.py", line 485, in apply_defaults
    result = func(self, **kwargs, default_args=default_args)
             ^^^^^^^^^^^^^^^^^^^^^^^^^^^^^^^^^^^^^^^^^^^^^^^
  File "/home/airflow/.local/lib/python3.11/site-packages/airflow/models/baseoperator.py", line 882, in __init__
    raise AirflowException(
airflow.exceptions.AirflowException: Invalid arguments were passed to DockerOperator (task_id: dbt_reference_models). Invalid arguments were:
**kwargs: {'volumes': ['C:/Users/uzair/Documents/GitHub/Enpal/dbt/dbt_project:/dbt']}
[2025-12-29T02:09:05.682+0000] {processor.py:842} WARNING - No viable dags retrieved from /opt/airflow/dags/refrence_setup.py
[2025-12-29T02:09:05.699+0000] {processor.py:183} INFO - Processing /opt/airflow/dags/refrence_setup.py took 0.044 seconds
[2025-12-29T02:09:35.899+0000] {processor.py:161} INFO - Started process (PID=212) to work on /opt/airflow/dags/refrence_setup.py
[2025-12-29T02:09:35.900+0000] {processor.py:830} INFO - Processing file /opt/airflow/dags/refrence_setup.py for tasks to queue
[2025-12-29T02:09:35.902+0000] {logging_mixin.py:188} INFO - [2025-12-29T02:09:35.901+0000] {dagbag.py:545} INFO - Filling up the DagBag from /opt/airflow/dags/refrence_setup.py
[2025-12-29T02:09:35.917+0000] {logging_mixin.py:188} INFO - [2025-12-29T02:09:35.913+0000] {dagbag.py:355} ERROR - Failed to import: /opt/airflow/dags/refrence_setup.py
Traceback (most recent call last):
  File "/home/airflow/.local/lib/python3.11/site-packages/airflow/models/dagbag.py", line 351, in parse
    loader.exec_module(new_module)
  File "<frozen importlib._bootstrap_external>", line 940, in exec_module
  File "<frozen importlib._bootstrap>", line 241, in _call_with_frames_removed
  File "/opt/airflow/dags/refrence_setup.py", line 68, in <module>
    dbt_reference_models = dbt_run_task(
                           ^^^^^^^^^^^^^
  File "/opt/airflow/dags/refrence_setup.py", line 41, in dbt_run_task
    return DockerOperator(
           ^^^^^^^^^^^^^^^
  File "/home/airflow/.local/lib/python3.11/site-packages/airflow/models/baseoperator.py", line 485, in apply_defaults
    result = func(self, **kwargs, default_args=default_args)
             ^^^^^^^^^^^^^^^^^^^^^^^^^^^^^^^^^^^^^^^^^^^^^^^
  File "/home/airflow/.local/lib/python3.11/site-packages/airflow/providers/docker/operators/docker.py", line 273, in __init__
    super().__init__(**kwargs)
  File "/home/airflow/.local/lib/python3.11/site-packages/airflow/models/baseoperator.py", line 485, in apply_defaults
    result = func(self, **kwargs, default_args=default_args)
             ^^^^^^^^^^^^^^^^^^^^^^^^^^^^^^^^^^^^^^^^^^^^^^^
  File "/home/airflow/.local/lib/python3.11/site-packages/airflow/models/baseoperator.py", line 882, in __init__
    raise AirflowException(
airflow.exceptions.AirflowException: Invalid arguments were passed to DockerOperator (task_id: dbt_reference_models). Invalid arguments were:
**kwargs: {'volumes': ['C:/Users/uzair/Documents/GitHub/Enpal/dbt/dbt_project:/dbt']}
[2025-12-29T02:09:35.918+0000] {processor.py:842} WARNING - No viable dags retrieved from /opt/airflow/dags/refrence_setup.py
[2025-12-29T02:09:35.935+0000] {processor.py:183} INFO - Processing /opt/airflow/dags/refrence_setup.py took 0.041 seconds
[2025-12-29T02:10:06.136+0000] {processor.py:161} INFO - Started process (PID=222) to work on /opt/airflow/dags/refrence_setup.py
[2025-12-29T02:10:06.136+0000] {processor.py:830} INFO - Processing file /opt/airflow/dags/refrence_setup.py for tasks to queue
[2025-12-29T02:10:06.138+0000] {logging_mixin.py:188} INFO - [2025-12-29T02:10:06.137+0000] {dagbag.py:545} INFO - Filling up the DagBag from /opt/airflow/dags/refrence_setup.py
[2025-12-29T02:10:06.157+0000] {logging_mixin.py:188} INFO - [2025-12-29T02:10:06.152+0000] {dagbag.py:355} ERROR - Failed to import: /opt/airflow/dags/refrence_setup.py
Traceback (most recent call last):
  File "/home/airflow/.local/lib/python3.11/site-packages/airflow/models/dagbag.py", line 351, in parse
    loader.exec_module(new_module)
  File "<frozen importlib._bootstrap_external>", line 940, in exec_module
  File "<frozen importlib._bootstrap>", line 241, in _call_with_frames_removed
  File "/opt/airflow/dags/refrence_setup.py", line 68, in <module>
    dbt_reference_models = dbt_run_task(
                           ^^^^^^^^^^^^^
  File "/opt/airflow/dags/refrence_setup.py", line 41, in dbt_run_task
    return DockerOperator(
           ^^^^^^^^^^^^^^^
  File "/home/airflow/.local/lib/python3.11/site-packages/airflow/models/baseoperator.py", line 485, in apply_defaults
    result = func(self, **kwargs, default_args=default_args)
             ^^^^^^^^^^^^^^^^^^^^^^^^^^^^^^^^^^^^^^^^^^^^^^^
  File "/home/airflow/.local/lib/python3.11/site-packages/airflow/providers/docker/operators/docker.py", line 273, in __init__
    super().__init__(**kwargs)
  File "/home/airflow/.local/lib/python3.11/site-packages/airflow/models/baseoperator.py", line 485, in apply_defaults
    result = func(self, **kwargs, default_args=default_args)
             ^^^^^^^^^^^^^^^^^^^^^^^^^^^^^^^^^^^^^^^^^^^^^^^
  File "/home/airflow/.local/lib/python3.11/site-packages/airflow/models/baseoperator.py", line 882, in __init__
    raise AirflowException(
airflow.exceptions.AirflowException: Invalid arguments were passed to DockerOperator (task_id: dbt_reference_models). Invalid arguments were:
**kwargs: {'volumes': ['C:/Users/uzair/Documents/GitHub/Enpal/dbt/dbt_project:/dbt']}
[2025-12-29T02:10:06.158+0000] {processor.py:842} WARNING - No viable dags retrieved from /opt/airflow/dags/refrence_setup.py
[2025-12-29T02:10:06.176+0000] {processor.py:183} INFO - Processing /opt/airflow/dags/refrence_setup.py took 0.044 seconds
[2025-12-29T02:11:10.878+0000] {processor.py:161} INFO - Started process (PID=192) to work on /opt/airflow/dags/refrence_setup.py
[2025-12-29T02:11:10.879+0000] {processor.py:830} INFO - Processing file /opt/airflow/dags/refrence_setup.py for tasks to queue
[2025-12-29T02:11:10.881+0000] {logging_mixin.py:188} INFO - [2025-12-29T02:11:10.881+0000] {dagbag.py:545} INFO - Filling up the DagBag from /opt/airflow/dags/refrence_setup.py
[2025-12-29T02:11:10.900+0000] {logging_mixin.py:188} INFO - [2025-12-29T02:11:10.896+0000] {dagbag.py:355} ERROR - Failed to import: /opt/airflow/dags/refrence_setup.py
Traceback (most recent call last):
  File "/home/airflow/.local/lib/python3.11/site-packages/airflow/models/dagbag.py", line 351, in parse
    loader.exec_module(new_module)
  File "<frozen importlib._bootstrap_external>", line 940, in exec_module
  File "<frozen importlib._bootstrap>", line 241, in _call_with_frames_removed
  File "/opt/airflow/dags/refrence_setup.py", line 68, in <module>
    dbt_reference_models = dbt_run_task(
                           ^^^^^^^^^^^^^
  File "/opt/airflow/dags/refrence_setup.py", line 41, in dbt_run_task
    return DockerOperator(
           ^^^^^^^^^^^^^^^
  File "/home/airflow/.local/lib/python3.11/site-packages/airflow/models/baseoperator.py", line 485, in apply_defaults
    result = func(self, **kwargs, default_args=default_args)
             ^^^^^^^^^^^^^^^^^^^^^^^^^^^^^^^^^^^^^^^^^^^^^^^
  File "/home/airflow/.local/lib/python3.11/site-packages/airflow/providers/docker/operators/docker.py", line 273, in __init__
    super().__init__(**kwargs)
  File "/home/airflow/.local/lib/python3.11/site-packages/airflow/models/baseoperator.py", line 485, in apply_defaults
    result = func(self, **kwargs, default_args=default_args)
             ^^^^^^^^^^^^^^^^^^^^^^^^^^^^^^^^^^^^^^^^^^^^^^^
  File "/home/airflow/.local/lib/python3.11/site-packages/airflow/models/baseoperator.py", line 882, in __init__
    raise AirflowException(
airflow.exceptions.AirflowException: Invalid arguments were passed to DockerOperator (task_id: dbt_reference_models). Invalid arguments were:
**kwargs: {'volumes': ['C:/Users/uzair/Documents/GitHub/Enpal/dbt/dbt_project:/dbt']}
[2025-12-29T02:11:10.901+0000] {processor.py:842} WARNING - No viable dags retrieved from /opt/airflow/dags/refrence_setup.py
[2025-12-29T02:11:10.917+0000] {processor.py:183} INFO - Processing /opt/airflow/dags/refrence_setup.py took 0.043 seconds
[2025-12-29T02:11:41.269+0000] {processor.py:161} INFO - Started process (PID=202) to work on /opt/airflow/dags/refrence_setup.py
[2025-12-29T02:11:41.270+0000] {processor.py:830} INFO - Processing file /opt/airflow/dags/refrence_setup.py for tasks to queue
[2025-12-29T02:11:41.272+0000] {logging_mixin.py:188} INFO - [2025-12-29T02:11:41.271+0000] {dagbag.py:545} INFO - Filling up the DagBag from /opt/airflow/dags/refrence_setup.py
[2025-12-29T02:11:41.292+0000] {logging_mixin.py:188} INFO - [2025-12-29T02:11:41.287+0000] {dagbag.py:355} ERROR - Failed to import: /opt/airflow/dags/refrence_setup.py
Traceback (most recent call last):
  File "/home/airflow/.local/lib/python3.11/site-packages/airflow/models/dagbag.py", line 351, in parse
    loader.exec_module(new_module)
  File "<frozen importlib._bootstrap_external>", line 940, in exec_module
  File "<frozen importlib._bootstrap>", line 241, in _call_with_frames_removed
  File "/opt/airflow/dags/refrence_setup.py", line 68, in <module>
    dbt_reference_models = dbt_run_task(
                           ^^^^^^^^^^^^^
  File "/opt/airflow/dags/refrence_setup.py", line 41, in dbt_run_task
    return DockerOperator(
           ^^^^^^^^^^^^^^^
  File "/home/airflow/.local/lib/python3.11/site-packages/airflow/models/baseoperator.py", line 485, in apply_defaults
    result = func(self, **kwargs, default_args=default_args)
             ^^^^^^^^^^^^^^^^^^^^^^^^^^^^^^^^^^^^^^^^^^^^^^^
  File "/home/airflow/.local/lib/python3.11/site-packages/airflow/providers/docker/operators/docker.py", line 273, in __init__
    super().__init__(**kwargs)
  File "/home/airflow/.local/lib/python3.11/site-packages/airflow/models/baseoperator.py", line 485, in apply_defaults
    result = func(self, **kwargs, default_args=default_args)
             ^^^^^^^^^^^^^^^^^^^^^^^^^^^^^^^^^^^^^^^^^^^^^^^
  File "/home/airflow/.local/lib/python3.11/site-packages/airflow/models/baseoperator.py", line 882, in __init__
    raise AirflowException(
airflow.exceptions.AirflowException: Invalid arguments were passed to DockerOperator (task_id: dbt_reference_models). Invalid arguments were:
**kwargs: {'volumes': ['C:/Users/uzair/Documents/GitHub/Enpal/dbt/dbt_project:/dbt']}
[2025-12-29T02:11:41.294+0000] {processor.py:842} WARNING - No viable dags retrieved from /opt/airflow/dags/refrence_setup.py
[2025-12-29T02:11:41.317+0000] {processor.py:183} INFO - Processing /opt/airflow/dags/refrence_setup.py took 0.054 seconds
[2025-12-29T02:12:11.516+0000] {processor.py:161} INFO - Started process (PID=212) to work on /opt/airflow/dags/refrence_setup.py
[2025-12-29T02:12:11.517+0000] {processor.py:830} INFO - Processing file /opt/airflow/dags/refrence_setup.py for tasks to queue
[2025-12-29T02:12:11.518+0000] {logging_mixin.py:188} INFO - [2025-12-29T02:12:11.518+0000] {dagbag.py:545} INFO - Filling up the DagBag from /opt/airflow/dags/refrence_setup.py
[2025-12-29T02:12:11.535+0000] {logging_mixin.py:188} INFO - [2025-12-29T02:12:11.531+0000] {dagbag.py:355} ERROR - Failed to import: /opt/airflow/dags/refrence_setup.py
Traceback (most recent call last):
  File "/home/airflow/.local/lib/python3.11/site-packages/airflow/models/dagbag.py", line 351, in parse
    loader.exec_module(new_module)
  File "<frozen importlib._bootstrap_external>", line 940, in exec_module
  File "<frozen importlib._bootstrap>", line 241, in _call_with_frames_removed
  File "/opt/airflow/dags/refrence_setup.py", line 68, in <module>
    dbt_reference_models = dbt_run_task(
                           ^^^^^^^^^^^^^
  File "/opt/airflow/dags/refrence_setup.py", line 41, in dbt_run_task
    return DockerOperator(
           ^^^^^^^^^^^^^^^
  File "/home/airflow/.local/lib/python3.11/site-packages/airflow/models/baseoperator.py", line 485, in apply_defaults
    result = func(self, **kwargs, default_args=default_args)
             ^^^^^^^^^^^^^^^^^^^^^^^^^^^^^^^^^^^^^^^^^^^^^^^
  File "/home/airflow/.local/lib/python3.11/site-packages/airflow/providers/docker/operators/docker.py", line 273, in __init__
    super().__init__(**kwargs)
  File "/home/airflow/.local/lib/python3.11/site-packages/airflow/models/baseoperator.py", line 485, in apply_defaults
    result = func(self, **kwargs, default_args=default_args)
             ^^^^^^^^^^^^^^^^^^^^^^^^^^^^^^^^^^^^^^^^^^^^^^^
  File "/home/airflow/.local/lib/python3.11/site-packages/airflow/models/baseoperator.py", line 882, in __init__
    raise AirflowException(
airflow.exceptions.AirflowException: Invalid arguments were passed to DockerOperator (task_id: dbt_reference_models). Invalid arguments were:
**kwargs: {'volumes': ['C:/Users/uzair/Documents/GitHub/Enpal/dbt/dbt_project:/dbt']}
[2025-12-29T02:12:11.536+0000] {processor.py:842} WARNING - No viable dags retrieved from /opt/airflow/dags/refrence_setup.py
[2025-12-29T02:12:11.553+0000] {processor.py:183} INFO - Processing /opt/airflow/dags/refrence_setup.py took 0.042 seconds
[2025-12-29T02:12:41.757+0000] {processor.py:161} INFO - Started process (PID=222) to work on /opt/airflow/dags/refrence_setup.py
[2025-12-29T02:12:41.758+0000] {processor.py:830} INFO - Processing file /opt/airflow/dags/refrence_setup.py for tasks to queue
[2025-12-29T02:12:41.759+0000] {logging_mixin.py:188} INFO - [2025-12-29T02:12:41.759+0000] {dagbag.py:545} INFO - Filling up the DagBag from /opt/airflow/dags/refrence_setup.py
[2025-12-29T02:12:41.775+0000] {logging_mixin.py:188} INFO - [2025-12-29T02:12:41.771+0000] {dagbag.py:355} ERROR - Failed to import: /opt/airflow/dags/refrence_setup.py
Traceback (most recent call last):
  File "/home/airflow/.local/lib/python3.11/site-packages/airflow/models/dagbag.py", line 351, in parse
    loader.exec_module(new_module)
  File "<frozen importlib._bootstrap_external>", line 940, in exec_module
  File "<frozen importlib._bootstrap>", line 241, in _call_with_frames_removed
  File "/opt/airflow/dags/refrence_setup.py", line 68, in <module>
    dbt_reference_models = dbt_run_task(
                           ^^^^^^^^^^^^^
  File "/opt/airflow/dags/refrence_setup.py", line 41, in dbt_run_task
    return DockerOperator(
           ^^^^^^^^^^^^^^^
  File "/home/airflow/.local/lib/python3.11/site-packages/airflow/models/baseoperator.py", line 485, in apply_defaults
    result = func(self, **kwargs, default_args=default_args)
             ^^^^^^^^^^^^^^^^^^^^^^^^^^^^^^^^^^^^^^^^^^^^^^^
  File "/home/airflow/.local/lib/python3.11/site-packages/airflow/providers/docker/operators/docker.py", line 273, in __init__
    super().__init__(**kwargs)
  File "/home/airflow/.local/lib/python3.11/site-packages/airflow/models/baseoperator.py", line 485, in apply_defaults
    result = func(self, **kwargs, default_args=default_args)
             ^^^^^^^^^^^^^^^^^^^^^^^^^^^^^^^^^^^^^^^^^^^^^^^
  File "/home/airflow/.local/lib/python3.11/site-packages/airflow/models/baseoperator.py", line 882, in __init__
    raise AirflowException(
airflow.exceptions.AirflowException: Invalid arguments were passed to DockerOperator (task_id: dbt_reference_models). Invalid arguments were:
**kwargs: {'volumes': ['C:/Users/uzair/Documents/GitHub/Enpal/dbt/dbt_project:/dbt']}
[2025-12-29T02:12:41.776+0000] {processor.py:842} WARNING - No viable dags retrieved from /opt/airflow/dags/refrence_setup.py
[2025-12-29T02:12:41.793+0000] {processor.py:183} INFO - Processing /opt/airflow/dags/refrence_setup.py took 0.040 seconds
[2025-12-29T02:13:12.009+0000] {processor.py:161} INFO - Started process (PID=234) to work on /opt/airflow/dags/refrence_setup.py
[2025-12-29T02:13:12.010+0000] {processor.py:830} INFO - Processing file /opt/airflow/dags/refrence_setup.py for tasks to queue
[2025-12-29T02:13:12.011+0000] {logging_mixin.py:188} INFO - [2025-12-29T02:13:12.011+0000] {dagbag.py:545} INFO - Filling up the DagBag from /opt/airflow/dags/refrence_setup.py
[2025-12-29T02:13:12.026+0000] {logging_mixin.py:188} INFO - [2025-12-29T02:13:12.022+0000] {dagbag.py:355} ERROR - Failed to import: /opt/airflow/dags/refrence_setup.py
Traceback (most recent call last):
  File "/home/airflow/.local/lib/python3.11/site-packages/airflow/models/dagbag.py", line 351, in parse
    loader.exec_module(new_module)
  File "<frozen importlib._bootstrap_external>", line 940, in exec_module
  File "<frozen importlib._bootstrap>", line 241, in _call_with_frames_removed
  File "/opt/airflow/dags/refrence_setup.py", line 68, in <module>
    dbt_reference_models = dbt_run_task(
                           ^^^^^^^^^^^^^
  File "/opt/airflow/dags/refrence_setup.py", line 41, in dbt_run_task
    return DockerOperator(
           ^^^^^^^^^^^^^^^
  File "/home/airflow/.local/lib/python3.11/site-packages/airflow/models/baseoperator.py", line 485, in apply_defaults
    result = func(self, **kwargs, default_args=default_args)
             ^^^^^^^^^^^^^^^^^^^^^^^^^^^^^^^^^^^^^^^^^^^^^^^
  File "/home/airflow/.local/lib/python3.11/site-packages/airflow/providers/docker/operators/docker.py", line 273, in __init__
    super().__init__(**kwargs)
  File "/home/airflow/.local/lib/python3.11/site-packages/airflow/models/baseoperator.py", line 485, in apply_defaults
    result = func(self, **kwargs, default_args=default_args)
             ^^^^^^^^^^^^^^^^^^^^^^^^^^^^^^^^^^^^^^^^^^^^^^^
  File "/home/airflow/.local/lib/python3.11/site-packages/airflow/models/baseoperator.py", line 882, in __init__
    raise AirflowException(
airflow.exceptions.AirflowException: Invalid arguments were passed to DockerOperator (task_id: dbt_reference_models). Invalid arguments were:
**kwargs: {'volumes': ['C:/Users/uzair/Documents/GitHub/Enpal/dbt/dbt_project:/dbt']}
[2025-12-29T02:13:12.026+0000] {processor.py:842} WARNING - No viable dags retrieved from /opt/airflow/dags/refrence_setup.py
[2025-12-29T02:13:12.041+0000] {processor.py:183} INFO - Processing /opt/airflow/dags/refrence_setup.py took 0.036 seconds
[2025-12-29T02:13:42.244+0000] {processor.py:161} INFO - Started process (PID=244) to work on /opt/airflow/dags/refrence_setup.py
[2025-12-29T02:13:42.245+0000] {processor.py:830} INFO - Processing file /opt/airflow/dags/refrence_setup.py for tasks to queue
[2025-12-29T02:13:42.246+0000] {logging_mixin.py:188} INFO - [2025-12-29T02:13:42.246+0000] {dagbag.py:545} INFO - Filling up the DagBag from /opt/airflow/dags/refrence_setup.py
[2025-12-29T02:13:42.261+0000] {logging_mixin.py:188} INFO - [2025-12-29T02:13:42.257+0000] {dagbag.py:355} ERROR - Failed to import: /opt/airflow/dags/refrence_setup.py
Traceback (most recent call last):
  File "/home/airflow/.local/lib/python3.11/site-packages/airflow/models/dagbag.py", line 351, in parse
    loader.exec_module(new_module)
  File "<frozen importlib._bootstrap_external>", line 940, in exec_module
  File "<frozen importlib._bootstrap>", line 241, in _call_with_frames_removed
  File "/opt/airflow/dags/refrence_setup.py", line 68, in <module>
    dbt_reference_models = dbt_run_task(
                           ^^^^^^^^^^^^^
  File "/opt/airflow/dags/refrence_setup.py", line 41, in dbt_run_task
    return DockerOperator(
           ^^^^^^^^^^^^^^^
  File "/home/airflow/.local/lib/python3.11/site-packages/airflow/models/baseoperator.py", line 485, in apply_defaults
    result = func(self, **kwargs, default_args=default_args)
             ^^^^^^^^^^^^^^^^^^^^^^^^^^^^^^^^^^^^^^^^^^^^^^^
  File "/home/airflow/.local/lib/python3.11/site-packages/airflow/providers/docker/operators/docker.py", line 273, in __init__
    super().__init__(**kwargs)
  File "/home/airflow/.local/lib/python3.11/site-packages/airflow/models/baseoperator.py", line 485, in apply_defaults
    result = func(self, **kwargs, default_args=default_args)
             ^^^^^^^^^^^^^^^^^^^^^^^^^^^^^^^^^^^^^^^^^^^^^^^
  File "/home/airflow/.local/lib/python3.11/site-packages/airflow/models/baseoperator.py", line 882, in __init__
    raise AirflowException(
airflow.exceptions.AirflowException: Invalid arguments were passed to DockerOperator (task_id: dbt_reference_models). Invalid arguments were:
**kwargs: {'volumes': ['C:/Users/uzair/Documents/GitHub/Enpal/dbt/dbt_project:/dbt']}
[2025-12-29T02:13:42.261+0000] {processor.py:842} WARNING - No viable dags retrieved from /opt/airflow/dags/refrence_setup.py
[2025-12-29T02:13:42.276+0000] {processor.py:183} INFO - Processing /opt/airflow/dags/refrence_setup.py took 0.036 seconds
[2025-12-29T02:14:12.480+0000] {processor.py:161} INFO - Started process (PID=254) to work on /opt/airflow/dags/refrence_setup.py
[2025-12-29T02:14:12.480+0000] {processor.py:830} INFO - Processing file /opt/airflow/dags/refrence_setup.py for tasks to queue
[2025-12-29T02:14:12.481+0000] {logging_mixin.py:188} INFO - [2025-12-29T02:14:12.481+0000] {dagbag.py:545} INFO - Filling up the DagBag from /opt/airflow/dags/refrence_setup.py
[2025-12-29T02:14:12.495+0000] {logging_mixin.py:188} INFO - [2025-12-29T02:14:12.491+0000] {dagbag.py:355} ERROR - Failed to import: /opt/airflow/dags/refrence_setup.py
Traceback (most recent call last):
  File "/home/airflow/.local/lib/python3.11/site-packages/airflow/models/dagbag.py", line 351, in parse
    loader.exec_module(new_module)
  File "<frozen importlib._bootstrap_external>", line 940, in exec_module
  File "<frozen importlib._bootstrap>", line 241, in _call_with_frames_removed
  File "/opt/airflow/dags/refrence_setup.py", line 68, in <module>
    dbt_reference_models = dbt_run_task(
                           ^^^^^^^^^^^^^
  File "/opt/airflow/dags/refrence_setup.py", line 41, in dbt_run_task
    return DockerOperator(
           ^^^^^^^^^^^^^^^
  File "/home/airflow/.local/lib/python3.11/site-packages/airflow/models/baseoperator.py", line 485, in apply_defaults
    result = func(self, **kwargs, default_args=default_args)
             ^^^^^^^^^^^^^^^^^^^^^^^^^^^^^^^^^^^^^^^^^^^^^^^
  File "/home/airflow/.local/lib/python3.11/site-packages/airflow/providers/docker/operators/docker.py", line 273, in __init__
    super().__init__(**kwargs)
  File "/home/airflow/.local/lib/python3.11/site-packages/airflow/models/baseoperator.py", line 485, in apply_defaults
    result = func(self, **kwargs, default_args=default_args)
             ^^^^^^^^^^^^^^^^^^^^^^^^^^^^^^^^^^^^^^^^^^^^^^^
  File "/home/airflow/.local/lib/python3.11/site-packages/airflow/models/baseoperator.py", line 882, in __init__
    raise AirflowException(
airflow.exceptions.AirflowException: Invalid arguments were passed to DockerOperator (task_id: dbt_reference_models). Invalid arguments were:
**kwargs: {'volumes': ['C:/Users/uzair/Documents/GitHub/Enpal/dbt/dbt_project:/dbt']}
[2025-12-29T02:14:12.495+0000] {processor.py:842} WARNING - No viable dags retrieved from /opt/airflow/dags/refrence_setup.py
[2025-12-29T02:14:12.510+0000] {processor.py:183} INFO - Processing /opt/airflow/dags/refrence_setup.py took 0.034 seconds
[2025-12-29T02:14:42.715+0000] {processor.py:161} INFO - Started process (PID=264) to work on /opt/airflow/dags/refrence_setup.py
[2025-12-29T02:14:42.715+0000] {processor.py:830} INFO - Processing file /opt/airflow/dags/refrence_setup.py for tasks to queue
[2025-12-29T02:14:42.716+0000] {logging_mixin.py:188} INFO - [2025-12-29T02:14:42.716+0000] {dagbag.py:545} INFO - Filling up the DagBag from /opt/airflow/dags/refrence_setup.py
[2025-12-29T02:14:42.730+0000] {logging_mixin.py:188} INFO - [2025-12-29T02:14:42.727+0000] {dagbag.py:355} ERROR - Failed to import: /opt/airflow/dags/refrence_setup.py
Traceback (most recent call last):
  File "/home/airflow/.local/lib/python3.11/site-packages/airflow/models/dagbag.py", line 351, in parse
    loader.exec_module(new_module)
  File "<frozen importlib._bootstrap_external>", line 940, in exec_module
  File "<frozen importlib._bootstrap>", line 241, in _call_with_frames_removed
  File "/opt/airflow/dags/refrence_setup.py", line 68, in <module>
    dbt_reference_models = dbt_run_task(
                           ^^^^^^^^^^^^^
  File "/opt/airflow/dags/refrence_setup.py", line 41, in dbt_run_task
    return DockerOperator(
           ^^^^^^^^^^^^^^^
  File "/home/airflow/.local/lib/python3.11/site-packages/airflow/models/baseoperator.py", line 485, in apply_defaults
    result = func(self, **kwargs, default_args=default_args)
             ^^^^^^^^^^^^^^^^^^^^^^^^^^^^^^^^^^^^^^^^^^^^^^^
  File "/home/airflow/.local/lib/python3.11/site-packages/airflow/providers/docker/operators/docker.py", line 273, in __init__
    super().__init__(**kwargs)
  File "/home/airflow/.local/lib/python3.11/site-packages/airflow/models/baseoperator.py", line 485, in apply_defaults
    result = func(self, **kwargs, default_args=default_args)
             ^^^^^^^^^^^^^^^^^^^^^^^^^^^^^^^^^^^^^^^^^^^^^^^
  File "/home/airflow/.local/lib/python3.11/site-packages/airflow/models/baseoperator.py", line 882, in __init__
    raise AirflowException(
airflow.exceptions.AirflowException: Invalid arguments were passed to DockerOperator (task_id: dbt_reference_models). Invalid arguments were:
**kwargs: {'volumes': ['C:/Users/uzair/Documents/GitHub/Enpal/dbt/dbt_project:/dbt']}
[2025-12-29T02:14:42.731+0000] {processor.py:842} WARNING - No viable dags retrieved from /opt/airflow/dags/refrence_setup.py
[2025-12-29T02:14:42.747+0000] {processor.py:183} INFO - Processing /opt/airflow/dags/refrence_setup.py took 0.036 seconds
[2025-12-29T02:15:12.950+0000] {processor.py:161} INFO - Started process (PID=274) to work on /opt/airflow/dags/refrence_setup.py
[2025-12-29T02:15:12.950+0000] {processor.py:830} INFO - Processing file /opt/airflow/dags/refrence_setup.py for tasks to queue
[2025-12-29T02:15:12.952+0000] {logging_mixin.py:188} INFO - [2025-12-29T02:15:12.952+0000] {dagbag.py:545} INFO - Filling up the DagBag from /opt/airflow/dags/refrence_setup.py
[2025-12-29T02:15:12.966+0000] {logging_mixin.py:188} INFO - [2025-12-29T02:15:12.962+0000] {dagbag.py:355} ERROR - Failed to import: /opt/airflow/dags/refrence_setup.py
Traceback (most recent call last):
  File "/home/airflow/.local/lib/python3.11/site-packages/airflow/models/dagbag.py", line 351, in parse
    loader.exec_module(new_module)
  File "<frozen importlib._bootstrap_external>", line 940, in exec_module
  File "<frozen importlib._bootstrap>", line 241, in _call_with_frames_removed
  File "/opt/airflow/dags/refrence_setup.py", line 68, in <module>
    dbt_reference_models = dbt_run_task(
                           ^^^^^^^^^^^^^
  File "/opt/airflow/dags/refrence_setup.py", line 41, in dbt_run_task
    return DockerOperator(
           ^^^^^^^^^^^^^^^
  File "/home/airflow/.local/lib/python3.11/site-packages/airflow/models/baseoperator.py", line 485, in apply_defaults
    result = func(self, **kwargs, default_args=default_args)
             ^^^^^^^^^^^^^^^^^^^^^^^^^^^^^^^^^^^^^^^^^^^^^^^
  File "/home/airflow/.local/lib/python3.11/site-packages/airflow/providers/docker/operators/docker.py", line 273, in __init__
    super().__init__(**kwargs)
  File "/home/airflow/.local/lib/python3.11/site-packages/airflow/models/baseoperator.py", line 485, in apply_defaults
    result = func(self, **kwargs, default_args=default_args)
             ^^^^^^^^^^^^^^^^^^^^^^^^^^^^^^^^^^^^^^^^^^^^^^^
  File "/home/airflow/.local/lib/python3.11/site-packages/airflow/models/baseoperator.py", line 882, in __init__
    raise AirflowException(
airflow.exceptions.AirflowException: Invalid arguments were passed to DockerOperator (task_id: dbt_reference_models). Invalid arguments were:
**kwargs: {'volumes': ['C:/Users/uzair/Documents/GitHub/Enpal/dbt/dbt_project:/dbt']}
[2025-12-29T02:15:12.967+0000] {processor.py:842} WARNING - No viable dags retrieved from /opt/airflow/dags/refrence_setup.py
[2025-12-29T02:15:12.981+0000] {processor.py:183} INFO - Processing /opt/airflow/dags/refrence_setup.py took 0.035 seconds
[2025-12-29T02:15:43.190+0000] {processor.py:161} INFO - Started process (PID=284) to work on /opt/airflow/dags/refrence_setup.py
[2025-12-29T02:15:43.191+0000] {processor.py:830} INFO - Processing file /opt/airflow/dags/refrence_setup.py for tasks to queue
[2025-12-29T02:15:43.193+0000] {logging_mixin.py:188} INFO - [2025-12-29T02:15:43.192+0000] {dagbag.py:545} INFO - Filling up the DagBag from /opt/airflow/dags/refrence_setup.py
[2025-12-29T02:15:43.210+0000] {logging_mixin.py:188} INFO - [2025-12-29T02:15:43.206+0000] {dagbag.py:355} ERROR - Failed to import: /opt/airflow/dags/refrence_setup.py
Traceback (most recent call last):
  File "/home/airflow/.local/lib/python3.11/site-packages/airflow/models/dagbag.py", line 351, in parse
    loader.exec_module(new_module)
  File "<frozen importlib._bootstrap_external>", line 940, in exec_module
  File "<frozen importlib._bootstrap>", line 241, in _call_with_frames_removed
  File "/opt/airflow/dags/refrence_setup.py", line 68, in <module>
    dbt_reference_models = dbt_run_task(
                           ^^^^^^^^^^^^^
  File "/opt/airflow/dags/refrence_setup.py", line 41, in dbt_run_task
    return DockerOperator(
           ^^^^^^^^^^^^^^^
  File "/home/airflow/.local/lib/python3.11/site-packages/airflow/models/baseoperator.py", line 485, in apply_defaults
    result = func(self, **kwargs, default_args=default_args)
             ^^^^^^^^^^^^^^^^^^^^^^^^^^^^^^^^^^^^^^^^^^^^^^^
  File "/home/airflow/.local/lib/python3.11/site-packages/airflow/providers/docker/operators/docker.py", line 273, in __init__
    super().__init__(**kwargs)
  File "/home/airflow/.local/lib/python3.11/site-packages/airflow/models/baseoperator.py", line 485, in apply_defaults
    result = func(self, **kwargs, default_args=default_args)
             ^^^^^^^^^^^^^^^^^^^^^^^^^^^^^^^^^^^^^^^^^^^^^^^
  File "/home/airflow/.local/lib/python3.11/site-packages/airflow/models/baseoperator.py", line 882, in __init__
    raise AirflowException(
airflow.exceptions.AirflowException: Invalid arguments were passed to DockerOperator (task_id: dbt_reference_models). Invalid arguments were:
**kwargs: {'volumes': ['C:/Users/uzair/Documents/GitHub/Enpal/dbt/dbt_project:/dbt']}
[2025-12-29T02:15:43.211+0000] {processor.py:842} WARNING - No viable dags retrieved from /opt/airflow/dags/refrence_setup.py
[2025-12-29T02:15:43.227+0000] {processor.py:183} INFO - Processing /opt/airflow/dags/refrence_setup.py took 0.041 seconds
[2025-12-29T02:16:13.464+0000] {processor.py:161} INFO - Started process (PID=294) to work on /opt/airflow/dags/refrence_setup.py
[2025-12-29T02:16:13.465+0000] {processor.py:830} INFO - Processing file /opt/airflow/dags/refrence_setup.py for tasks to queue
[2025-12-29T02:16:13.467+0000] {logging_mixin.py:188} INFO - [2025-12-29T02:16:13.467+0000] {dagbag.py:545} INFO - Filling up the DagBag from /opt/airflow/dags/refrence_setup.py
[2025-12-29T02:16:13.486+0000] {logging_mixin.py:188} INFO - [2025-12-29T02:16:13.482+0000] {dagbag.py:355} ERROR - Failed to import: /opt/airflow/dags/refrence_setup.py
Traceback (most recent call last):
  File "/home/airflow/.local/lib/python3.11/site-packages/airflow/models/dagbag.py", line 351, in parse
    loader.exec_module(new_module)
  File "<frozen importlib._bootstrap_external>", line 940, in exec_module
  File "<frozen importlib._bootstrap>", line 241, in _call_with_frames_removed
  File "/opt/airflow/dags/refrence_setup.py", line 68, in <module>
    dbt_reference_models = dbt_run_task(
                           ^^^^^^^^^^^^^
  File "/opt/airflow/dags/refrence_setup.py", line 41, in dbt_run_task
    return DockerOperator(
           ^^^^^^^^^^^^^^^
  File "/home/airflow/.local/lib/python3.11/site-packages/airflow/models/baseoperator.py", line 485, in apply_defaults
    result = func(self, **kwargs, default_args=default_args)
             ^^^^^^^^^^^^^^^^^^^^^^^^^^^^^^^^^^^^^^^^^^^^^^^
  File "/home/airflow/.local/lib/python3.11/site-packages/airflow/providers/docker/operators/docker.py", line 273, in __init__
    super().__init__(**kwargs)
  File "/home/airflow/.local/lib/python3.11/site-packages/airflow/models/baseoperator.py", line 485, in apply_defaults
    result = func(self, **kwargs, default_args=default_args)
             ^^^^^^^^^^^^^^^^^^^^^^^^^^^^^^^^^^^^^^^^^^^^^^^
  File "/home/airflow/.local/lib/python3.11/site-packages/airflow/models/baseoperator.py", line 882, in __init__
    raise AirflowException(
airflow.exceptions.AirflowException: Invalid arguments were passed to DockerOperator (task_id: dbt_reference_models). Invalid arguments were:
**kwargs: {'volumes': ['C:/Users/uzair/Documents/GitHub/Enpal/dbt/dbt_project:/dbt']}
[2025-12-29T02:16:13.488+0000] {processor.py:842} WARNING - No viable dags retrieved from /opt/airflow/dags/refrence_setup.py
[2025-12-29T02:16:13.506+0000] {processor.py:183} INFO - Processing /opt/airflow/dags/refrence_setup.py took 0.046 seconds
[2025-12-29T02:16:43.705+0000] {processor.py:161} INFO - Started process (PID=304) to work on /opt/airflow/dags/refrence_setup.py
[2025-12-29T02:16:43.706+0000] {processor.py:830} INFO - Processing file /opt/airflow/dags/refrence_setup.py for tasks to queue
[2025-12-29T02:16:43.707+0000] {logging_mixin.py:188} INFO - [2025-12-29T02:16:43.707+0000] {dagbag.py:545} INFO - Filling up the DagBag from /opt/airflow/dags/refrence_setup.py
[2025-12-29T02:16:43.721+0000] {logging_mixin.py:188} INFO - [2025-12-29T02:16:43.718+0000] {dagbag.py:355} ERROR - Failed to import: /opt/airflow/dags/refrence_setup.py
Traceback (most recent call last):
  File "/home/airflow/.local/lib/python3.11/site-packages/airflow/models/dagbag.py", line 351, in parse
    loader.exec_module(new_module)
  File "<frozen importlib._bootstrap_external>", line 940, in exec_module
  File "<frozen importlib._bootstrap>", line 241, in _call_with_frames_removed
  File "/opt/airflow/dags/refrence_setup.py", line 68, in <module>
    dbt_reference_models = dbt_run_task(
                           ^^^^^^^^^^^^^
  File "/opt/airflow/dags/refrence_setup.py", line 41, in dbt_run_task
    return DockerOperator(
           ^^^^^^^^^^^^^^^
  File "/home/airflow/.local/lib/python3.11/site-packages/airflow/models/baseoperator.py", line 485, in apply_defaults
    result = func(self, **kwargs, default_args=default_args)
             ^^^^^^^^^^^^^^^^^^^^^^^^^^^^^^^^^^^^^^^^^^^^^^^
  File "/home/airflow/.local/lib/python3.11/site-packages/airflow/providers/docker/operators/docker.py", line 273, in __init__
    super().__init__(**kwargs)
  File "/home/airflow/.local/lib/python3.11/site-packages/airflow/models/baseoperator.py", line 485, in apply_defaults
    result = func(self, **kwargs, default_args=default_args)
             ^^^^^^^^^^^^^^^^^^^^^^^^^^^^^^^^^^^^^^^^^^^^^^^
  File "/home/airflow/.local/lib/python3.11/site-packages/airflow/models/baseoperator.py", line 882, in __init__
    raise AirflowException(
airflow.exceptions.AirflowException: Invalid arguments were passed to DockerOperator (task_id: dbt_reference_models). Invalid arguments were:
**kwargs: {'volumes': ['C:/Users/uzair/Documents/GitHub/Enpal/dbt/dbt_project:/dbt']}
[2025-12-29T02:16:43.722+0000] {processor.py:842} WARNING - No viable dags retrieved from /opt/airflow/dags/refrence_setup.py
[2025-12-29T02:16:43.740+0000] {processor.py:183} INFO - Processing /opt/airflow/dags/refrence_setup.py took 0.038 seconds
[2025-12-29T02:17:13.957+0000] {processor.py:161} INFO - Started process (PID=314) to work on /opt/airflow/dags/refrence_setup.py
[2025-12-29T02:17:13.958+0000] {processor.py:830} INFO - Processing file /opt/airflow/dags/refrence_setup.py for tasks to queue
[2025-12-29T02:17:13.959+0000] {logging_mixin.py:188} INFO - [2025-12-29T02:17:13.959+0000] {dagbag.py:545} INFO - Filling up the DagBag from /opt/airflow/dags/refrence_setup.py
[2025-12-29T02:17:13.975+0000] {logging_mixin.py:188} INFO - [2025-12-29T02:17:13.971+0000] {dagbag.py:355} ERROR - Failed to import: /opt/airflow/dags/refrence_setup.py
Traceback (most recent call last):
  File "/home/airflow/.local/lib/python3.11/site-packages/airflow/models/dagbag.py", line 351, in parse
    loader.exec_module(new_module)
  File "<frozen importlib._bootstrap_external>", line 940, in exec_module
  File "<frozen importlib._bootstrap>", line 241, in _call_with_frames_removed
  File "/opt/airflow/dags/refrence_setup.py", line 68, in <module>
    dbt_reference_models = dbt_run_task(
                           ^^^^^^^^^^^^^
  File "/opt/airflow/dags/refrence_setup.py", line 41, in dbt_run_task
    return DockerOperator(
           ^^^^^^^^^^^^^^^
  File "/home/airflow/.local/lib/python3.11/site-packages/airflow/models/baseoperator.py", line 485, in apply_defaults
    result = func(self, **kwargs, default_args=default_args)
             ^^^^^^^^^^^^^^^^^^^^^^^^^^^^^^^^^^^^^^^^^^^^^^^
  File "/home/airflow/.local/lib/python3.11/site-packages/airflow/providers/docker/operators/docker.py", line 273, in __init__
    super().__init__(**kwargs)
  File "/home/airflow/.local/lib/python3.11/site-packages/airflow/models/baseoperator.py", line 485, in apply_defaults
    result = func(self, **kwargs, default_args=default_args)
             ^^^^^^^^^^^^^^^^^^^^^^^^^^^^^^^^^^^^^^^^^^^^^^^
  File "/home/airflow/.local/lib/python3.11/site-packages/airflow/models/baseoperator.py", line 882, in __init__
    raise AirflowException(
airflow.exceptions.AirflowException: Invalid arguments were passed to DockerOperator (task_id: dbt_reference_models). Invalid arguments were:
**kwargs: {'volumes': ['C:/Users/uzair/Documents/GitHub/Enpal/dbt/dbt_project:/dbt']}
[2025-12-29T02:17:13.976+0000] {processor.py:842} WARNING - No viable dags retrieved from /opt/airflow/dags/refrence_setup.py
[2025-12-29T02:17:13.992+0000] {processor.py:183} INFO - Processing /opt/airflow/dags/refrence_setup.py took 0.039 seconds
[2025-12-29T02:17:44.204+0000] {processor.py:161} INFO - Started process (PID=324) to work on /opt/airflow/dags/refrence_setup.py
[2025-12-29T02:17:44.205+0000] {processor.py:830} INFO - Processing file /opt/airflow/dags/refrence_setup.py for tasks to queue
[2025-12-29T02:17:44.206+0000] {logging_mixin.py:188} INFO - [2025-12-29T02:17:44.205+0000] {dagbag.py:545} INFO - Filling up the DagBag from /opt/airflow/dags/refrence_setup.py
[2025-12-29T02:17:44.220+0000] {logging_mixin.py:188} INFO - [2025-12-29T02:17:44.216+0000] {dagbag.py:355} ERROR - Failed to import: /opt/airflow/dags/refrence_setup.py
Traceback (most recent call last):
  File "/home/airflow/.local/lib/python3.11/site-packages/airflow/models/dagbag.py", line 351, in parse
    loader.exec_module(new_module)
  File "<frozen importlib._bootstrap_external>", line 940, in exec_module
  File "<frozen importlib._bootstrap>", line 241, in _call_with_frames_removed
  File "/opt/airflow/dags/refrence_setup.py", line 68, in <module>
    dbt_reference_models = dbt_run_task(
                           ^^^^^^^^^^^^^
  File "/opt/airflow/dags/refrence_setup.py", line 41, in dbt_run_task
    return DockerOperator(
           ^^^^^^^^^^^^^^^
  File "/home/airflow/.local/lib/python3.11/site-packages/airflow/models/baseoperator.py", line 485, in apply_defaults
    result = func(self, **kwargs, default_args=default_args)
             ^^^^^^^^^^^^^^^^^^^^^^^^^^^^^^^^^^^^^^^^^^^^^^^
  File "/home/airflow/.local/lib/python3.11/site-packages/airflow/providers/docker/operators/docker.py", line 273, in __init__
    super().__init__(**kwargs)
  File "/home/airflow/.local/lib/python3.11/site-packages/airflow/models/baseoperator.py", line 485, in apply_defaults
    result = func(self, **kwargs, default_args=default_args)
             ^^^^^^^^^^^^^^^^^^^^^^^^^^^^^^^^^^^^^^^^^^^^^^^
  File "/home/airflow/.local/lib/python3.11/site-packages/airflow/models/baseoperator.py", line 882, in __init__
    raise AirflowException(
airflow.exceptions.AirflowException: Invalid arguments were passed to DockerOperator (task_id: dbt_reference_models). Invalid arguments were:
**kwargs: {'volumes': ['C:/Users/uzair/Documents/GitHub/Enpal/dbt/dbt_project:/dbt']}
[2025-12-29T02:17:44.220+0000] {processor.py:842} WARNING - No viable dags retrieved from /opt/airflow/dags/refrence_setup.py
[2025-12-29T02:17:44.234+0000] {processor.py:183} INFO - Processing /opt/airflow/dags/refrence_setup.py took 0.034 seconds
[2025-12-29T02:18:14.445+0000] {processor.py:161} INFO - Started process (PID=334) to work on /opt/airflow/dags/refrence_setup.py
[2025-12-29T02:18:14.446+0000] {processor.py:830} INFO - Processing file /opt/airflow/dags/refrence_setup.py for tasks to queue
[2025-12-29T02:18:14.447+0000] {logging_mixin.py:188} INFO - [2025-12-29T02:18:14.447+0000] {dagbag.py:545} INFO - Filling up the DagBag from /opt/airflow/dags/refrence_setup.py
[2025-12-29T02:18:14.460+0000] {logging_mixin.py:188} INFO - [2025-12-29T02:18:14.457+0000] {dagbag.py:355} ERROR - Failed to import: /opt/airflow/dags/refrence_setup.py
Traceback (most recent call last):
  File "/home/airflow/.local/lib/python3.11/site-packages/airflow/models/dagbag.py", line 351, in parse
    loader.exec_module(new_module)
  File "<frozen importlib._bootstrap_external>", line 940, in exec_module
  File "<frozen importlib._bootstrap>", line 241, in _call_with_frames_removed
  File "/opt/airflow/dags/refrence_setup.py", line 68, in <module>
    dbt_reference_models = dbt_run_task(
                           ^^^^^^^^^^^^^
  File "/opt/airflow/dags/refrence_setup.py", line 41, in dbt_run_task
    return DockerOperator(
           ^^^^^^^^^^^^^^^
  File "/home/airflow/.local/lib/python3.11/site-packages/airflow/models/baseoperator.py", line 485, in apply_defaults
    result = func(self, **kwargs, default_args=default_args)
             ^^^^^^^^^^^^^^^^^^^^^^^^^^^^^^^^^^^^^^^^^^^^^^^
  File "/home/airflow/.local/lib/python3.11/site-packages/airflow/providers/docker/operators/docker.py", line 273, in __init__
    super().__init__(**kwargs)
  File "/home/airflow/.local/lib/python3.11/site-packages/airflow/models/baseoperator.py", line 485, in apply_defaults
    result = func(self, **kwargs, default_args=default_args)
             ^^^^^^^^^^^^^^^^^^^^^^^^^^^^^^^^^^^^^^^^^^^^^^^
  File "/home/airflow/.local/lib/python3.11/site-packages/airflow/models/baseoperator.py", line 882, in __init__
    raise AirflowException(
airflow.exceptions.AirflowException: Invalid arguments were passed to DockerOperator (task_id: dbt_reference_models). Invalid arguments were:
**kwargs: {'volumes': ['C:/Users/uzair/Documents/GitHub/Enpal/dbt/dbt_project:/dbt']}
[2025-12-29T02:18:14.461+0000] {processor.py:842} WARNING - No viable dags retrieved from /opt/airflow/dags/refrence_setup.py
[2025-12-29T02:18:14.475+0000] {processor.py:183} INFO - Processing /opt/airflow/dags/refrence_setup.py took 0.034 seconds
[2025-12-29T02:18:44.680+0000] {processor.py:161} INFO - Started process (PID=344) to work on /opt/airflow/dags/refrence_setup.py
[2025-12-29T02:18:44.681+0000] {processor.py:830} INFO - Processing file /opt/airflow/dags/refrence_setup.py for tasks to queue
[2025-12-29T02:18:44.682+0000] {logging_mixin.py:188} INFO - [2025-12-29T02:18:44.682+0000] {dagbag.py:545} INFO - Filling up the DagBag from /opt/airflow/dags/refrence_setup.py
[2025-12-29T02:18:44.697+0000] {logging_mixin.py:188} INFO - [2025-12-29T02:18:44.693+0000] {dagbag.py:355} ERROR - Failed to import: /opt/airflow/dags/refrence_setup.py
Traceback (most recent call last):
  File "/home/airflow/.local/lib/python3.11/site-packages/airflow/models/dagbag.py", line 351, in parse
    loader.exec_module(new_module)
  File "<frozen importlib._bootstrap_external>", line 940, in exec_module
  File "<frozen importlib._bootstrap>", line 241, in _call_with_frames_removed
  File "/opt/airflow/dags/refrence_setup.py", line 68, in <module>
    dbt_reference_models = dbt_run_task(
                           ^^^^^^^^^^^^^
  File "/opt/airflow/dags/refrence_setup.py", line 41, in dbt_run_task
    return DockerOperator(
           ^^^^^^^^^^^^^^^
  File "/home/airflow/.local/lib/python3.11/site-packages/airflow/models/baseoperator.py", line 485, in apply_defaults
    result = func(self, **kwargs, default_args=default_args)
             ^^^^^^^^^^^^^^^^^^^^^^^^^^^^^^^^^^^^^^^^^^^^^^^
  File "/home/airflow/.local/lib/python3.11/site-packages/airflow/providers/docker/operators/docker.py", line 273, in __init__
    super().__init__(**kwargs)
  File "/home/airflow/.local/lib/python3.11/site-packages/airflow/models/baseoperator.py", line 485, in apply_defaults
    result = func(self, **kwargs, default_args=default_args)
             ^^^^^^^^^^^^^^^^^^^^^^^^^^^^^^^^^^^^^^^^^^^^^^^
  File "/home/airflow/.local/lib/python3.11/site-packages/airflow/models/baseoperator.py", line 882, in __init__
    raise AirflowException(
airflow.exceptions.AirflowException: Invalid arguments were passed to DockerOperator (task_id: dbt_reference_models). Invalid arguments were:
**kwargs: {'volumes': ['C:/Users/uzair/Documents/GitHub/Enpal/dbt/dbt_project:/dbt']}
[2025-12-29T02:18:44.698+0000] {processor.py:842} WARNING - No viable dags retrieved from /opt/airflow/dags/refrence_setup.py
[2025-12-29T02:18:44.712+0000] {processor.py:183} INFO - Processing /opt/airflow/dags/refrence_setup.py took 0.036 seconds
[2025-12-29T02:18:51.793+0000] {processor.py:161} INFO - Started process (PID=354) to work on /opt/airflow/dags/refrence_setup.py
[2025-12-29T02:18:51.794+0000] {processor.py:830} INFO - Processing file /opt/airflow/dags/refrence_setup.py for tasks to queue
[2025-12-29T02:18:51.795+0000] {logging_mixin.py:188} INFO - [2025-12-29T02:18:51.795+0000] {dagbag.py:545} INFO - Filling up the DagBag from /opt/airflow/dags/refrence_setup.py
[2025-12-29T02:18:51.821+0000] {logging_mixin.py:188} INFO - [2025-12-29T02:18:51.816+0000] {dagbag.py:355} ERROR - Failed to import: /opt/airflow/dags/refrence_setup.py
Traceback (most recent call last):
  File "/home/airflow/.local/lib/python3.11/site-packages/airflow/models/dagbag.py", line 351, in parse
    loader.exec_module(new_module)
  File "<frozen importlib._bootstrap_external>", line 940, in exec_module
  File "<frozen importlib._bootstrap>", line 241, in _call_with_frames_removed
  File "/opt/airflow/dags/refrence_setup.py", line 69, in <module>
    dbt_reference_models = dbt_run_task(
                           ^^^^^^^^^^^^^
  File "/opt/airflow/dags/refrence_setup.py", line 42, in dbt_run_task
    return DockerOperator(
           ^^^^^^^^^^^^^^^
  File "/home/airflow/.local/lib/python3.11/site-packages/airflow/models/baseoperator.py", line 485, in apply_defaults
    result = func(self, **kwargs, default_args=default_args)
             ^^^^^^^^^^^^^^^^^^^^^^^^^^^^^^^^^^^^^^^^^^^^^^^
  File "/home/airflow/.local/lib/python3.11/site-packages/airflow/providers/docker/operators/docker.py", line 273, in __init__
    super().__init__(**kwargs)
  File "/home/airflow/.local/lib/python3.11/site-packages/airflow/models/baseoperator.py", line 485, in apply_defaults
    result = func(self, **kwargs, default_args=default_args)
             ^^^^^^^^^^^^^^^^^^^^^^^^^^^^^^^^^^^^^^^^^^^^^^^
  File "/home/airflow/.local/lib/python3.11/site-packages/airflow/models/baseoperator.py", line 882, in __init__
    raise AirflowException(
airflow.exceptions.AirflowException: Invalid arguments were passed to DockerOperator (task_id: dbt_reference_models). Invalid arguments were:
**kwargs: {'volumes': ['C:/Users/uzair/Documents/GitHub/Enpal/dbt/dbt_project:/dbt']}
[2025-12-29T02:18:51.822+0000] {processor.py:842} WARNING - No viable dags retrieved from /opt/airflow/dags/refrence_setup.py
[2025-12-29T02:18:51.839+0000] {processor.py:183} INFO - Processing /opt/airflow/dags/refrence_setup.py took 0.051 seconds
[2025-12-29T02:19:08.904+0000] {processor.py:161} INFO - Started process (PID=359) to work on /opt/airflow/dags/refrence_setup.py
[2025-12-29T02:19:08.905+0000] {processor.py:830} INFO - Processing file /opt/airflow/dags/refrence_setup.py for tasks to queue
[2025-12-29T02:19:08.907+0000] {logging_mixin.py:188} INFO - [2025-12-29T02:19:08.906+0000] {dagbag.py:545} INFO - Filling up the DagBag from /opt/airflow/dags/refrence_setup.py
[2025-12-29T02:19:08.933+0000] {processor.py:840} INFO - DAG(s) 'reference_setup' retrieved from /opt/airflow/dags/refrence_setup.py
[2025-12-29T02:19:09.139+0000] {logging_mixin.py:188} INFO - [2025-12-29T02:19:09.139+0000] {override.py:1858} INFO - Created Permission View: can delete on DAG:reference_setup
[2025-12-29T02:19:09.150+0000] {logging_mixin.py:188} INFO - [2025-12-29T02:19:09.150+0000] {override.py:1858} INFO - Created Permission View: can edit on DAG:reference_setup
[2025-12-29T02:19:09.158+0000] {logging_mixin.py:188} INFO - [2025-12-29T02:19:09.158+0000] {override.py:1858} INFO - Created Permission View: can read on DAG:reference_setup
[2025-12-29T02:19:09.159+0000] {logging_mixin.py:188} INFO - [2025-12-29T02:19:09.159+0000] {dag.py:3089} INFO - Sync 1 DAGs
[2025-12-29T02:19:09.169+0000] {logging_mixin.py:188} INFO - [2025-12-29T02:19:09.169+0000] {dag.py:3111} INFO - Creating ORM DAG for reference_setup
[2025-12-29T02:19:09.180+0000] {logging_mixin.py:188} INFO - [2025-12-29T02:19:09.180+0000] {dag.py:3947} INFO - Setting next_dagrun for reference_setup to 2025-12-28 00:00:00+00:00, run_after=2025-12-29 00:00:00+00:00
[2025-12-29T02:19:09.203+0000] {processor.py:183} INFO - Processing /opt/airflow/dags/refrence_setup.py took 0.303 seconds
[2025-12-29T02:19:40.144+0000] {processor.py:161} INFO - Started process (PID=369) to work on /opt/airflow/dags/refrence_setup.py
[2025-12-29T02:19:40.144+0000] {processor.py:830} INFO - Processing file /opt/airflow/dags/refrence_setup.py for tasks to queue
[2025-12-29T02:19:40.146+0000] {logging_mixin.py:188} INFO - [2025-12-29T02:19:40.145+0000] {dagbag.py:545} INFO - Filling up the DagBag from /opt/airflow/dags/refrence_setup.py
[2025-12-29T02:19:40.159+0000] {processor.py:840} INFO - DAG(s) 'reference_setup' retrieved from /opt/airflow/dags/refrence_setup.py
[2025-12-29T02:19:40.184+0000] {logging_mixin.py:188} INFO - [2025-12-29T02:19:40.184+0000] {dag.py:3089} INFO - Sync 1 DAGs
[2025-12-29T02:19:40.203+0000] {logging_mixin.py:188} INFO - [2025-12-29T02:19:40.202+0000] {dag.py:3947} INFO - Setting next_dagrun for reference_setup to 2025-12-28 00:00:00+00:00, run_after=2025-12-29 00:00:00+00:00
[2025-12-29T02:19:40.218+0000] {processor.py:183} INFO - Processing /opt/airflow/dags/refrence_setup.py took 0.078 seconds
[2025-12-29T02:20:10.439+0000] {processor.py:161} INFO - Started process (PID=379) to work on /opt/airflow/dags/refrence_setup.py
[2025-12-29T02:20:10.440+0000] {processor.py:830} INFO - Processing file /opt/airflow/dags/refrence_setup.py for tasks to queue
[2025-12-29T02:20:10.443+0000] {logging_mixin.py:188} INFO - [2025-12-29T02:20:10.442+0000] {dagbag.py:545} INFO - Filling up the DagBag from /opt/airflow/dags/refrence_setup.py
[2025-12-29T02:20:10.463+0000] {processor.py:840} INFO - DAG(s) 'reference_setup' retrieved from /opt/airflow/dags/refrence_setup.py
[2025-12-29T02:20:10.496+0000] {logging_mixin.py:188} INFO - [2025-12-29T02:20:10.495+0000] {dag.py:3089} INFO - Sync 1 DAGs
[2025-12-29T02:20:10.523+0000] {logging_mixin.py:188} INFO - [2025-12-29T02:20:10.523+0000] {dag.py:3947} INFO - Setting next_dagrun for reference_setup to 2025-12-28 00:00:00+00:00, run_after=2025-12-29 00:00:00+00:00
[2025-12-29T02:20:10.552+0000] {processor.py:183} INFO - Processing /opt/airflow/dags/refrence_setup.py took 0.118 seconds
[2025-12-29T02:20:40.642+0000] {processor.py:161} INFO - Started process (PID=389) to work on /opt/airflow/dags/refrence_setup.py
[2025-12-29T02:20:40.643+0000] {processor.py:830} INFO - Processing file /opt/airflow/dags/refrence_setup.py for tasks to queue
[2025-12-29T02:20:40.645+0000] {logging_mixin.py:188} INFO - [2025-12-29T02:20:40.644+0000] {dagbag.py:545} INFO - Filling up the DagBag from /opt/airflow/dags/refrence_setup.py
[2025-12-29T02:20:40.665+0000] {processor.py:840} INFO - DAG(s) 'reference_setup' retrieved from /opt/airflow/dags/refrence_setup.py
[2025-12-29T02:20:40.692+0000] {logging_mixin.py:188} INFO - [2025-12-29T02:20:40.692+0000] {dag.py:3089} INFO - Sync 1 DAGs
[2025-12-29T02:20:40.713+0000] {logging_mixin.py:188} INFO - [2025-12-29T02:20:40.713+0000] {dag.py:3947} INFO - Setting next_dagrun for reference_setup to 2025-12-28 00:00:00+00:00, run_after=2025-12-29 00:00:00+00:00
[2025-12-29T02:20:40.734+0000] {processor.py:183} INFO - Processing /opt/airflow/dags/refrence_setup.py took 0.098 seconds
[2025-12-29T02:21:10.850+0000] {processor.py:161} INFO - Started process (PID=399) to work on /opt/airflow/dags/refrence_setup.py
[2025-12-29T02:21:10.851+0000] {processor.py:830} INFO - Processing file /opt/airflow/dags/refrence_setup.py for tasks to queue
[2025-12-29T02:21:10.852+0000] {logging_mixin.py:188} INFO - [2025-12-29T02:21:10.852+0000] {dagbag.py:545} INFO - Filling up the DagBag from /opt/airflow/dags/refrence_setup.py
[2025-12-29T02:21:10.868+0000] {processor.py:840} INFO - DAG(s) 'reference_setup' retrieved from /opt/airflow/dags/refrence_setup.py
[2025-12-29T02:21:10.894+0000] {logging_mixin.py:188} INFO - [2025-12-29T02:21:10.894+0000] {dag.py:3089} INFO - Sync 1 DAGs
[2025-12-29T02:21:10.911+0000] {logging_mixin.py:188} INFO - [2025-12-29T02:21:10.911+0000] {dag.py:3947} INFO - Setting next_dagrun for reference_setup to 2025-12-28 00:00:00+00:00, run_after=2025-12-29 00:00:00+00:00
[2025-12-29T02:21:10.926+0000] {processor.py:183} INFO - Processing /opt/airflow/dags/refrence_setup.py took 0.081 seconds
[2025-12-29T02:21:41.118+0000] {processor.py:161} INFO - Started process (PID=409) to work on /opt/airflow/dags/refrence_setup.py
[2025-12-29T02:21:41.119+0000] {processor.py:830} INFO - Processing file /opt/airflow/dags/refrence_setup.py for tasks to queue
[2025-12-29T02:21:41.120+0000] {logging_mixin.py:188} INFO - [2025-12-29T02:21:41.120+0000] {dagbag.py:545} INFO - Filling up the DagBag from /opt/airflow/dags/refrence_setup.py
[2025-12-29T02:21:41.135+0000] {processor.py:840} INFO - DAG(s) 'reference_setup' retrieved from /opt/airflow/dags/refrence_setup.py
[2025-12-29T02:21:41.159+0000] {logging_mixin.py:188} INFO - [2025-12-29T02:21:41.158+0000] {dag.py:3089} INFO - Sync 1 DAGs
[2025-12-29T02:21:41.177+0000] {logging_mixin.py:188} INFO - [2025-12-29T02:21:41.177+0000] {dag.py:3947} INFO - Setting next_dagrun for reference_setup to 2025-12-28 00:00:00+00:00, run_after=2025-12-29 00:00:00+00:00
[2025-12-29T02:21:41.193+0000] {processor.py:183} INFO - Processing /opt/airflow/dags/refrence_setup.py took 0.078 seconds
[2025-12-29T02:21:48.180+0000] {processor.py:161} INFO - Started process (PID=414) to work on /opt/airflow/dags/refrence_setup.py
[2025-12-29T02:21:48.180+0000] {processor.py:830} INFO - Processing file /opt/airflow/dags/refrence_setup.py for tasks to queue
[2025-12-29T02:21:48.182+0000] {logging_mixin.py:188} INFO - [2025-12-29T02:21:48.182+0000] {dagbag.py:545} INFO - Filling up the DagBag from /opt/airflow/dags/refrence_setup.py
[2025-12-29T02:21:48.209+0000] {processor.py:840} INFO - DAG(s) 'reference_setup' retrieved from /opt/airflow/dags/refrence_setup.py
[2025-12-29T02:21:48.249+0000] {logging_mixin.py:188} INFO - [2025-12-29T02:21:48.249+0000] {dag.py:3089} INFO - Sync 1 DAGs
[2025-12-29T02:21:48.278+0000] {logging_mixin.py:188} INFO - [2025-12-29T02:21:48.277+0000] {dag.py:3947} INFO - Setting next_dagrun for reference_setup to 2025-12-28 00:00:00+00:00, run_after=2025-12-29 00:00:00+00:00
[2025-12-29T02:21:48.307+0000] {processor.py:183} INFO - Processing /opt/airflow/dags/refrence_setup.py took 0.131 seconds
[2025-12-29T02:22:18.441+0000] {processor.py:161} INFO - Started process (PID=424) to work on /opt/airflow/dags/refrence_setup.py
[2025-12-29T02:22:18.442+0000] {processor.py:830} INFO - Processing file /opt/airflow/dags/refrence_setup.py for tasks to queue
[2025-12-29T02:22:18.443+0000] {logging_mixin.py:188} INFO - [2025-12-29T02:22:18.443+0000] {dagbag.py:545} INFO - Filling up the DagBag from /opt/airflow/dags/refrence_setup.py
[2025-12-29T02:22:18.458+0000] {processor.py:840} INFO - DAG(s) 'reference_setup' retrieved from /opt/airflow/dags/refrence_setup.py
[2025-12-29T02:22:18.483+0000] {logging_mixin.py:188} INFO - [2025-12-29T02:22:18.483+0000] {dag.py:3089} INFO - Sync 1 DAGs
[2025-12-29T02:22:18.502+0000] {logging_mixin.py:188} INFO - [2025-12-29T02:22:18.501+0000] {dag.py:3947} INFO - Setting next_dagrun for reference_setup to 2025-12-28 00:00:00+00:00, run_after=2025-12-29 00:00:00+00:00
[2025-12-29T02:22:18.516+0000] {processor.py:183} INFO - Processing /opt/airflow/dags/refrence_setup.py took 0.079 seconds
[2025-12-29T02:22:48.697+0000] {processor.py:161} INFO - Started process (PID=434) to work on /opt/airflow/dags/refrence_setup.py
[2025-12-29T02:22:48.698+0000] {processor.py:830} INFO - Processing file /opt/airflow/dags/refrence_setup.py for tasks to queue
[2025-12-29T02:22:48.700+0000] {logging_mixin.py:188} INFO - [2025-12-29T02:22:48.700+0000] {dagbag.py:545} INFO - Filling up the DagBag from /opt/airflow/dags/refrence_setup.py
[2025-12-29T02:22:48.713+0000] {processor.py:840} INFO - DAG(s) 'reference_setup' retrieved from /opt/airflow/dags/refrence_setup.py
[2025-12-29T02:22:48.738+0000] {logging_mixin.py:188} INFO - [2025-12-29T02:22:48.738+0000] {dag.py:3089} INFO - Sync 1 DAGs
[2025-12-29T02:22:48.756+0000] {logging_mixin.py:188} INFO - [2025-12-29T02:22:48.756+0000] {dag.py:3947} INFO - Setting next_dagrun for reference_setup to 2025-12-28 00:00:00+00:00, run_after=2025-12-29 00:00:00+00:00
[2025-12-29T02:22:48.771+0000] {processor.py:183} INFO - Processing /opt/airflow/dags/refrence_setup.py took 0.078 seconds
[2025-12-29T02:23:18.948+0000] {processor.py:161} INFO - Started process (PID=444) to work on /opt/airflow/dags/refrence_setup.py
[2025-12-29T02:23:18.949+0000] {processor.py:830} INFO - Processing file /opt/airflow/dags/refrence_setup.py for tasks to queue
[2025-12-29T02:23:18.950+0000] {logging_mixin.py:188} INFO - [2025-12-29T02:23:18.950+0000] {dagbag.py:545} INFO - Filling up the DagBag from /opt/airflow/dags/refrence_setup.py
[2025-12-29T02:23:18.963+0000] {processor.py:840} INFO - DAG(s) 'reference_setup' retrieved from /opt/airflow/dags/refrence_setup.py
[2025-12-29T02:23:18.988+0000] {logging_mixin.py:188} INFO - [2025-12-29T02:23:18.988+0000] {dag.py:3089} INFO - Sync 1 DAGs
[2025-12-29T02:23:19.006+0000] {logging_mixin.py:188} INFO - [2025-12-29T02:23:19.006+0000] {dag.py:3947} INFO - Setting next_dagrun for reference_setup to 2025-12-28 00:00:00+00:00, run_after=2025-12-29 00:00:00+00:00
[2025-12-29T02:23:19.021+0000] {processor.py:183} INFO - Processing /opt/airflow/dags/refrence_setup.py took 0.077 seconds
[2025-12-29T02:23:49.193+0000] {processor.py:161} INFO - Started process (PID=454) to work on /opt/airflow/dags/refrence_setup.py
[2025-12-29T02:23:49.194+0000] {processor.py:830} INFO - Processing file /opt/airflow/dags/refrence_setup.py for tasks to queue
[2025-12-29T02:23:49.195+0000] {logging_mixin.py:188} INFO - [2025-12-29T02:23:49.195+0000] {dagbag.py:545} INFO - Filling up the DagBag from /opt/airflow/dags/refrence_setup.py
[2025-12-29T02:23:49.209+0000] {processor.py:840} INFO - DAG(s) 'reference_setup' retrieved from /opt/airflow/dags/refrence_setup.py
[2025-12-29T02:23:49.235+0000] {logging_mixin.py:188} INFO - [2025-12-29T02:23:49.235+0000] {dag.py:3089} INFO - Sync 1 DAGs
[2025-12-29T02:23:49.252+0000] {logging_mixin.py:188} INFO - [2025-12-29T02:23:49.251+0000] {dag.py:3947} INFO - Setting next_dagrun for reference_setup to 2025-12-28 00:00:00+00:00, run_after=2025-12-29 00:00:00+00:00
[2025-12-29T02:23:49.267+0000] {processor.py:183} INFO - Processing /opt/airflow/dags/refrence_setup.py took 0.078 seconds
[2025-12-29T02:24:19.439+0000] {processor.py:161} INFO - Started process (PID=464) to work on /opt/airflow/dags/refrence_setup.py
[2025-12-29T02:24:19.440+0000] {processor.py:830} INFO - Processing file /opt/airflow/dags/refrence_setup.py for tasks to queue
[2025-12-29T02:24:19.441+0000] {logging_mixin.py:188} INFO - [2025-12-29T02:24:19.441+0000] {dagbag.py:545} INFO - Filling up the DagBag from /opt/airflow/dags/refrence_setup.py
[2025-12-29T02:24:19.453+0000] {processor.py:840} INFO - DAG(s) 'reference_setup' retrieved from /opt/airflow/dags/refrence_setup.py
[2025-12-29T02:24:19.478+0000] {logging_mixin.py:188} INFO - [2025-12-29T02:24:19.478+0000] {dag.py:3089} INFO - Sync 1 DAGs
[2025-12-29T02:24:19.496+0000] {logging_mixin.py:188} INFO - [2025-12-29T02:24:19.495+0000] {dag.py:3947} INFO - Setting next_dagrun for reference_setup to 2025-12-28 00:00:00+00:00, run_after=2025-12-29 00:00:00+00:00
[2025-12-29T02:24:19.511+0000] {processor.py:183} INFO - Processing /opt/airflow/dags/refrence_setup.py took 0.077 seconds
[2025-12-29T02:24:49.682+0000] {processor.py:161} INFO - Started process (PID=474) to work on /opt/airflow/dags/refrence_setup.py
[2025-12-29T02:24:49.683+0000] {processor.py:830} INFO - Processing file /opt/airflow/dags/refrence_setup.py for tasks to queue
[2025-12-29T02:24:49.684+0000] {logging_mixin.py:188} INFO - [2025-12-29T02:24:49.684+0000] {dagbag.py:545} INFO - Filling up the DagBag from /opt/airflow/dags/refrence_setup.py
[2025-12-29T02:24:49.698+0000] {processor.py:840} INFO - DAG(s) 'reference_setup' retrieved from /opt/airflow/dags/refrence_setup.py
[2025-12-29T02:24:49.725+0000] {logging_mixin.py:188} INFO - [2025-12-29T02:24:49.725+0000] {dag.py:3089} INFO - Sync 1 DAGs
[2025-12-29T02:24:49.744+0000] {logging_mixin.py:188} INFO - [2025-12-29T02:24:49.744+0000] {dag.py:3947} INFO - Setting next_dagrun for reference_setup to 2025-12-28 00:00:00+00:00, run_after=2025-12-29 00:00:00+00:00
[2025-12-29T02:24:49.758+0000] {processor.py:183} INFO - Processing /opt/airflow/dags/refrence_setup.py took 0.080 seconds
[2025-12-29T02:25:19.934+0000] {processor.py:161} INFO - Started process (PID=484) to work on /opt/airflow/dags/refrence_setup.py
[2025-12-29T02:25:19.935+0000] {processor.py:830} INFO - Processing file /opt/airflow/dags/refrence_setup.py for tasks to queue
[2025-12-29T02:25:19.937+0000] {logging_mixin.py:188} INFO - [2025-12-29T02:25:19.936+0000] {dagbag.py:545} INFO - Filling up the DagBag from /opt/airflow/dags/refrence_setup.py
[2025-12-29T02:25:19.950+0000] {processor.py:840} INFO - DAG(s) 'reference_setup' retrieved from /opt/airflow/dags/refrence_setup.py
[2025-12-29T02:25:19.977+0000] {logging_mixin.py:188} INFO - [2025-12-29T02:25:19.976+0000] {dag.py:3089} INFO - Sync 1 DAGs
[2025-12-29T02:25:19.995+0000] {logging_mixin.py:188} INFO - [2025-12-29T02:25:19.995+0000] {dag.py:3947} INFO - Setting next_dagrun for reference_setup to 2025-12-28 00:00:00+00:00, run_after=2025-12-29 00:00:00+00:00
[2025-12-29T02:25:20.009+0000] {processor.py:183} INFO - Processing /opt/airflow/dags/refrence_setup.py took 0.079 seconds
[2025-12-29T02:25:50.179+0000] {processor.py:161} INFO - Started process (PID=494) to work on /opt/airflow/dags/refrence_setup.py
[2025-12-29T02:25:50.180+0000] {processor.py:830} INFO - Processing file /opt/airflow/dags/refrence_setup.py for tasks to queue
[2025-12-29T02:25:50.181+0000] {logging_mixin.py:188} INFO - [2025-12-29T02:25:50.181+0000] {dagbag.py:545} INFO - Filling up the DagBag from /opt/airflow/dags/refrence_setup.py
[2025-12-29T02:25:50.197+0000] {processor.py:840} INFO - DAG(s) 'reference_setup' retrieved from /opt/airflow/dags/refrence_setup.py
[2025-12-29T02:25:50.225+0000] {logging_mixin.py:188} INFO - [2025-12-29T02:25:50.224+0000] {dag.py:3089} INFO - Sync 1 DAGs
[2025-12-29T02:25:50.248+0000] {logging_mixin.py:188} INFO - [2025-12-29T02:25:50.247+0000] {dag.py:3947} INFO - Setting next_dagrun for reference_setup to 2025-12-28 00:00:00+00:00, run_after=2025-12-29 00:00:00+00:00
[2025-12-29T02:25:50.272+0000] {processor.py:183} INFO - Processing /opt/airflow/dags/refrence_setup.py took 0.097 seconds
[2025-12-29T02:26:20.503+0000] {processor.py:161} INFO - Started process (PID=509) to work on /opt/airflow/dags/refrence_setup.py
[2025-12-29T02:26:20.504+0000] {processor.py:830} INFO - Processing file /opt/airflow/dags/refrence_setup.py for tasks to queue
[2025-12-29T02:26:20.505+0000] {logging_mixin.py:188} INFO - [2025-12-29T02:26:20.505+0000] {dagbag.py:545} INFO - Filling up the DagBag from /opt/airflow/dags/refrence_setup.py
[2025-12-29T02:26:20.520+0000] {processor.py:840} INFO - DAG(s) 'reference_setup' retrieved from /opt/airflow/dags/refrence_setup.py
[2025-12-29T02:26:20.545+0000] {logging_mixin.py:188} INFO - [2025-12-29T02:26:20.545+0000] {dag.py:3089} INFO - Sync 1 DAGs
[2025-12-29T02:26:20.563+0000] {logging_mixin.py:188} INFO - [2025-12-29T02:26:20.562+0000] {dag.py:3947} INFO - Setting next_dagrun for reference_setup to 2025-12-28 00:00:00+00:00, run_after=2025-12-29 00:00:00+00:00
[2025-12-29T02:26:20.577+0000] {processor.py:183} INFO - Processing /opt/airflow/dags/refrence_setup.py took 0.079 seconds
[2025-12-29T02:26:50.758+0000] {processor.py:161} INFO - Started process (PID=524) to work on /opt/airflow/dags/refrence_setup.py
[2025-12-29T02:26:50.759+0000] {processor.py:830} INFO - Processing file /opt/airflow/dags/refrence_setup.py for tasks to queue
[2025-12-29T02:26:50.760+0000] {logging_mixin.py:188} INFO - [2025-12-29T02:26:50.760+0000] {dagbag.py:545} INFO - Filling up the DagBag from /opt/airflow/dags/refrence_setup.py
[2025-12-29T02:26:50.774+0000] {processor.py:840} INFO - DAG(s) 'reference_setup' retrieved from /opt/airflow/dags/refrence_setup.py
[2025-12-29T02:26:50.800+0000] {logging_mixin.py:188} INFO - [2025-12-29T02:26:50.799+0000] {dag.py:3089} INFO - Sync 1 DAGs
[2025-12-29T02:26:50.817+0000] {logging_mixin.py:188} INFO - [2025-12-29T02:26:50.817+0000] {dag.py:3947} INFO - Setting next_dagrun for reference_setup to 2025-12-28 00:00:00+00:00, run_after=2025-12-29 00:00:00+00:00
[2025-12-29T02:26:50.832+0000] {processor.py:183} INFO - Processing /opt/airflow/dags/refrence_setup.py took 0.079 seconds
[2025-12-29T02:27:21.036+0000] {processor.py:161} INFO - Started process (PID=534) to work on /opt/airflow/dags/refrence_setup.py
[2025-12-29T02:27:21.037+0000] {processor.py:830} INFO - Processing file /opt/airflow/dags/refrence_setup.py for tasks to queue
[2025-12-29T02:27:21.038+0000] {logging_mixin.py:188} INFO - [2025-12-29T02:27:21.038+0000] {dagbag.py:545} INFO - Filling up the DagBag from /opt/airflow/dags/refrence_setup.py
[2025-12-29T02:27:21.052+0000] {processor.py:840} INFO - DAG(s) 'reference_setup' retrieved from /opt/airflow/dags/refrence_setup.py
[2025-12-29T02:27:21.076+0000] {logging_mixin.py:188} INFO - [2025-12-29T02:27:21.075+0000] {dag.py:3089} INFO - Sync 1 DAGs
[2025-12-29T02:27:21.092+0000] {logging_mixin.py:188} INFO - [2025-12-29T02:27:21.092+0000] {dag.py:3947} INFO - Setting next_dagrun for reference_setup to 2025-12-28 00:00:00+00:00, run_after=2025-12-29 00:00:00+00:00
[2025-12-29T02:27:21.108+0000] {processor.py:183} INFO - Processing /opt/airflow/dags/refrence_setup.py took 0.076 seconds
[2025-12-29T02:28:23.868+0000] {processor.py:161} INFO - Started process (PID=192) to work on /opt/airflow/dags/refrence_setup.py
[2025-12-29T02:28:23.869+0000] {processor.py:830} INFO - Processing file /opt/airflow/dags/refrence_setup.py for tasks to queue
[2025-12-29T02:28:23.873+0000] {logging_mixin.py:188} INFO - [2025-12-29T02:28:23.872+0000] {dagbag.py:545} INFO - Filling up the DagBag from /opt/airflow/dags/refrence_setup.py
[2025-12-29T02:28:23.895+0000] {processor.py:840} INFO - DAG(s) 'reference_setup' retrieved from /opt/airflow/dags/refrence_setup.py
[2025-12-29T02:28:24.276+0000] {logging_mixin.py:188} INFO - [2025-12-29T02:28:24.275+0000] {override.py:1858} INFO - Created Permission View: can edit on DAG:reference_setup
[2025-12-29T02:28:24.284+0000] {logging_mixin.py:188} INFO - [2025-12-29T02:28:24.284+0000] {override.py:1858} INFO - Created Permission View: can delete on DAG:reference_setup
[2025-12-29T02:28:24.290+0000] {logging_mixin.py:188} INFO - [2025-12-29T02:28:24.290+0000] {override.py:1858} INFO - Created Permission View: can read on DAG:reference_setup
[2025-12-29T02:28:24.291+0000] {logging_mixin.py:188} INFO - [2025-12-29T02:28:24.291+0000] {dag.py:3089} INFO - Sync 1 DAGs
[2025-12-29T02:28:24.300+0000] {logging_mixin.py:188} INFO - [2025-12-29T02:28:24.300+0000] {dag.py:3111} INFO - Creating ORM DAG for reference_setup
[2025-12-29T02:28:24.310+0000] {logging_mixin.py:188} INFO - [2025-12-29T02:28:24.310+0000] {dag.py:3947} INFO - Setting next_dagrun for reference_setup to 2025-12-28 00:00:00+00:00, run_after=2025-12-29 00:00:00+00:00
[2025-12-29T02:28:24.328+0000] {processor.py:183} INFO - Processing /opt/airflow/dags/refrence_setup.py took 0.466 seconds
[2025-12-29T02:28:54.686+0000] {processor.py:161} INFO - Started process (PID=202) to work on /opt/airflow/dags/refrence_setup.py
[2025-12-29T02:28:54.687+0000] {processor.py:830} INFO - Processing file /opt/airflow/dags/refrence_setup.py for tasks to queue
[2025-12-29T02:28:54.689+0000] {logging_mixin.py:188} INFO - [2025-12-29T02:28:54.688+0000] {dagbag.py:545} INFO - Filling up the DagBag from /opt/airflow/dags/refrence_setup.py
[2025-12-29T02:28:54.707+0000] {processor.py:840} INFO - DAG(s) 'reference_setup' retrieved from /opt/airflow/dags/refrence_setup.py
[2025-12-29T02:28:54.736+0000] {logging_mixin.py:188} INFO - [2025-12-29T02:28:54.736+0000] {dag.py:3089} INFO - Sync 1 DAGs
[2025-12-29T02:28:54.760+0000] {logging_mixin.py:188} INFO - [2025-12-29T02:28:54.759+0000] {dag.py:3947} INFO - Setting next_dagrun for reference_setup to 2025-12-28 00:00:00+00:00, run_after=2025-12-29 00:00:00+00:00
[2025-12-29T02:28:54.780+0000] {processor.py:183} INFO - Processing /opt/airflow/dags/refrence_setup.py took 0.099 seconds
[2025-12-29T02:29:24.986+0000] {processor.py:161} INFO - Started process (PID=214) to work on /opt/airflow/dags/refrence_setup.py
[2025-12-29T02:29:24.986+0000] {processor.py:830} INFO - Processing file /opt/airflow/dags/refrence_setup.py for tasks to queue
[2025-12-29T02:29:24.987+0000] {logging_mixin.py:188} INFO - [2025-12-29T02:29:24.987+0000] {dagbag.py:545} INFO - Filling up the DagBag from /opt/airflow/dags/refrence_setup.py
[2025-12-29T02:29:25.004+0000] {processor.py:840} INFO - DAG(s) 'reference_setup' retrieved from /opt/airflow/dags/refrence_setup.py
[2025-12-29T02:29:25.034+0000] {logging_mixin.py:188} INFO - [2025-12-29T02:29:25.034+0000] {dag.py:3089} INFO - Sync 1 DAGs
[2025-12-29T02:29:25.055+0000] {logging_mixin.py:188} INFO - [2025-12-29T02:29:25.055+0000] {dag.py:3947} INFO - Setting next_dagrun for reference_setup to 2025-12-28 00:00:00+00:00, run_after=2025-12-29 00:00:00+00:00
[2025-12-29T02:29:25.072+0000] {processor.py:183} INFO - Processing /opt/airflow/dags/refrence_setup.py took 0.091 seconds
[2025-12-29T02:29:55.260+0000] {processor.py:161} INFO - Started process (PID=224) to work on /opt/airflow/dags/refrence_setup.py
[2025-12-29T02:29:55.261+0000] {processor.py:830} INFO - Processing file /opt/airflow/dags/refrence_setup.py for tasks to queue
[2025-12-29T02:29:55.263+0000] {logging_mixin.py:188} INFO - [2025-12-29T02:29:55.262+0000] {dagbag.py:545} INFO - Filling up the DagBag from /opt/airflow/dags/refrence_setup.py
[2025-12-29T02:29:55.278+0000] {processor.py:840} INFO - DAG(s) 'reference_setup' retrieved from /opt/airflow/dags/refrence_setup.py
[2025-12-29T02:29:55.306+0000] {logging_mixin.py:188} INFO - [2025-12-29T02:29:55.305+0000] {dag.py:3089} INFO - Sync 1 DAGs
[2025-12-29T02:29:55.324+0000] {logging_mixin.py:188} INFO - [2025-12-29T02:29:55.324+0000] {dag.py:3947} INFO - Setting next_dagrun for reference_setup to 2025-12-28 00:00:00+00:00, run_after=2025-12-29 00:00:00+00:00
[2025-12-29T02:29:55.338+0000] {processor.py:183} INFO - Processing /opt/airflow/dags/refrence_setup.py took 0.082 seconds
[2025-12-29T02:30:25.527+0000] {processor.py:161} INFO - Started process (PID=234) to work on /opt/airflow/dags/refrence_setup.py
[2025-12-29T02:30:25.528+0000] {processor.py:830} INFO - Processing file /opt/airflow/dags/refrence_setup.py for tasks to queue
[2025-12-29T02:30:25.530+0000] {logging_mixin.py:188} INFO - [2025-12-29T02:30:25.530+0000] {dagbag.py:545} INFO - Filling up the DagBag from /opt/airflow/dags/refrence_setup.py
[2025-12-29T02:30:25.544+0000] {processor.py:840} INFO - DAG(s) 'reference_setup' retrieved from /opt/airflow/dags/refrence_setup.py
[2025-12-29T02:30:25.574+0000] {logging_mixin.py:188} INFO - [2025-12-29T02:30:25.574+0000] {dag.py:3089} INFO - Sync 1 DAGs
[2025-12-29T02:30:25.595+0000] {logging_mixin.py:188} INFO - [2025-12-29T02:30:25.594+0000] {dag.py:3947} INFO - Setting next_dagrun for reference_setup to 2025-12-28 00:00:00+00:00, run_after=2025-12-29 00:00:00+00:00
[2025-12-29T02:30:25.614+0000] {processor.py:183} INFO - Processing /opt/airflow/dags/refrence_setup.py took 0.091 seconds
[2025-12-29T02:30:55.801+0000] {processor.py:161} INFO - Started process (PID=244) to work on /opt/airflow/dags/refrence_setup.py
[2025-12-29T02:30:55.802+0000] {processor.py:830} INFO - Processing file /opt/airflow/dags/refrence_setup.py for tasks to queue
[2025-12-29T02:30:55.803+0000] {logging_mixin.py:188} INFO - [2025-12-29T02:30:55.803+0000] {dagbag.py:545} INFO - Filling up the DagBag from /opt/airflow/dags/refrence_setup.py
[2025-12-29T02:30:55.817+0000] {processor.py:840} INFO - DAG(s) 'reference_setup' retrieved from /opt/airflow/dags/refrence_setup.py
[2025-12-29T02:30:55.845+0000] {logging_mixin.py:188} INFO - [2025-12-29T02:30:55.845+0000] {dag.py:3089} INFO - Sync 1 DAGs
[2025-12-29T02:30:55.864+0000] {logging_mixin.py:188} INFO - [2025-12-29T02:30:55.864+0000] {dag.py:3947} INFO - Setting next_dagrun for reference_setup to 2025-12-28 00:00:00+00:00, run_after=2025-12-29 00:00:00+00:00
[2025-12-29T02:30:55.880+0000] {processor.py:183} INFO - Processing /opt/airflow/dags/refrence_setup.py took 0.083 seconds
[2025-12-29T02:31:26.075+0000] {processor.py:161} INFO - Started process (PID=254) to work on /opt/airflow/dags/refrence_setup.py
[2025-12-29T02:31:26.076+0000] {processor.py:830} INFO - Processing file /opt/airflow/dags/refrence_setup.py for tasks to queue
[2025-12-29T02:31:26.077+0000] {logging_mixin.py:188} INFO - [2025-12-29T02:31:26.077+0000] {dagbag.py:545} INFO - Filling up the DagBag from /opt/airflow/dags/refrence_setup.py
[2025-12-29T02:31:26.090+0000] {processor.py:840} INFO - DAG(s) 'reference_setup' retrieved from /opt/airflow/dags/refrence_setup.py
[2025-12-29T02:31:26.121+0000] {logging_mixin.py:188} INFO - [2025-12-29T02:31:26.121+0000] {dag.py:3089} INFO - Sync 1 DAGs
[2025-12-29T02:31:26.139+0000] {logging_mixin.py:188} INFO - [2025-12-29T02:31:26.139+0000] {dag.py:3947} INFO - Setting next_dagrun for reference_setup to 2025-12-28 00:00:00+00:00, run_after=2025-12-29 00:00:00+00:00
[2025-12-29T02:31:26.156+0000] {processor.py:183} INFO - Processing /opt/airflow/dags/refrence_setup.py took 0.085 seconds
[2025-12-29T02:31:56.348+0000] {processor.py:161} INFO - Started process (PID=264) to work on /opt/airflow/dags/refrence_setup.py
[2025-12-29T02:31:56.349+0000] {processor.py:830} INFO - Processing file /opt/airflow/dags/refrence_setup.py for tasks to queue
[2025-12-29T02:31:56.350+0000] {logging_mixin.py:188} INFO - [2025-12-29T02:31:56.350+0000] {dagbag.py:545} INFO - Filling up the DagBag from /opt/airflow/dags/refrence_setup.py
[2025-12-29T02:31:56.365+0000] {processor.py:840} INFO - DAG(s) 'reference_setup' retrieved from /opt/airflow/dags/refrence_setup.py
[2025-12-29T02:31:56.391+0000] {logging_mixin.py:188} INFO - [2025-12-29T02:31:56.390+0000] {dag.py:3089} INFO - Sync 1 DAGs
[2025-12-29T02:31:56.409+0000] {logging_mixin.py:188} INFO - [2025-12-29T02:31:56.409+0000] {dag.py:3947} INFO - Setting next_dagrun for reference_setup to 2025-12-28 00:00:00+00:00, run_after=2025-12-29 00:00:00+00:00
[2025-12-29T02:31:56.424+0000] {processor.py:183} INFO - Processing /opt/airflow/dags/refrence_setup.py took 0.080 seconds
[2025-12-29T02:32:26.612+0000] {processor.py:161} INFO - Started process (PID=274) to work on /opt/airflow/dags/refrence_setup.py
[2025-12-29T02:32:26.613+0000] {processor.py:830} INFO - Processing file /opt/airflow/dags/refrence_setup.py for tasks to queue
[2025-12-29T02:32:26.614+0000] {logging_mixin.py:188} INFO - [2025-12-29T02:32:26.614+0000] {dagbag.py:545} INFO - Filling up the DagBag from /opt/airflow/dags/refrence_setup.py
[2025-12-29T02:32:26.628+0000] {processor.py:840} INFO - DAG(s) 'reference_setup' retrieved from /opt/airflow/dags/refrence_setup.py
[2025-12-29T02:32:26.653+0000] {logging_mixin.py:188} INFO - [2025-12-29T02:32:26.653+0000] {dag.py:3089} INFO - Sync 1 DAGs
[2025-12-29T02:32:26.674+0000] {logging_mixin.py:188} INFO - [2025-12-29T02:32:26.674+0000] {dag.py:3947} INFO - Setting next_dagrun for reference_setup to 2025-12-28 00:00:00+00:00, run_after=2025-12-29 00:00:00+00:00
[2025-12-29T02:32:26.692+0000] {processor.py:183} INFO - Processing /opt/airflow/dags/refrence_setup.py took 0.084 seconds
[2025-12-29T02:32:56.881+0000] {processor.py:161} INFO - Started process (PID=284) to work on /opt/airflow/dags/refrence_setup.py
[2025-12-29T02:32:56.882+0000] {processor.py:830} INFO - Processing file /opt/airflow/dags/refrence_setup.py for tasks to queue
[2025-12-29T02:32:56.883+0000] {logging_mixin.py:188} INFO - [2025-12-29T02:32:56.883+0000] {dagbag.py:545} INFO - Filling up the DagBag from /opt/airflow/dags/refrence_setup.py
[2025-12-29T02:32:56.898+0000] {processor.py:840} INFO - DAG(s) 'reference_setup' retrieved from /opt/airflow/dags/refrence_setup.py
[2025-12-29T02:32:56.924+0000] {logging_mixin.py:188} INFO - [2025-12-29T02:32:56.924+0000] {dag.py:3089} INFO - Sync 1 DAGs
[2025-12-29T02:32:56.941+0000] {logging_mixin.py:188} INFO - [2025-12-29T02:32:56.941+0000] {dag.py:3947} INFO - Setting next_dagrun for reference_setup to 2025-12-28 00:00:00+00:00, run_after=2025-12-29 00:00:00+00:00
[2025-12-29T02:32:56.957+0000] {processor.py:183} INFO - Processing /opt/airflow/dags/refrence_setup.py took 0.082 seconds
[2025-12-29T02:33:27.176+0000] {processor.py:161} INFO - Started process (PID=294) to work on /opt/airflow/dags/refrence_setup.py
[2025-12-29T02:33:27.177+0000] {processor.py:830} INFO - Processing file /opt/airflow/dags/refrence_setup.py for tasks to queue
[2025-12-29T02:33:27.179+0000] {logging_mixin.py:188} INFO - [2025-12-29T02:33:27.178+0000] {dagbag.py:545} INFO - Filling up the DagBag from /opt/airflow/dags/refrence_setup.py
[2025-12-29T02:33:27.194+0000] {processor.py:840} INFO - DAG(s) 'reference_setup' retrieved from /opt/airflow/dags/refrence_setup.py
[2025-12-29T02:33:27.218+0000] {logging_mixin.py:188} INFO - [2025-12-29T02:33:27.218+0000] {dag.py:3089} INFO - Sync 1 DAGs
[2025-12-29T02:33:27.252+0000] {processor.py:183} INFO - Processing /opt/airflow/dags/refrence_setup.py took 0.080 seconds
[2025-12-29T02:33:57.440+0000] {processor.py:161} INFO - Started process (PID=304) to work on /opt/airflow/dags/refrence_setup.py
[2025-12-29T02:33:57.441+0000] {processor.py:830} INFO - Processing file /opt/airflow/dags/refrence_setup.py for tasks to queue
[2025-12-29T02:33:57.443+0000] {logging_mixin.py:188} INFO - [2025-12-29T02:33:57.442+0000] {dagbag.py:545} INFO - Filling up the DagBag from /opt/airflow/dags/refrence_setup.py
[2025-12-29T02:33:57.456+0000] {processor.py:840} INFO - DAG(s) 'reference_setup' retrieved from /opt/airflow/dags/refrence_setup.py
[2025-12-29T02:33:57.478+0000] {logging_mixin.py:188} INFO - [2025-12-29T02:33:57.478+0000] {dag.py:3089} INFO - Sync 1 DAGs
[2025-12-29T02:33:57.508+0000] {processor.py:183} INFO - Processing /opt/airflow/dags/refrence_setup.py took 0.071 seconds
[2025-12-29T02:34:27.697+0000] {processor.py:161} INFO - Started process (PID=314) to work on /opt/airflow/dags/refrence_setup.py
[2025-12-29T02:34:27.698+0000] {processor.py:830} INFO - Processing file /opt/airflow/dags/refrence_setup.py for tasks to queue
[2025-12-29T02:34:27.699+0000] {logging_mixin.py:188} INFO - [2025-12-29T02:34:27.699+0000] {dagbag.py:545} INFO - Filling up the DagBag from /opt/airflow/dags/refrence_setup.py
[2025-12-29T02:34:27.712+0000] {processor.py:840} INFO - DAG(s) 'reference_setup' retrieved from /opt/airflow/dags/refrence_setup.py
[2025-12-29T02:34:27.735+0000] {logging_mixin.py:188} INFO - [2025-12-29T02:34:27.735+0000] {dag.py:3089} INFO - Sync 1 DAGs
[2025-12-29T02:34:27.767+0000] {processor.py:183} INFO - Processing /opt/airflow/dags/refrence_setup.py took 0.073 seconds
[2025-12-29T02:34:57.956+0000] {processor.py:161} INFO - Started process (PID=324) to work on /opt/airflow/dags/refrence_setup.py
[2025-12-29T02:34:57.957+0000] {processor.py:830} INFO - Processing file /opt/airflow/dags/refrence_setup.py for tasks to queue
[2025-12-29T02:34:57.958+0000] {logging_mixin.py:188} INFO - [2025-12-29T02:34:57.958+0000] {dagbag.py:545} INFO - Filling up the DagBag from /opt/airflow/dags/refrence_setup.py
[2025-12-29T02:34:57.974+0000] {processor.py:840} INFO - DAG(s) 'reference_setup' retrieved from /opt/airflow/dags/refrence_setup.py
[2025-12-29T02:34:58.002+0000] {logging_mixin.py:188} INFO - [2025-12-29T02:34:58.002+0000] {dag.py:3089} INFO - Sync 1 DAGs
[2025-12-29T02:34:58.034+0000] {processor.py:183} INFO - Processing /opt/airflow/dags/refrence_setup.py took 0.083 seconds
[2025-12-29T02:35:28.226+0000] {processor.py:161} INFO - Started process (PID=334) to work on /opt/airflow/dags/refrence_setup.py
[2025-12-29T02:35:28.227+0000] {processor.py:830} INFO - Processing file /opt/airflow/dags/refrence_setup.py for tasks to queue
[2025-12-29T02:35:28.228+0000] {logging_mixin.py:188} INFO - [2025-12-29T02:35:28.228+0000] {dagbag.py:545} INFO - Filling up the DagBag from /opt/airflow/dags/refrence_setup.py
[2025-12-29T02:35:28.245+0000] {processor.py:840} INFO - DAG(s) 'reference_setup' retrieved from /opt/airflow/dags/refrence_setup.py
[2025-12-29T02:35:28.272+0000] {logging_mixin.py:188} INFO - [2025-12-29T02:35:28.272+0000] {dag.py:3089} INFO - Sync 1 DAGs
[2025-12-29T02:35:28.308+0000] {processor.py:183} INFO - Processing /opt/airflow/dags/refrence_setup.py took 0.087 seconds
[2025-12-29T02:35:58.512+0000] {processor.py:161} INFO - Started process (PID=344) to work on /opt/airflow/dags/refrence_setup.py
[2025-12-29T02:35:58.513+0000] {processor.py:830} INFO - Processing file /opt/airflow/dags/refrence_setup.py for tasks to queue
[2025-12-29T02:35:58.514+0000] {logging_mixin.py:188} INFO - [2025-12-29T02:35:58.514+0000] {dagbag.py:545} INFO - Filling up the DagBag from /opt/airflow/dags/refrence_setup.py
[2025-12-29T02:35:58.529+0000] {processor.py:840} INFO - DAG(s) 'reference_setup' retrieved from /opt/airflow/dags/refrence_setup.py
[2025-12-29T02:35:58.558+0000] {logging_mixin.py:188} INFO - [2025-12-29T02:35:58.558+0000] {dag.py:3089} INFO - Sync 1 DAGs
[2025-12-29T02:35:58.594+0000] {processor.py:183} INFO - Processing /opt/airflow/dags/refrence_setup.py took 0.085 seconds
[2025-12-29T02:36:28.790+0000] {processor.py:161} INFO - Started process (PID=354) to work on /opt/airflow/dags/refrence_setup.py
[2025-12-29T02:36:28.791+0000] {processor.py:830} INFO - Processing file /opt/airflow/dags/refrence_setup.py for tasks to queue
[2025-12-29T02:36:28.792+0000] {logging_mixin.py:188} INFO - [2025-12-29T02:36:28.792+0000] {dagbag.py:545} INFO - Filling up the DagBag from /opt/airflow/dags/refrence_setup.py
[2025-12-29T02:36:28.806+0000] {processor.py:840} INFO - DAG(s) 'reference_setup' retrieved from /opt/airflow/dags/refrence_setup.py
[2025-12-29T02:36:28.831+0000] {logging_mixin.py:188} INFO - [2025-12-29T02:36:28.831+0000] {dag.py:3089} INFO - Sync 1 DAGs
[2025-12-29T02:36:28.865+0000] {processor.py:183} INFO - Processing /opt/airflow/dags/refrence_setup.py took 0.079 seconds
[2025-12-29T02:36:59.061+0000] {processor.py:161} INFO - Started process (PID=364) to work on /opt/airflow/dags/refrence_setup.py
[2025-12-29T02:36:59.062+0000] {processor.py:830} INFO - Processing file /opt/airflow/dags/refrence_setup.py for tasks to queue
[2025-12-29T02:36:59.063+0000] {logging_mixin.py:188} INFO - [2025-12-29T02:36:59.063+0000] {dagbag.py:545} INFO - Filling up the DagBag from /opt/airflow/dags/refrence_setup.py
[2025-12-29T02:36:59.077+0000] {processor.py:840} INFO - DAG(s) 'reference_setup' retrieved from /opt/airflow/dags/refrence_setup.py
[2025-12-29T02:36:59.100+0000] {logging_mixin.py:188} INFO - [2025-12-29T02:36:59.100+0000] {dag.py:3089} INFO - Sync 1 DAGs
[2025-12-29T02:36:59.131+0000] {processor.py:183} INFO - Processing /opt/airflow/dags/refrence_setup.py took 0.074 seconds
[2025-12-29T02:37:29.326+0000] {processor.py:161} INFO - Started process (PID=374) to work on /opt/airflow/dags/refrence_setup.py
[2025-12-29T02:37:29.327+0000] {processor.py:830} INFO - Processing file /opt/airflow/dags/refrence_setup.py for tasks to queue
[2025-12-29T02:37:29.328+0000] {logging_mixin.py:188} INFO - [2025-12-29T02:37:29.328+0000] {dagbag.py:545} INFO - Filling up the DagBag from /opt/airflow/dags/refrence_setup.py
[2025-12-29T02:37:29.341+0000] {processor.py:840} INFO - DAG(s) 'reference_setup' retrieved from /opt/airflow/dags/refrence_setup.py
[2025-12-29T02:37:29.363+0000] {logging_mixin.py:188} INFO - [2025-12-29T02:37:29.363+0000] {dag.py:3089} INFO - Sync 1 DAGs
[2025-12-29T02:37:29.392+0000] {processor.py:183} INFO - Processing /opt/airflow/dags/refrence_setup.py took 0.070 seconds
[2025-12-29T02:37:59.582+0000] {processor.py:161} INFO - Started process (PID=392) to work on /opt/airflow/dags/refrence_setup.py
[2025-12-29T02:37:59.583+0000] {processor.py:830} INFO - Processing file /opt/airflow/dags/refrence_setup.py for tasks to queue
[2025-12-29T02:37:59.585+0000] {logging_mixin.py:188} INFO - [2025-12-29T02:37:59.584+0000] {dagbag.py:545} INFO - Filling up the DagBag from /opt/airflow/dags/refrence_setup.py
[2025-12-29T02:37:59.599+0000] {processor.py:840} INFO - DAG(s) 'reference_setup' retrieved from /opt/airflow/dags/refrence_setup.py
[2025-12-29T02:37:59.623+0000] {logging_mixin.py:188} INFO - [2025-12-29T02:37:59.623+0000] {dag.py:3089} INFO - Sync 1 DAGs
[2025-12-29T02:37:59.642+0000] {logging_mixin.py:188} INFO - [2025-12-29T02:37:59.641+0000] {dag.py:3947} INFO - Setting next_dagrun for reference_setup to 2025-12-28 00:00:00+00:00, run_after=2025-12-29 00:00:00+00:00
[2025-12-29T02:37:59.658+0000] {processor.py:183} INFO - Processing /opt/airflow/dags/refrence_setup.py took 0.081 seconds
[2025-12-29T02:38:29.875+0000] {processor.py:161} INFO - Started process (PID=406) to work on /opt/airflow/dags/refrence_setup.py
[2025-12-29T02:38:29.875+0000] {processor.py:830} INFO - Processing file /opt/airflow/dags/refrence_setup.py for tasks to queue
[2025-12-29T02:38:29.877+0000] {logging_mixin.py:188} INFO - [2025-12-29T02:38:29.877+0000] {dagbag.py:545} INFO - Filling up the DagBag from /opt/airflow/dags/refrence_setup.py
[2025-12-29T02:38:29.890+0000] {processor.py:840} INFO - DAG(s) 'reference_setup' retrieved from /opt/airflow/dags/refrence_setup.py
[2025-12-29T02:38:29.914+0000] {logging_mixin.py:188} INFO - [2025-12-29T02:38:29.914+0000] {dag.py:3089} INFO - Sync 1 DAGs
[2025-12-29T02:38:29.933+0000] {logging_mixin.py:188} INFO - [2025-12-29T02:38:29.933+0000] {dag.py:3947} INFO - Setting next_dagrun for reference_setup to 2025-12-29 00:00:00+00:00, run_after=2025-12-30 00:00:00+00:00
[2025-12-29T02:38:29.949+0000] {processor.py:183} INFO - Processing /opt/airflow/dags/refrence_setup.py took 0.079 seconds
[2025-12-29T02:39:00.137+0000] {processor.py:161} INFO - Started process (PID=416) to work on /opt/airflow/dags/refrence_setup.py
[2025-12-29T02:39:00.138+0000] {processor.py:830} INFO - Processing file /opt/airflow/dags/refrence_setup.py for tasks to queue
[2025-12-29T02:39:00.139+0000] {logging_mixin.py:188} INFO - [2025-12-29T02:39:00.139+0000] {dagbag.py:545} INFO - Filling up the DagBag from /opt/airflow/dags/refrence_setup.py
[2025-12-29T02:39:00.153+0000] {processor.py:840} INFO - DAG(s) 'reference_setup' retrieved from /opt/airflow/dags/refrence_setup.py
[2025-12-29T02:39:00.178+0000] {logging_mixin.py:188} INFO - [2025-12-29T02:39:00.178+0000] {dag.py:3089} INFO - Sync 1 DAGs
[2025-12-29T02:39:00.198+0000] {logging_mixin.py:188} INFO - [2025-12-29T02:39:00.198+0000] {dag.py:3947} INFO - Setting next_dagrun for reference_setup to 2025-12-29 00:00:00+00:00, run_after=2025-12-30 00:00:00+00:00
[2025-12-29T02:39:00.214+0000] {processor.py:183} INFO - Processing /opt/airflow/dags/refrence_setup.py took 0.081 seconds
[2025-12-29T02:39:30.427+0000] {processor.py:161} INFO - Started process (PID=426) to work on /opt/airflow/dags/refrence_setup.py
[2025-12-29T02:39:30.428+0000] {processor.py:830} INFO - Processing file /opt/airflow/dags/refrence_setup.py for tasks to queue
[2025-12-29T02:39:30.430+0000] {logging_mixin.py:188} INFO - [2025-12-29T02:39:30.430+0000] {dagbag.py:545} INFO - Filling up the DagBag from /opt/airflow/dags/refrence_setup.py
[2025-12-29T02:39:30.445+0000] {processor.py:840} INFO - DAG(s) 'reference_setup' retrieved from /opt/airflow/dags/refrence_setup.py
[2025-12-29T02:39:30.469+0000] {logging_mixin.py:188} INFO - [2025-12-29T02:39:30.469+0000] {dag.py:3089} INFO - Sync 1 DAGs
[2025-12-29T02:39:30.487+0000] {logging_mixin.py:188} INFO - [2025-12-29T02:39:30.487+0000] {dag.py:3947} INFO - Setting next_dagrun for reference_setup to 2025-12-29 00:00:00+00:00, run_after=2025-12-30 00:00:00+00:00
[2025-12-29T02:39:30.502+0000] {processor.py:183} INFO - Processing /opt/airflow/dags/refrence_setup.py took 0.080 seconds
[2025-12-29T02:40:00.702+0000] {processor.py:161} INFO - Started process (PID=436) to work on /opt/airflow/dags/refrence_setup.py
[2025-12-29T02:40:00.703+0000] {processor.py:830} INFO - Processing file /opt/airflow/dags/refrence_setup.py for tasks to queue
[2025-12-29T02:40:00.704+0000] {logging_mixin.py:188} INFO - [2025-12-29T02:40:00.704+0000] {dagbag.py:545} INFO - Filling up the DagBag from /opt/airflow/dags/refrence_setup.py
[2025-12-29T02:40:00.722+0000] {processor.py:840} INFO - DAG(s) 'reference_setup' retrieved from /opt/airflow/dags/refrence_setup.py
[2025-12-29T02:40:00.756+0000] {logging_mixin.py:188} INFO - [2025-12-29T02:40:00.756+0000] {dag.py:3089} INFO - Sync 1 DAGs
[2025-12-29T02:40:00.781+0000] {logging_mixin.py:188} INFO - [2025-12-29T02:40:00.781+0000] {dag.py:3947} INFO - Setting next_dagrun for reference_setup to 2025-12-29 00:00:00+00:00, run_after=2025-12-30 00:00:00+00:00
[2025-12-29T02:40:00.805+0000] {processor.py:183} INFO - Processing /opt/airflow/dags/refrence_setup.py took 0.108 seconds
[2025-12-29T02:40:30.995+0000] {processor.py:161} INFO - Started process (PID=446) to work on /opt/airflow/dags/refrence_setup.py
[2025-12-29T02:40:30.996+0000] {processor.py:830} INFO - Processing file /opt/airflow/dags/refrence_setup.py for tasks to queue
[2025-12-29T02:40:30.999+0000] {logging_mixin.py:188} INFO - [2025-12-29T02:40:30.999+0000] {dagbag.py:545} INFO - Filling up the DagBag from /opt/airflow/dags/refrence_setup.py
[2025-12-29T02:40:31.013+0000] {processor.py:840} INFO - DAG(s) 'reference_setup' retrieved from /opt/airflow/dags/refrence_setup.py
[2025-12-29T02:40:31.037+0000] {logging_mixin.py:188} INFO - [2025-12-29T02:40:31.037+0000] {dag.py:3089} INFO - Sync 1 DAGs
[2025-12-29T02:40:31.055+0000] {logging_mixin.py:188} INFO - [2025-12-29T02:40:31.054+0000] {dag.py:3947} INFO - Setting next_dagrun for reference_setup to 2025-12-29 00:00:00+00:00, run_after=2025-12-30 00:00:00+00:00
[2025-12-29T02:40:31.071+0000] {processor.py:183} INFO - Processing /opt/airflow/dags/refrence_setup.py took 0.080 seconds
[2025-12-29T02:41:01.267+0000] {processor.py:161} INFO - Started process (PID=456) to work on /opt/airflow/dags/refrence_setup.py
[2025-12-29T02:41:01.267+0000] {processor.py:830} INFO - Processing file /opt/airflow/dags/refrence_setup.py for tasks to queue
[2025-12-29T02:41:01.268+0000] {logging_mixin.py:188} INFO - [2025-12-29T02:41:01.268+0000] {dagbag.py:545} INFO - Filling up the DagBag from /opt/airflow/dags/refrence_setup.py
[2025-12-29T02:41:01.281+0000] {processor.py:840} INFO - DAG(s) 'reference_setup' retrieved from /opt/airflow/dags/refrence_setup.py
[2025-12-29T02:41:01.304+0000] {logging_mixin.py:188} INFO - [2025-12-29T02:41:01.304+0000] {dag.py:3089} INFO - Sync 1 DAGs
[2025-12-29T02:41:01.321+0000] {logging_mixin.py:188} INFO - [2025-12-29T02:41:01.320+0000] {dag.py:3947} INFO - Setting next_dagrun for reference_setup to 2025-12-29 00:00:00+00:00, run_after=2025-12-30 00:00:00+00:00
[2025-12-29T02:41:01.336+0000] {processor.py:183} INFO - Processing /opt/airflow/dags/refrence_setup.py took 0.074 seconds
[2025-12-29T02:41:31.535+0000] {processor.py:161} INFO - Started process (PID=466) to work on /opt/airflow/dags/refrence_setup.py
[2025-12-29T02:41:31.536+0000] {processor.py:830} INFO - Processing file /opt/airflow/dags/refrence_setup.py for tasks to queue
[2025-12-29T02:41:31.537+0000] {logging_mixin.py:188} INFO - [2025-12-29T02:41:31.537+0000] {dagbag.py:545} INFO - Filling up the DagBag from /opt/airflow/dags/refrence_setup.py
[2025-12-29T02:41:31.550+0000] {processor.py:840} INFO - DAG(s) 'reference_setup' retrieved from /opt/airflow/dags/refrence_setup.py
[2025-12-29T02:41:31.574+0000] {logging_mixin.py:188} INFO - [2025-12-29T02:41:31.573+0000] {dag.py:3089} INFO - Sync 1 DAGs
[2025-12-29T02:41:31.592+0000] {logging_mixin.py:188} INFO - [2025-12-29T02:41:31.592+0000] {dag.py:3947} INFO - Setting next_dagrun for reference_setup to 2025-12-29 00:00:00+00:00, run_after=2025-12-30 00:00:00+00:00
[2025-12-29T02:41:31.607+0000] {processor.py:183} INFO - Processing /opt/airflow/dags/refrence_setup.py took 0.075 seconds
[2025-12-29T02:42:01.796+0000] {processor.py:161} INFO - Started process (PID=476) to work on /opt/airflow/dags/refrence_setup.py
[2025-12-29T02:42:01.796+0000] {processor.py:830} INFO - Processing file /opt/airflow/dags/refrence_setup.py for tasks to queue
[2025-12-29T02:42:01.798+0000] {logging_mixin.py:188} INFO - [2025-12-29T02:42:01.797+0000] {dagbag.py:545} INFO - Filling up the DagBag from /opt/airflow/dags/refrence_setup.py
[2025-12-29T02:42:01.812+0000] {processor.py:840} INFO - DAG(s) 'reference_setup' retrieved from /opt/airflow/dags/refrence_setup.py
[2025-12-29T02:42:01.839+0000] {logging_mixin.py:188} INFO - [2025-12-29T02:42:01.838+0000] {dag.py:3089} INFO - Sync 1 DAGs
[2025-12-29T02:42:01.857+0000] {logging_mixin.py:188} INFO - [2025-12-29T02:42:01.857+0000] {dag.py:3947} INFO - Setting next_dagrun for reference_setup to 2025-12-29 00:00:00+00:00, run_after=2025-12-30 00:00:00+00:00
[2025-12-29T02:42:01.874+0000] {processor.py:183} INFO - Processing /opt/airflow/dags/refrence_setup.py took 0.083 seconds
[2025-12-29T02:42:32.073+0000] {processor.py:161} INFO - Started process (PID=486) to work on /opt/airflow/dags/refrence_setup.py
[2025-12-29T02:42:32.074+0000] {processor.py:830} INFO - Processing file /opt/airflow/dags/refrence_setup.py for tasks to queue
[2025-12-29T02:42:32.075+0000] {logging_mixin.py:188} INFO - [2025-12-29T02:42:32.075+0000] {dagbag.py:545} INFO - Filling up the DagBag from /opt/airflow/dags/refrence_setup.py
[2025-12-29T02:42:32.092+0000] {processor.py:840} INFO - DAG(s) 'reference_setup' retrieved from /opt/airflow/dags/refrence_setup.py
[2025-12-29T02:42:32.124+0000] {logging_mixin.py:188} INFO - [2025-12-29T02:42:32.123+0000] {dag.py:3089} INFO - Sync 1 DAGs
[2025-12-29T02:42:32.143+0000] {logging_mixin.py:188} INFO - [2025-12-29T02:42:32.143+0000] {dag.py:3947} INFO - Setting next_dagrun for reference_setup to 2025-12-29 00:00:00+00:00, run_after=2025-12-30 00:00:00+00:00
[2025-12-29T02:42:32.158+0000] {processor.py:183} INFO - Processing /opt/airflow/dags/refrence_setup.py took 0.090 seconds
[2025-12-29T02:43:02.346+0000] {processor.py:161} INFO - Started process (PID=496) to work on /opt/airflow/dags/refrence_setup.py
[2025-12-29T02:43:02.347+0000] {processor.py:830} INFO - Processing file /opt/airflow/dags/refrence_setup.py for tasks to queue
[2025-12-29T02:43:02.348+0000] {logging_mixin.py:188} INFO - [2025-12-29T02:43:02.348+0000] {dagbag.py:545} INFO - Filling up the DagBag from /opt/airflow/dags/refrence_setup.py
[2025-12-29T02:43:02.363+0000] {processor.py:840} INFO - DAG(s) 'reference_setup' retrieved from /opt/airflow/dags/refrence_setup.py
[2025-12-29T02:43:02.388+0000] {logging_mixin.py:188} INFO - [2025-12-29T02:43:02.388+0000] {dag.py:3089} INFO - Sync 1 DAGs
[2025-12-29T02:43:02.405+0000] {logging_mixin.py:188} INFO - [2025-12-29T02:43:02.404+0000] {dag.py:3947} INFO - Setting next_dagrun for reference_setup to 2025-12-29 00:00:00+00:00, run_after=2025-12-30 00:00:00+00:00
[2025-12-29T02:43:02.418+0000] {processor.py:183} INFO - Processing /opt/airflow/dags/refrence_setup.py took 0.076 seconds
[2025-12-29T02:43:32.639+0000] {processor.py:161} INFO - Started process (PID=506) to work on /opt/airflow/dags/refrence_setup.py
[2025-12-29T02:43:32.640+0000] {processor.py:830} INFO - Processing file /opt/airflow/dags/refrence_setup.py for tasks to queue
[2025-12-29T02:43:32.641+0000] {logging_mixin.py:188} INFO - [2025-12-29T02:43:32.641+0000] {dagbag.py:545} INFO - Filling up the DagBag from /opt/airflow/dags/refrence_setup.py
[2025-12-29T02:43:32.656+0000] {processor.py:840} INFO - DAG(s) 'reference_setup' retrieved from /opt/airflow/dags/refrence_setup.py
[2025-12-29T02:43:32.680+0000] {logging_mixin.py:188} INFO - [2025-12-29T02:43:32.679+0000] {dag.py:3089} INFO - Sync 1 DAGs
[2025-12-29T02:43:32.696+0000] {logging_mixin.py:188} INFO - [2025-12-29T02:43:32.695+0000] {dag.py:3947} INFO - Setting next_dagrun for reference_setup to 2025-12-29 00:00:00+00:00, run_after=2025-12-30 00:00:00+00:00
[2025-12-29T02:43:32.712+0000] {processor.py:183} INFO - Processing /opt/airflow/dags/refrence_setup.py took 0.077 seconds
[2025-12-29T02:44:02.899+0000] {processor.py:161} INFO - Started process (PID=516) to work on /opt/airflow/dags/refrence_setup.py
[2025-12-29T02:44:02.900+0000] {processor.py:830} INFO - Processing file /opt/airflow/dags/refrence_setup.py for tasks to queue
[2025-12-29T02:44:02.902+0000] {logging_mixin.py:188} INFO - [2025-12-29T02:44:02.902+0000] {dagbag.py:545} INFO - Filling up the DagBag from /opt/airflow/dags/refrence_setup.py
[2025-12-29T02:44:02.916+0000] {processor.py:840} INFO - DAG(s) 'reference_setup' retrieved from /opt/airflow/dags/refrence_setup.py
[2025-12-29T02:44:02.941+0000] {logging_mixin.py:188} INFO - [2025-12-29T02:44:02.941+0000] {dag.py:3089} INFO - Sync 1 DAGs
[2025-12-29T02:44:02.960+0000] {logging_mixin.py:188} INFO - [2025-12-29T02:44:02.960+0000] {dag.py:3947} INFO - Setting next_dagrun for reference_setup to 2025-12-29 00:00:00+00:00, run_after=2025-12-30 00:00:00+00:00
[2025-12-29T02:44:02.975+0000] {processor.py:183} INFO - Processing /opt/airflow/dags/refrence_setup.py took 0.079 seconds
[2025-12-29T02:44:33.164+0000] {processor.py:161} INFO - Started process (PID=526) to work on /opt/airflow/dags/refrence_setup.py
[2025-12-29T02:44:33.165+0000] {processor.py:830} INFO - Processing file /opt/airflow/dags/refrence_setup.py for tasks to queue
[2025-12-29T02:44:33.167+0000] {logging_mixin.py:188} INFO - [2025-12-29T02:44:33.166+0000] {dagbag.py:545} INFO - Filling up the DagBag from /opt/airflow/dags/refrence_setup.py
[2025-12-29T02:44:33.180+0000] {processor.py:840} INFO - DAG(s) 'reference_setup' retrieved from /opt/airflow/dags/refrence_setup.py
[2025-12-29T02:44:33.203+0000] {logging_mixin.py:188} INFO - [2025-12-29T02:44:33.203+0000] {dag.py:3089} INFO - Sync 1 DAGs
[2025-12-29T02:44:33.219+0000] {logging_mixin.py:188} INFO - [2025-12-29T02:44:33.219+0000] {dag.py:3947} INFO - Setting next_dagrun for reference_setup to 2025-12-29 00:00:00+00:00, run_after=2025-12-30 00:00:00+00:00
[2025-12-29T02:44:33.233+0000] {processor.py:183} INFO - Processing /opt/airflow/dags/refrence_setup.py took 0.072 seconds
[2025-12-29T02:45:03.433+0000] {processor.py:161} INFO - Started process (PID=536) to work on /opt/airflow/dags/refrence_setup.py
[2025-12-29T02:45:03.434+0000] {processor.py:830} INFO - Processing file /opt/airflow/dags/refrence_setup.py for tasks to queue
[2025-12-29T02:45:03.435+0000] {logging_mixin.py:188} INFO - [2025-12-29T02:45:03.435+0000] {dagbag.py:545} INFO - Filling up the DagBag from /opt/airflow/dags/refrence_setup.py
[2025-12-29T02:45:03.449+0000] {processor.py:840} INFO - DAG(s) 'reference_setup' retrieved from /opt/airflow/dags/refrence_setup.py
[2025-12-29T02:45:03.472+0000] {logging_mixin.py:188} INFO - [2025-12-29T02:45:03.472+0000] {dag.py:3089} INFO - Sync 1 DAGs
[2025-12-29T02:45:03.490+0000] {logging_mixin.py:188} INFO - [2025-12-29T02:45:03.489+0000] {dag.py:3947} INFO - Setting next_dagrun for reference_setup to 2025-12-29 00:00:00+00:00, run_after=2025-12-30 00:00:00+00:00
[2025-12-29T02:45:03.504+0000] {processor.py:183} INFO - Processing /opt/airflow/dags/refrence_setup.py took 0.075 seconds
[2025-12-29T02:45:33.707+0000] {processor.py:161} INFO - Started process (PID=546) to work on /opt/airflow/dags/refrence_setup.py
[2025-12-29T02:45:33.707+0000] {processor.py:830} INFO - Processing file /opt/airflow/dags/refrence_setup.py for tasks to queue
[2025-12-29T02:45:33.709+0000] {logging_mixin.py:188} INFO - [2025-12-29T02:45:33.708+0000] {dagbag.py:545} INFO - Filling up the DagBag from /opt/airflow/dags/refrence_setup.py
[2025-12-29T02:45:33.724+0000] {processor.py:840} INFO - DAG(s) 'reference_setup' retrieved from /opt/airflow/dags/refrence_setup.py
[2025-12-29T02:45:33.749+0000] {logging_mixin.py:188} INFO - [2025-12-29T02:45:33.749+0000] {dag.py:3089} INFO - Sync 1 DAGs
[2025-12-29T02:45:33.767+0000] {logging_mixin.py:188} INFO - [2025-12-29T02:45:33.767+0000] {dag.py:3947} INFO - Setting next_dagrun for reference_setup to 2025-12-29 00:00:00+00:00, run_after=2025-12-30 00:00:00+00:00
[2025-12-29T02:45:33.784+0000] {processor.py:183} INFO - Processing /opt/airflow/dags/refrence_setup.py took 0.082 seconds
[2025-12-29T02:46:03.969+0000] {processor.py:161} INFO - Started process (PID=556) to work on /opt/airflow/dags/refrence_setup.py
[2025-12-29T02:46:03.970+0000] {processor.py:830} INFO - Processing file /opt/airflow/dags/refrence_setup.py for tasks to queue
[2025-12-29T02:46:03.971+0000] {logging_mixin.py:188} INFO - [2025-12-29T02:46:03.971+0000] {dagbag.py:545} INFO - Filling up the DagBag from /opt/airflow/dags/refrence_setup.py
[2025-12-29T02:46:03.985+0000] {processor.py:840} INFO - DAG(s) 'reference_setup' retrieved from /opt/airflow/dags/refrence_setup.py
[2025-12-29T02:46:04.010+0000] {logging_mixin.py:188} INFO - [2025-12-29T02:46:04.010+0000] {dag.py:3089} INFO - Sync 1 DAGs
[2025-12-29T02:46:04.027+0000] {logging_mixin.py:188} INFO - [2025-12-29T02:46:04.027+0000] {dag.py:3947} INFO - Setting next_dagrun for reference_setup to 2025-12-29 00:00:00+00:00, run_after=2025-12-30 00:00:00+00:00
[2025-12-29T02:46:04.043+0000] {processor.py:183} INFO - Processing /opt/airflow/dags/refrence_setup.py took 0.078 seconds
[2025-12-29T02:46:34.231+0000] {processor.py:161} INFO - Started process (PID=572) to work on /opt/airflow/dags/refrence_setup.py
[2025-12-29T02:46:34.232+0000] {processor.py:830} INFO - Processing file /opt/airflow/dags/refrence_setup.py for tasks to queue
[2025-12-29T02:46:34.233+0000] {logging_mixin.py:188} INFO - [2025-12-29T02:46:34.233+0000] {dagbag.py:545} INFO - Filling up the DagBag from /opt/airflow/dags/refrence_setup.py
[2025-12-29T02:46:34.247+0000] {processor.py:840} INFO - DAG(s) 'reference_setup' retrieved from /opt/airflow/dags/refrence_setup.py
[2025-12-29T02:46:34.270+0000] {logging_mixin.py:188} INFO - [2025-12-29T02:46:34.269+0000] {dag.py:3089} INFO - Sync 1 DAGs
[2025-12-29T02:46:34.286+0000] {logging_mixin.py:188} INFO - [2025-12-29T02:46:34.286+0000] {dag.py:3947} INFO - Setting next_dagrun for reference_setup to 2025-12-29 00:00:00+00:00, run_after=2025-12-30 00:00:00+00:00
[2025-12-29T02:46:34.301+0000] {processor.py:183} INFO - Processing /opt/airflow/dags/refrence_setup.py took 0.074 seconds
[2025-12-29T02:47:04.501+0000] {processor.py:161} INFO - Started process (PID=582) to work on /opt/airflow/dags/refrence_setup.py
[2025-12-29T02:47:04.502+0000] {processor.py:830} INFO - Processing file /opt/airflow/dags/refrence_setup.py for tasks to queue
[2025-12-29T02:47:04.503+0000] {logging_mixin.py:188} INFO - [2025-12-29T02:47:04.503+0000] {dagbag.py:545} INFO - Filling up the DagBag from /opt/airflow/dags/refrence_setup.py
[2025-12-29T02:47:04.517+0000] {processor.py:840} INFO - DAG(s) 'reference_setup' retrieved from /opt/airflow/dags/refrence_setup.py
[2025-12-29T02:47:04.543+0000] {logging_mixin.py:188} INFO - [2025-12-29T02:47:04.543+0000] {dag.py:3089} INFO - Sync 1 DAGs
[2025-12-29T02:47:04.561+0000] {logging_mixin.py:188} INFO - [2025-12-29T02:47:04.561+0000] {dag.py:3947} INFO - Setting next_dagrun for reference_setup to 2025-12-29 00:00:00+00:00, run_after=2025-12-30 00:00:00+00:00
[2025-12-29T02:47:04.577+0000] {processor.py:183} INFO - Processing /opt/airflow/dags/refrence_setup.py took 0.080 seconds
[2025-12-29T02:47:34.771+0000] {processor.py:161} INFO - Started process (PID=592) to work on /opt/airflow/dags/refrence_setup.py
[2025-12-29T02:47:34.772+0000] {processor.py:830} INFO - Processing file /opt/airflow/dags/refrence_setup.py for tasks to queue
[2025-12-29T02:47:34.773+0000] {logging_mixin.py:188} INFO - [2025-12-29T02:47:34.773+0000] {dagbag.py:545} INFO - Filling up the DagBag from /opt/airflow/dags/refrence_setup.py
[2025-12-29T02:47:34.788+0000] {processor.py:840} INFO - DAG(s) 'reference_setup' retrieved from /opt/airflow/dags/refrence_setup.py
[2025-12-29T02:47:34.815+0000] {logging_mixin.py:188} INFO - [2025-12-29T02:47:34.814+0000] {dag.py:3089} INFO - Sync 1 DAGs
[2025-12-29T02:47:34.837+0000] {logging_mixin.py:188} INFO - [2025-12-29T02:47:34.837+0000] {dag.py:3947} INFO - Setting next_dagrun for reference_setup to 2025-12-29 00:00:00+00:00, run_after=2025-12-30 00:00:00+00:00
[2025-12-29T02:47:34.860+0000] {processor.py:183} INFO - Processing /opt/airflow/dags/refrence_setup.py took 0.094 seconds
[2025-12-29T02:48:05.051+0000] {processor.py:161} INFO - Started process (PID=608) to work on /opt/airflow/dags/refrence_setup.py
[2025-12-29T02:48:05.052+0000] {processor.py:830} INFO - Processing file /opt/airflow/dags/refrence_setup.py for tasks to queue
[2025-12-29T02:48:05.053+0000] {logging_mixin.py:188} INFO - [2025-12-29T02:48:05.053+0000] {dagbag.py:545} INFO - Filling up the DagBag from /opt/airflow/dags/refrence_setup.py
[2025-12-29T02:48:05.069+0000] {processor.py:840} INFO - DAG(s) 'reference_setup' retrieved from /opt/airflow/dags/refrence_setup.py
[2025-12-29T02:48:05.095+0000] {logging_mixin.py:188} INFO - [2025-12-29T02:48:05.095+0000] {dag.py:3089} INFO - Sync 1 DAGs
[2025-12-29T02:48:05.115+0000] {logging_mixin.py:188} INFO - [2025-12-29T02:48:05.114+0000] {dag.py:3947} INFO - Setting next_dagrun for reference_setup to 2025-12-29 00:00:00+00:00, run_after=2025-12-30 00:00:00+00:00
[2025-12-29T02:48:05.130+0000] {processor.py:183} INFO - Processing /opt/airflow/dags/refrence_setup.py took 0.084 seconds
[2025-12-29T02:48:35.347+0000] {processor.py:161} INFO - Started process (PID=618) to work on /opt/airflow/dags/refrence_setup.py
[2025-12-29T02:48:35.348+0000] {processor.py:830} INFO - Processing file /opt/airflow/dags/refrence_setup.py for tasks to queue
[2025-12-29T02:48:35.349+0000] {logging_mixin.py:188} INFO - [2025-12-29T02:48:35.349+0000] {dagbag.py:545} INFO - Filling up the DagBag from /opt/airflow/dags/refrence_setup.py
[2025-12-29T02:48:35.362+0000] {processor.py:840} INFO - DAG(s) 'reference_setup' retrieved from /opt/airflow/dags/refrence_setup.py
[2025-12-29T02:48:35.385+0000] {logging_mixin.py:188} INFO - [2025-12-29T02:48:35.385+0000] {dag.py:3089} INFO - Sync 1 DAGs
[2025-12-29T02:48:35.402+0000] {logging_mixin.py:188} INFO - [2025-12-29T02:48:35.402+0000] {dag.py:3947} INFO - Setting next_dagrun for reference_setup to 2025-12-29 00:00:00+00:00, run_after=2025-12-30 00:00:00+00:00
[2025-12-29T02:48:35.420+0000] {processor.py:183} INFO - Processing /opt/airflow/dags/refrence_setup.py took 0.076 seconds
[2025-12-29T02:49:05.601+0000] {processor.py:161} INFO - Started process (PID=628) to work on /opt/airflow/dags/refrence_setup.py
[2025-12-29T02:49:05.602+0000] {processor.py:830} INFO - Processing file /opt/airflow/dags/refrence_setup.py for tasks to queue
[2025-12-29T02:49:05.603+0000] {logging_mixin.py:188} INFO - [2025-12-29T02:49:05.603+0000] {dagbag.py:545} INFO - Filling up the DagBag from /opt/airflow/dags/refrence_setup.py
[2025-12-29T02:49:05.618+0000] {processor.py:840} INFO - DAG(s) 'reference_setup' retrieved from /opt/airflow/dags/refrence_setup.py
[2025-12-29T02:49:05.642+0000] {logging_mixin.py:188} INFO - [2025-12-29T02:49:05.641+0000] {dag.py:3089} INFO - Sync 1 DAGs
[2025-12-29T02:49:05.660+0000] {logging_mixin.py:188} INFO - [2025-12-29T02:49:05.660+0000] {dag.py:3947} INFO - Setting next_dagrun for reference_setup to 2025-12-29 00:00:00+00:00, run_after=2025-12-30 00:00:00+00:00
[2025-12-29T02:49:05.675+0000] {processor.py:183} INFO - Processing /opt/airflow/dags/refrence_setup.py took 0.078 seconds
[2025-12-29T02:49:35.880+0000] {processor.py:161} INFO - Started process (PID=638) to work on /opt/airflow/dags/refrence_setup.py
[2025-12-29T02:49:35.881+0000] {processor.py:830} INFO - Processing file /opt/airflow/dags/refrence_setup.py for tasks to queue
[2025-12-29T02:49:35.882+0000] {logging_mixin.py:188} INFO - [2025-12-29T02:49:35.882+0000] {dagbag.py:545} INFO - Filling up the DagBag from /opt/airflow/dags/refrence_setup.py
[2025-12-29T02:49:35.896+0000] {processor.py:840} INFO - DAG(s) 'reference_setup' retrieved from /opt/airflow/dags/refrence_setup.py
[2025-12-29T02:49:35.919+0000] {logging_mixin.py:188} INFO - [2025-12-29T02:49:35.919+0000] {dag.py:3089} INFO - Sync 1 DAGs
[2025-12-29T02:49:35.937+0000] {logging_mixin.py:188} INFO - [2025-12-29T02:49:35.937+0000] {dag.py:3947} INFO - Setting next_dagrun for reference_setup to 2025-12-29 00:00:00+00:00, run_after=2025-12-30 00:00:00+00:00
[2025-12-29T02:49:35.952+0000] {processor.py:183} INFO - Processing /opt/airflow/dags/refrence_setup.py took 0.077 seconds
[2025-12-29T02:50:06.170+0000] {processor.py:161} INFO - Started process (PID=664) to work on /opt/airflow/dags/refrence_setup.py
[2025-12-29T02:50:06.171+0000] {processor.py:830} INFO - Processing file /opt/airflow/dags/refrence_setup.py for tasks to queue
[2025-12-29T02:50:06.173+0000] {logging_mixin.py:188} INFO - [2025-12-29T02:50:06.172+0000] {dagbag.py:545} INFO - Filling up the DagBag from /opt/airflow/dags/refrence_setup.py
[2025-12-29T02:50:06.187+0000] {processor.py:840} INFO - DAG(s) 'reference_setup' retrieved from /opt/airflow/dags/refrence_setup.py
[2025-12-29T02:50:06.213+0000] {logging_mixin.py:188} INFO - [2025-12-29T02:50:06.213+0000] {dag.py:3089} INFO - Sync 1 DAGs
[2025-12-29T02:50:06.233+0000] {logging_mixin.py:188} INFO - [2025-12-29T02:50:06.233+0000] {dag.py:3947} INFO - Setting next_dagrun for reference_setup to 2025-12-29 00:00:00+00:00, run_after=2025-12-30 00:00:00+00:00
[2025-12-29T02:50:06.249+0000] {processor.py:183} INFO - Processing /opt/airflow/dags/refrence_setup.py took 0.083 seconds
[2025-12-29T02:50:36.458+0000] {processor.py:161} INFO - Started process (PID=674) to work on /opt/airflow/dags/refrence_setup.py
[2025-12-29T02:50:36.459+0000] {processor.py:830} INFO - Processing file /opt/airflow/dags/refrence_setup.py for tasks to queue
[2025-12-29T02:50:36.460+0000] {logging_mixin.py:188} INFO - [2025-12-29T02:50:36.460+0000] {dagbag.py:545} INFO - Filling up the DagBag from /opt/airflow/dags/refrence_setup.py
[2025-12-29T02:50:36.474+0000] {processor.py:840} INFO - DAG(s) 'reference_setup' retrieved from /opt/airflow/dags/refrence_setup.py
[2025-12-29T02:50:36.497+0000] {logging_mixin.py:188} INFO - [2025-12-29T02:50:36.497+0000] {dag.py:3089} INFO - Sync 1 DAGs
[2025-12-29T02:50:36.514+0000] {logging_mixin.py:188} INFO - [2025-12-29T02:50:36.514+0000] {dag.py:3947} INFO - Setting next_dagrun for reference_setup to 2025-12-29 00:00:00+00:00, run_after=2025-12-30 00:00:00+00:00
[2025-12-29T02:50:36.528+0000] {processor.py:183} INFO - Processing /opt/airflow/dags/refrence_setup.py took 0.075 seconds
[2025-12-29T02:51:06.730+0000] {processor.py:161} INFO - Started process (PID=684) to work on /opt/airflow/dags/refrence_setup.py
[2025-12-29T02:51:06.731+0000] {processor.py:830} INFO - Processing file /opt/airflow/dags/refrence_setup.py for tasks to queue
[2025-12-29T02:51:06.733+0000] {logging_mixin.py:188} INFO - [2025-12-29T02:51:06.732+0000] {dagbag.py:545} INFO - Filling up the DagBag from /opt/airflow/dags/refrence_setup.py
[2025-12-29T02:51:06.749+0000] {processor.py:840} INFO - DAG(s) 'reference_setup' retrieved from /opt/airflow/dags/refrence_setup.py
[2025-12-29T02:51:06.784+0000] {logging_mixin.py:188} INFO - [2025-12-29T02:51:06.783+0000] {dag.py:3089} INFO - Sync 1 DAGs
[2025-12-29T02:51:06.804+0000] {logging_mixin.py:188} INFO - [2025-12-29T02:51:06.804+0000] {dag.py:3947} INFO - Setting next_dagrun for reference_setup to 2025-12-29 00:00:00+00:00, run_after=2025-12-30 00:00:00+00:00
[2025-12-29T02:51:06.819+0000] {processor.py:183} INFO - Processing /opt/airflow/dags/refrence_setup.py took 0.094 seconds
[2025-12-29T02:51:37.007+0000] {processor.py:161} INFO - Started process (PID=694) to work on /opt/airflow/dags/refrence_setup.py
[2025-12-29T02:51:37.008+0000] {processor.py:830} INFO - Processing file /opt/airflow/dags/refrence_setup.py for tasks to queue
[2025-12-29T02:51:37.010+0000] {logging_mixin.py:188} INFO - [2025-12-29T02:51:37.009+0000] {dagbag.py:545} INFO - Filling up the DagBag from /opt/airflow/dags/refrence_setup.py
[2025-12-29T02:51:37.026+0000] {processor.py:840} INFO - DAG(s) 'reference_setup' retrieved from /opt/airflow/dags/refrence_setup.py
[2025-12-29T02:51:37.059+0000] {logging_mixin.py:188} INFO - [2025-12-29T02:51:37.059+0000] {dag.py:3089} INFO - Sync 1 DAGs
[2025-12-29T02:51:37.090+0000] {logging_mixin.py:188} INFO - [2025-12-29T02:51:37.090+0000] {dag.py:3947} INFO - Setting next_dagrun for reference_setup to 2025-12-29 00:00:00+00:00, run_after=2025-12-30 00:00:00+00:00
[2025-12-29T02:51:37.116+0000] {processor.py:183} INFO - Processing /opt/airflow/dags/refrence_setup.py took 0.114 seconds
[2025-12-29T02:52:07.302+0000] {processor.py:161} INFO - Started process (PID=704) to work on /opt/airflow/dags/refrence_setup.py
[2025-12-29T02:52:07.303+0000] {processor.py:830} INFO - Processing file /opt/airflow/dags/refrence_setup.py for tasks to queue
[2025-12-29T02:52:07.304+0000] {logging_mixin.py:188} INFO - [2025-12-29T02:52:07.304+0000] {dagbag.py:545} INFO - Filling up the DagBag from /opt/airflow/dags/refrence_setup.py
[2025-12-29T02:52:07.318+0000] {processor.py:840} INFO - DAG(s) 'reference_setup' retrieved from /opt/airflow/dags/refrence_setup.py
[2025-12-29T02:52:07.349+0000] {logging_mixin.py:188} INFO - [2025-12-29T02:52:07.348+0000] {dag.py:3089} INFO - Sync 1 DAGs
[2025-12-29T02:52:07.365+0000] {logging_mixin.py:188} INFO - [2025-12-29T02:52:07.365+0000] {dag.py:3947} INFO - Setting next_dagrun for reference_setup to 2025-12-29 00:00:00+00:00, run_after=2025-12-30 00:00:00+00:00
[2025-12-29T02:52:07.381+0000] {processor.py:183} INFO - Processing /opt/airflow/dags/refrence_setup.py took 0.083 seconds
[2025-12-29T02:52:37.583+0000] {processor.py:161} INFO - Started process (PID=714) to work on /opt/airflow/dags/refrence_setup.py
[2025-12-29T02:52:37.583+0000] {processor.py:830} INFO - Processing file /opt/airflow/dags/refrence_setup.py for tasks to queue
[2025-12-29T02:52:37.585+0000] {logging_mixin.py:188} INFO - [2025-12-29T02:52:37.584+0000] {dagbag.py:545} INFO - Filling up the DagBag from /opt/airflow/dags/refrence_setup.py
[2025-12-29T02:52:37.607+0000] {processor.py:840} INFO - DAG(s) 'reference_setup' retrieved from /opt/airflow/dags/refrence_setup.py
[2025-12-29T02:52:37.631+0000] {logging_mixin.py:188} INFO - [2025-12-29T02:52:37.631+0000] {dag.py:3089} INFO - Sync 1 DAGs
[2025-12-29T02:52:37.649+0000] {logging_mixin.py:188} INFO - [2025-12-29T02:52:37.649+0000] {dag.py:3947} INFO - Setting next_dagrun for reference_setup to 2025-12-29 00:00:00+00:00, run_after=2025-12-30 00:00:00+00:00
[2025-12-29T02:52:37.665+0000] {processor.py:183} INFO - Processing /opt/airflow/dags/refrence_setup.py took 0.087 seconds
[2025-12-29T02:53:07.871+0000] {processor.py:161} INFO - Started process (PID=724) to work on /opt/airflow/dags/refrence_setup.py
[2025-12-29T02:53:07.872+0000] {processor.py:830} INFO - Processing file /opt/airflow/dags/refrence_setup.py for tasks to queue
[2025-12-29T02:53:07.874+0000] {logging_mixin.py:188} INFO - [2025-12-29T02:53:07.873+0000] {dagbag.py:545} INFO - Filling up the DagBag from /opt/airflow/dags/refrence_setup.py
[2025-12-29T02:53:07.888+0000] {processor.py:840} INFO - DAG(s) 'reference_setup' retrieved from /opt/airflow/dags/refrence_setup.py
[2025-12-29T02:53:07.913+0000] {logging_mixin.py:188} INFO - [2025-12-29T02:53:07.912+0000] {dag.py:3089} INFO - Sync 1 DAGs
[2025-12-29T02:53:07.931+0000] {logging_mixin.py:188} INFO - [2025-12-29T02:53:07.930+0000] {dag.py:3947} INFO - Setting next_dagrun for reference_setup to 2025-12-29 00:00:00+00:00, run_after=2025-12-30 00:00:00+00:00
[2025-12-29T02:53:07.948+0000] {processor.py:183} INFO - Processing /opt/airflow/dags/refrence_setup.py took 0.081 seconds
[2025-12-29T02:53:38.171+0000] {processor.py:161} INFO - Started process (PID=757) to work on /opt/airflow/dags/refrence_setup.py
[2025-12-29T02:53:38.172+0000] {processor.py:830} INFO - Processing file /opt/airflow/dags/refrence_setup.py for tasks to queue
[2025-12-29T02:53:38.173+0000] {logging_mixin.py:188} INFO - [2025-12-29T02:53:38.173+0000] {dagbag.py:545} INFO - Filling up the DagBag from /opt/airflow/dags/refrence_setup.py
[2025-12-29T02:53:38.187+0000] {processor.py:840} INFO - DAG(s) 'reference_setup' retrieved from /opt/airflow/dags/refrence_setup.py
[2025-12-29T02:53:38.212+0000] {logging_mixin.py:188} INFO - [2025-12-29T02:53:38.212+0000] {dag.py:3089} INFO - Sync 1 DAGs
[2025-12-29T02:53:38.230+0000] {logging_mixin.py:188} INFO - [2025-12-29T02:53:38.229+0000] {dag.py:3947} INFO - Setting next_dagrun for reference_setup to 2025-12-29 00:00:00+00:00, run_after=2025-12-30 00:00:00+00:00
[2025-12-29T02:53:38.245+0000] {processor.py:183} INFO - Processing /opt/airflow/dags/refrence_setup.py took 0.078 seconds
[2025-12-29T02:54:08.453+0000] {processor.py:161} INFO - Started process (PID=767) to work on /opt/airflow/dags/refrence_setup.py
[2025-12-29T02:54:08.454+0000] {processor.py:830} INFO - Processing file /opt/airflow/dags/refrence_setup.py for tasks to queue
[2025-12-29T02:54:08.455+0000] {logging_mixin.py:188} INFO - [2025-12-29T02:54:08.455+0000] {dagbag.py:545} INFO - Filling up the DagBag from /opt/airflow/dags/refrence_setup.py
[2025-12-29T02:54:08.468+0000] {processor.py:840} INFO - DAG(s) 'reference_setup' retrieved from /opt/airflow/dags/refrence_setup.py
[2025-12-29T02:54:08.495+0000] {logging_mixin.py:188} INFO - [2025-12-29T02:54:08.495+0000] {dag.py:3089} INFO - Sync 1 DAGs
[2025-12-29T02:54:08.517+0000] {logging_mixin.py:188} INFO - [2025-12-29T02:54:08.516+0000] {dag.py:3947} INFO - Setting next_dagrun for reference_setup to 2025-12-29 00:00:00+00:00, run_after=2025-12-30 00:00:00+00:00
[2025-12-29T02:54:08.534+0000] {processor.py:183} INFO - Processing /opt/airflow/dags/refrence_setup.py took 0.085 seconds
[2025-12-29T02:54:38.729+0000] {processor.py:161} INFO - Started process (PID=783) to work on /opt/airflow/dags/refrence_setup.py
[2025-12-29T02:54:38.730+0000] {processor.py:830} INFO - Processing file /opt/airflow/dags/refrence_setup.py for tasks to queue
[2025-12-29T02:54:38.731+0000] {logging_mixin.py:188} INFO - [2025-12-29T02:54:38.731+0000] {dagbag.py:545} INFO - Filling up the DagBag from /opt/airflow/dags/refrence_setup.py
[2025-12-29T02:54:38.746+0000] {processor.py:840} INFO - DAG(s) 'reference_setup' retrieved from /opt/airflow/dags/refrence_setup.py
[2025-12-29T02:54:38.771+0000] {logging_mixin.py:188} INFO - [2025-12-29T02:54:38.770+0000] {dag.py:3089} INFO - Sync 1 DAGs
[2025-12-29T02:54:38.789+0000] {logging_mixin.py:188} INFO - [2025-12-29T02:54:38.788+0000] {dag.py:3947} INFO - Setting next_dagrun for reference_setup to 2025-12-29 00:00:00+00:00, run_after=2025-12-30 00:00:00+00:00
[2025-12-29T02:54:38.805+0000] {processor.py:183} INFO - Processing /opt/airflow/dags/refrence_setup.py took 0.080 seconds
[2025-12-29T02:55:45.537+0000] {processor.py:161} INFO - Started process (PID=199) to work on /opt/airflow/dags/refrence_setup.py
[2025-12-29T02:55:45.538+0000] {processor.py:830} INFO - Processing file /opt/airflow/dags/refrence_setup.py for tasks to queue
[2025-12-29T02:55:45.540+0000] {logging_mixin.py:188} INFO - [2025-12-29T02:55:45.540+0000] {dagbag.py:545} INFO - Filling up the DagBag from /opt/airflow/dags/refrence_setup.py
[2025-12-29T02:55:45.558+0000] {processor.py:840} INFO - DAG(s) 'reference_setup' retrieved from /opt/airflow/dags/refrence_setup.py
[2025-12-29T02:55:45.925+0000] {logging_mixin.py:188} INFO - [2025-12-29T02:55:45.924+0000] {override.py:1858} INFO - Created Permission View: can delete on DAG:reference_setup
[2025-12-29T02:55:45.935+0000] {logging_mixin.py:188} INFO - [2025-12-29T02:55:45.934+0000] {override.py:1858} INFO - Created Permission View: can read on DAG:reference_setup
[2025-12-29T02:55:45.941+0000] {logging_mixin.py:188} INFO - [2025-12-29T02:55:45.940+0000] {override.py:1858} INFO - Created Permission View: can edit on DAG:reference_setup
[2025-12-29T02:55:45.941+0000] {logging_mixin.py:188} INFO - [2025-12-29T02:55:45.941+0000] {dag.py:3089} INFO - Sync 1 DAGs
[2025-12-29T02:55:45.953+0000] {logging_mixin.py:188} INFO - [2025-12-29T02:55:45.953+0000] {dag.py:3111} INFO - Creating ORM DAG for reference_setup
[2025-12-29T02:55:45.966+0000] {logging_mixin.py:188} INFO - [2025-12-29T02:55:45.966+0000] {dag.py:3947} INFO - Setting next_dagrun for reference_setup to 2025-12-28 00:00:00+00:00, run_after=2025-12-29 00:00:00+00:00
[2025-12-29T02:55:46.000+0000] {processor.py:183} INFO - Processing /opt/airflow/dags/refrence_setup.py took 0.468 seconds
[2025-12-29T02:56:16.368+0000] {processor.py:161} INFO - Started process (PID=209) to work on /opt/airflow/dags/refrence_setup.py
[2025-12-29T02:56:16.369+0000] {processor.py:830} INFO - Processing file /opt/airflow/dags/refrence_setup.py for tasks to queue
[2025-12-29T02:56:16.371+0000] {logging_mixin.py:188} INFO - [2025-12-29T02:56:16.371+0000] {dagbag.py:545} INFO - Filling up the DagBag from /opt/airflow/dags/refrence_setup.py
[2025-12-29T02:56:16.393+0000] {processor.py:840} INFO - DAG(s) 'reference_setup' retrieved from /opt/airflow/dags/refrence_setup.py
[2025-12-29T02:56:16.427+0000] {logging_mixin.py:188} INFO - [2025-12-29T02:56:16.426+0000] {dag.py:3089} INFO - Sync 1 DAGs
[2025-12-29T02:56:16.450+0000] {logging_mixin.py:188} INFO - [2025-12-29T02:56:16.449+0000] {dag.py:3947} INFO - Setting next_dagrun for reference_setup to 2025-12-28 00:00:00+00:00, run_after=2025-12-29 00:00:00+00:00
[2025-12-29T02:56:16.482+0000] {processor.py:183} INFO - Processing /opt/airflow/dags/refrence_setup.py took 0.120 seconds
[2025-12-29T02:56:46.696+0000] {processor.py:161} INFO - Started process (PID=234) to work on /opt/airflow/dags/refrence_setup.py
[2025-12-29T02:56:46.697+0000] {processor.py:830} INFO - Processing file /opt/airflow/dags/refrence_setup.py for tasks to queue
[2025-12-29T02:56:46.698+0000] {logging_mixin.py:188} INFO - [2025-12-29T02:56:46.698+0000] {dagbag.py:545} INFO - Filling up the DagBag from /opt/airflow/dags/refrence_setup.py
[2025-12-29T02:56:46.713+0000] {processor.py:840} INFO - DAG(s) 'reference_setup' retrieved from /opt/airflow/dags/refrence_setup.py
[2025-12-29T02:56:46.740+0000] {logging_mixin.py:188} INFO - [2025-12-29T02:56:46.739+0000] {dag.py:3089} INFO - Sync 1 DAGs
[2025-12-29T02:56:46.759+0000] {logging_mixin.py:188} INFO - [2025-12-29T02:56:46.759+0000] {dag.py:3947} INFO - Setting next_dagrun for reference_setup to 2025-12-28 00:00:00+00:00, run_after=2025-12-29 00:00:00+00:00
[2025-12-29T02:56:46.778+0000] {processor.py:183} INFO - Processing /opt/airflow/dags/refrence_setup.py took 0.086 seconds
[2025-12-29T02:57:16.982+0000] {processor.py:161} INFO - Started process (PID=251) to work on /opt/airflow/dags/refrence_setup.py
[2025-12-29T02:57:16.983+0000] {processor.py:830} INFO - Processing file /opt/airflow/dags/refrence_setup.py for tasks to queue
[2025-12-29T02:57:16.984+0000] {logging_mixin.py:188} INFO - [2025-12-29T02:57:16.984+0000] {dagbag.py:545} INFO - Filling up the DagBag from /opt/airflow/dags/refrence_setup.py
[2025-12-29T02:57:16.999+0000] {processor.py:840} INFO - DAG(s) 'reference_setup' retrieved from /opt/airflow/dags/refrence_setup.py
[2025-12-29T02:57:17.026+0000] {logging_mixin.py:188} INFO - [2025-12-29T02:57:17.025+0000] {dag.py:3089} INFO - Sync 1 DAGs
[2025-12-29T02:57:17.043+0000] {logging_mixin.py:188} INFO - [2025-12-29T02:57:17.043+0000] {dag.py:3947} INFO - Setting next_dagrun for reference_setup to 2025-12-28 00:00:00+00:00, run_after=2025-12-29 00:00:00+00:00
[2025-12-29T02:57:17.058+0000] {processor.py:183} INFO - Processing /opt/airflow/dags/refrence_setup.py took 0.080 seconds
[2025-12-29T02:57:47.267+0000] {processor.py:161} INFO - Started process (PID=261) to work on /opt/airflow/dags/refrence_setup.py
[2025-12-29T02:57:47.268+0000] {processor.py:830} INFO - Processing file /opt/airflow/dags/refrence_setup.py for tasks to queue
[2025-12-29T02:57:47.269+0000] {logging_mixin.py:188} INFO - [2025-12-29T02:57:47.269+0000] {dagbag.py:545} INFO - Filling up the DagBag from /opt/airflow/dags/refrence_setup.py
[2025-12-29T02:57:47.283+0000] {processor.py:840} INFO - DAG(s) 'reference_setup' retrieved from /opt/airflow/dags/refrence_setup.py
[2025-12-29T02:57:47.311+0000] {logging_mixin.py:188} INFO - [2025-12-29T02:57:47.311+0000] {dag.py:3089} INFO - Sync 1 DAGs
[2025-12-29T02:57:47.331+0000] {logging_mixin.py:188} INFO - [2025-12-29T02:57:47.330+0000] {dag.py:3947} INFO - Setting next_dagrun for reference_setup to 2025-12-28 00:00:00+00:00, run_after=2025-12-29 00:00:00+00:00
[2025-12-29T02:57:47.348+0000] {processor.py:183} INFO - Processing /opt/airflow/dags/refrence_setup.py took 0.085 seconds
[2025-12-29T02:58:17.556+0000] {processor.py:161} INFO - Started process (PID=271) to work on /opt/airflow/dags/refrence_setup.py
[2025-12-29T02:58:17.557+0000] {processor.py:830} INFO - Processing file /opt/airflow/dags/refrence_setup.py for tasks to queue
[2025-12-29T02:58:17.558+0000] {logging_mixin.py:188} INFO - [2025-12-29T02:58:17.558+0000] {dagbag.py:545} INFO - Filling up the DagBag from /opt/airflow/dags/refrence_setup.py
[2025-12-29T02:58:17.574+0000] {processor.py:840} INFO - DAG(s) 'reference_setup' retrieved from /opt/airflow/dags/refrence_setup.py
[2025-12-29T02:58:17.605+0000] {logging_mixin.py:188} INFO - [2025-12-29T02:58:17.604+0000] {dag.py:3089} INFO - Sync 1 DAGs
[2025-12-29T02:58:17.629+0000] {logging_mixin.py:188} INFO - [2025-12-29T02:58:17.629+0000] {dag.py:3947} INFO - Setting next_dagrun for reference_setup to 2025-12-28 00:00:00+00:00, run_after=2025-12-29 00:00:00+00:00
[2025-12-29T02:58:17.646+0000] {processor.py:183} INFO - Processing /opt/airflow/dags/refrence_setup.py took 0.095 seconds
[2025-12-29T02:58:47.853+0000] {processor.py:161} INFO - Started process (PID=281) to work on /opt/airflow/dags/refrence_setup.py
[2025-12-29T02:58:47.853+0000] {processor.py:830} INFO - Processing file /opt/airflow/dags/refrence_setup.py for tasks to queue
[2025-12-29T02:58:47.854+0000] {logging_mixin.py:188} INFO - [2025-12-29T02:58:47.854+0000] {dagbag.py:545} INFO - Filling up the DagBag from /opt/airflow/dags/refrence_setup.py
[2025-12-29T02:58:47.871+0000] {processor.py:840} INFO - DAG(s) 'reference_setup' retrieved from /opt/airflow/dags/refrence_setup.py
[2025-12-29T02:58:47.902+0000] {logging_mixin.py:188} INFO - [2025-12-29T02:58:47.902+0000] {dag.py:3089} INFO - Sync 1 DAGs
[2025-12-29T02:58:47.924+0000] {logging_mixin.py:188} INFO - [2025-12-29T02:58:47.923+0000] {dag.py:3947} INFO - Setting next_dagrun for reference_setup to 2025-12-28 00:00:00+00:00, run_after=2025-12-29 00:00:00+00:00
[2025-12-29T02:58:47.942+0000] {processor.py:183} INFO - Processing /opt/airflow/dags/refrence_setup.py took 0.094 seconds
[2025-12-29T02:59:18.149+0000] {processor.py:161} INFO - Started process (PID=312) to work on /opt/airflow/dags/refrence_setup.py
[2025-12-29T02:59:18.150+0000] {processor.py:830} INFO - Processing file /opt/airflow/dags/refrence_setup.py for tasks to queue
[2025-12-29T02:59:18.151+0000] {logging_mixin.py:188} INFO - [2025-12-29T02:59:18.151+0000] {dagbag.py:545} INFO - Filling up the DagBag from /opt/airflow/dags/refrence_setup.py
[2025-12-29T02:59:18.167+0000] {processor.py:840} INFO - DAG(s) 'reference_setup' retrieved from /opt/airflow/dags/refrence_setup.py
[2025-12-29T02:59:18.193+0000] {logging_mixin.py:188} INFO - [2025-12-29T02:59:18.192+0000] {dag.py:3089} INFO - Sync 1 DAGs
[2025-12-29T02:59:18.229+0000] {processor.py:183} INFO - Processing /opt/airflow/dags/refrence_setup.py took 0.083 seconds
[2025-12-29T02:59:48.445+0000] {processor.py:161} INFO - Started process (PID=322) to work on /opt/airflow/dags/refrence_setup.py
[2025-12-29T02:59:48.445+0000] {processor.py:830} INFO - Processing file /opt/airflow/dags/refrence_setup.py for tasks to queue
[2025-12-29T02:59:48.447+0000] {logging_mixin.py:188} INFO - [2025-12-29T02:59:48.447+0000] {dagbag.py:545} INFO - Filling up the DagBag from /opt/airflow/dags/refrence_setup.py
[2025-12-29T02:59:48.462+0000] {processor.py:840} INFO - DAG(s) 'reference_setup' retrieved from /opt/airflow/dags/refrence_setup.py
[2025-12-29T02:59:48.490+0000] {logging_mixin.py:188} INFO - [2025-12-29T02:59:48.490+0000] {dag.py:3089} INFO - Sync 1 DAGs
[2025-12-29T02:59:48.524+0000] {processor.py:183} INFO - Processing /opt/airflow/dags/refrence_setup.py took 0.083 seconds
[2025-12-29T03:00:18.727+0000] {processor.py:161} INFO - Started process (PID=332) to work on /opt/airflow/dags/refrence_setup.py
[2025-12-29T03:00:18.728+0000] {processor.py:830} INFO - Processing file /opt/airflow/dags/refrence_setup.py for tasks to queue
[2025-12-29T03:00:18.729+0000] {logging_mixin.py:188} INFO - [2025-12-29T03:00:18.729+0000] {dagbag.py:545} INFO - Filling up the DagBag from /opt/airflow/dags/refrence_setup.py
[2025-12-29T03:00:18.746+0000] {processor.py:840} INFO - DAG(s) 'reference_setup' retrieved from /opt/airflow/dags/refrence_setup.py
[2025-12-29T03:00:18.776+0000] {logging_mixin.py:188} INFO - [2025-12-29T03:00:18.776+0000] {dag.py:3089} INFO - Sync 1 DAGs
[2025-12-29T03:00:18.821+0000] {processor.py:183} INFO - Processing /opt/airflow/dags/refrence_setup.py took 0.099 seconds
[2025-12-29T03:00:49.063+0000] {processor.py:161} INFO - Started process (PID=342) to work on /opt/airflow/dags/refrence_setup.py
[2025-12-29T03:00:49.064+0000] {processor.py:830} INFO - Processing file /opt/airflow/dags/refrence_setup.py for tasks to queue
[2025-12-29T03:00:49.065+0000] {logging_mixin.py:188} INFO - [2025-12-29T03:00:49.064+0000] {dagbag.py:545} INFO - Filling up the DagBag from /opt/airflow/dags/refrence_setup.py
[2025-12-29T03:00:49.078+0000] {processor.py:840} INFO - DAG(s) 'reference_setup' retrieved from /opt/airflow/dags/refrence_setup.py
[2025-12-29T03:00:49.104+0000] {logging_mixin.py:188} INFO - [2025-12-29T03:00:49.104+0000] {dag.py:3089} INFO - Sync 1 DAGs
[2025-12-29T03:00:49.139+0000] {processor.py:183} INFO - Processing /opt/airflow/dags/refrence_setup.py took 0.080 seconds
[2025-12-29T03:00:50.177+0000] {processor.py:161} INFO - Started process (PID=349) to work on /opt/airflow/dags/refrence_setup.py
[2025-12-29T03:00:50.178+0000] {processor.py:830} INFO - Processing file /opt/airflow/dags/refrence_setup.py for tasks to queue
[2025-12-29T03:00:50.179+0000] {logging_mixin.py:188} INFO - [2025-12-29T03:00:50.179+0000] {dagbag.py:545} INFO - Filling up the DagBag from /opt/airflow/dags/refrence_setup.py
[2025-12-29T03:00:50.204+0000] {processor.py:840} INFO - DAG(s) 'reference_setup' retrieved from /opt/airflow/dags/refrence_setup.py
[2025-12-29T03:00:50.297+0000] {logging_mixin.py:188} INFO - [2025-12-29T03:00:50.297+0000] {dag.py:3089} INFO - Sync 1 DAGs
[2025-12-29T03:00:50.331+0000] {processor.py:183} INFO - Processing /opt/airflow/dags/refrence_setup.py took 0.158 seconds
[2025-12-29T03:01:20.376+0000] {processor.py:161} INFO - Started process (PID=359) to work on /opt/airflow/dags/refrence_setup.py
[2025-12-29T03:01:20.377+0000] {processor.py:830} INFO - Processing file /opt/airflow/dags/refrence_setup.py for tasks to queue
[2025-12-29T03:01:20.378+0000] {logging_mixin.py:188} INFO - [2025-12-29T03:01:20.378+0000] {dagbag.py:545} INFO - Filling up the DagBag from /opt/airflow/dags/refrence_setup.py
[2025-12-29T03:01:20.392+0000] {processor.py:840} INFO - DAG(s) 'reference_setup' retrieved from /opt/airflow/dags/refrence_setup.py
[2025-12-29T03:01:20.414+0000] {logging_mixin.py:188} INFO - [2025-12-29T03:01:20.414+0000] {dag.py:3089} INFO - Sync 1 DAGs
[2025-12-29T03:01:20.444+0000] {processor.py:183} INFO - Processing /opt/airflow/dags/refrence_setup.py took 0.073 seconds
[2025-12-29T03:01:50.666+0000] {processor.py:161} INFO - Started process (PID=373) to work on /opt/airflow/dags/refrence_setup.py
[2025-12-29T03:01:50.667+0000] {processor.py:830} INFO - Processing file /opt/airflow/dags/refrence_setup.py for tasks to queue
[2025-12-29T03:01:50.669+0000] {logging_mixin.py:188} INFO - [2025-12-29T03:01:50.669+0000] {dagbag.py:545} INFO - Filling up the DagBag from /opt/airflow/dags/refrence_setup.py
[2025-12-29T03:01:50.692+0000] {processor.py:840} INFO - DAG(s) 'reference_setup' retrieved from /opt/airflow/dags/refrence_setup.py
[2025-12-29T03:01:50.723+0000] {logging_mixin.py:188} INFO - [2025-12-29T03:01:50.723+0000] {dag.py:3089} INFO - Sync 1 DAGs
[2025-12-29T03:01:50.764+0000] {processor.py:183} INFO - Processing /opt/airflow/dags/refrence_setup.py took 0.104 seconds
[2025-12-29T03:02:20.963+0000] {processor.py:161} INFO - Started process (PID=383) to work on /opt/airflow/dags/refrence_setup.py
[2025-12-29T03:02:20.964+0000] {processor.py:830} INFO - Processing file /opt/airflow/dags/refrence_setup.py for tasks to queue
[2025-12-29T03:02:20.965+0000] {logging_mixin.py:188} INFO - [2025-12-29T03:02:20.965+0000] {dagbag.py:545} INFO - Filling up the DagBag from /opt/airflow/dags/refrence_setup.py
[2025-12-29T03:02:20.977+0000] {processor.py:840} INFO - DAG(s) 'reference_setup' retrieved from /opt/airflow/dags/refrence_setup.py
[2025-12-29T03:02:21.000+0000] {logging_mixin.py:188} INFO - [2025-12-29T03:02:21.000+0000] {dag.py:3089} INFO - Sync 1 DAGs
[2025-12-29T03:02:21.018+0000] {logging_mixin.py:188} INFO - [2025-12-29T03:02:21.018+0000] {dag.py:3947} INFO - Setting next_dagrun for reference_setup to 2025-12-28 00:00:00+00:00, run_after=2025-12-29 00:00:00+00:00
[2025-12-29T03:02:21.033+0000] {processor.py:183} INFO - Processing /opt/airflow/dags/refrence_setup.py took 0.074 seconds
[2025-12-29T03:02:51.245+0000] {processor.py:161} INFO - Started process (PID=397) to work on /opt/airflow/dags/refrence_setup.py
[2025-12-29T03:02:51.245+0000] {processor.py:830} INFO - Processing file /opt/airflow/dags/refrence_setup.py for tasks to queue
[2025-12-29T03:02:51.246+0000] {logging_mixin.py:188} INFO - [2025-12-29T03:02:51.246+0000] {dagbag.py:545} INFO - Filling up the DagBag from /opt/airflow/dags/refrence_setup.py
[2025-12-29T03:02:51.261+0000] {processor.py:840} INFO - DAG(s) 'reference_setup' retrieved from /opt/airflow/dags/refrence_setup.py
[2025-12-29T03:02:51.286+0000] {logging_mixin.py:188} INFO - [2025-12-29T03:02:51.285+0000] {dag.py:3089} INFO - Sync 1 DAGs
[2025-12-29T03:02:51.304+0000] {logging_mixin.py:188} INFO - [2025-12-29T03:02:51.304+0000] {dag.py:3947} INFO - Setting next_dagrun for reference_setup to 2025-12-29 00:00:00+00:00, run_after=2025-12-30 00:00:00+00:00
[2025-12-29T03:02:51.318+0000] {processor.py:183} INFO - Processing /opt/airflow/dags/refrence_setup.py took 0.078 seconds
[2025-12-29T03:03:21.528+0000] {processor.py:161} INFO - Started process (PID=407) to work on /opt/airflow/dags/refrence_setup.py
[2025-12-29T03:03:21.529+0000] {processor.py:830} INFO - Processing file /opt/airflow/dags/refrence_setup.py for tasks to queue
[2025-12-29T03:03:21.531+0000] {logging_mixin.py:188} INFO - [2025-12-29T03:03:21.531+0000] {dagbag.py:545} INFO - Filling up the DagBag from /opt/airflow/dags/refrence_setup.py
[2025-12-29T03:03:21.546+0000] {processor.py:840} INFO - DAG(s) 'reference_setup' retrieved from /opt/airflow/dags/refrence_setup.py
[2025-12-29T03:03:21.572+0000] {logging_mixin.py:188} INFO - [2025-12-29T03:03:21.572+0000] {dag.py:3089} INFO - Sync 1 DAGs
[2025-12-29T03:03:21.591+0000] {logging_mixin.py:188} INFO - [2025-12-29T03:03:21.590+0000] {dag.py:3947} INFO - Setting next_dagrun for reference_setup to 2025-12-29 00:00:00+00:00, run_after=2025-12-30 00:00:00+00:00
[2025-12-29T03:03:21.606+0000] {processor.py:183} INFO - Processing /opt/airflow/dags/refrence_setup.py took 0.082 seconds
[2025-12-29T03:03:51.806+0000] {processor.py:161} INFO - Started process (PID=417) to work on /opt/airflow/dags/refrence_setup.py
[2025-12-29T03:03:51.806+0000] {processor.py:830} INFO - Processing file /opt/airflow/dags/refrence_setup.py for tasks to queue
[2025-12-29T03:03:51.808+0000] {logging_mixin.py:188} INFO - [2025-12-29T03:03:51.808+0000] {dagbag.py:545} INFO - Filling up the DagBag from /opt/airflow/dags/refrence_setup.py
[2025-12-29T03:03:51.823+0000] {processor.py:840} INFO - DAG(s) 'reference_setup' retrieved from /opt/airflow/dags/refrence_setup.py
[2025-12-29T03:03:51.847+0000] {logging_mixin.py:188} INFO - [2025-12-29T03:03:51.847+0000] {dag.py:3089} INFO - Sync 1 DAGs
[2025-12-29T03:03:51.864+0000] {logging_mixin.py:188} INFO - [2025-12-29T03:03:51.864+0000] {dag.py:3947} INFO - Setting next_dagrun for reference_setup to 2025-12-29 00:00:00+00:00, run_after=2025-12-30 00:00:00+00:00
[2025-12-29T03:03:51.881+0000] {processor.py:183} INFO - Processing /opt/airflow/dags/refrence_setup.py took 0.079 seconds
[2025-12-29T03:04:22.095+0000] {processor.py:161} INFO - Started process (PID=427) to work on /opt/airflow/dags/refrence_setup.py
[2025-12-29T03:04:22.096+0000] {processor.py:830} INFO - Processing file /opt/airflow/dags/refrence_setup.py for tasks to queue
[2025-12-29T03:04:22.097+0000] {logging_mixin.py:188} INFO - [2025-12-29T03:04:22.097+0000] {dagbag.py:545} INFO - Filling up the DagBag from /opt/airflow/dags/refrence_setup.py
[2025-12-29T03:04:22.112+0000] {processor.py:840} INFO - DAG(s) 'reference_setup' retrieved from /opt/airflow/dags/refrence_setup.py
[2025-12-29T03:04:22.135+0000] {logging_mixin.py:188} INFO - [2025-12-29T03:04:22.134+0000] {dag.py:3089} INFO - Sync 1 DAGs
[2025-12-29T03:04:22.152+0000] {logging_mixin.py:188} INFO - [2025-12-29T03:04:22.152+0000] {dag.py:3947} INFO - Setting next_dagrun for reference_setup to 2025-12-29 00:00:00+00:00, run_after=2025-12-30 00:00:00+00:00
[2025-12-29T03:04:22.167+0000] {processor.py:183} INFO - Processing /opt/airflow/dags/refrence_setup.py took 0.077 seconds
[2025-12-29T03:04:52.383+0000] {processor.py:161} INFO - Started process (PID=437) to work on /opt/airflow/dags/refrence_setup.py
[2025-12-29T03:04:52.384+0000] {processor.py:830} INFO - Processing file /opt/airflow/dags/refrence_setup.py for tasks to queue
[2025-12-29T03:04:52.386+0000] {logging_mixin.py:188} INFO - [2025-12-29T03:04:52.385+0000] {dagbag.py:545} INFO - Filling up the DagBag from /opt/airflow/dags/refrence_setup.py
[2025-12-29T03:04:52.402+0000] {processor.py:840} INFO - DAG(s) 'reference_setup' retrieved from /opt/airflow/dags/refrence_setup.py
[2025-12-29T03:04:52.429+0000] {logging_mixin.py:188} INFO - [2025-12-29T03:04:52.429+0000] {dag.py:3089} INFO - Sync 1 DAGs
[2025-12-29T03:04:52.448+0000] {logging_mixin.py:188} INFO - [2025-12-29T03:04:52.447+0000] {dag.py:3947} INFO - Setting next_dagrun for reference_setup to 2025-12-29 00:00:00+00:00, run_after=2025-12-30 00:00:00+00:00
[2025-12-29T03:04:52.464+0000] {processor.py:183} INFO - Processing /opt/airflow/dags/refrence_setup.py took 0.085 seconds
[2025-12-29T03:05:22.675+0000] {processor.py:161} INFO - Started process (PID=447) to work on /opt/airflow/dags/refrence_setup.py
[2025-12-29T03:05:22.676+0000] {processor.py:830} INFO - Processing file /opt/airflow/dags/refrence_setup.py for tasks to queue
[2025-12-29T03:05:22.678+0000] {logging_mixin.py:188} INFO - [2025-12-29T03:05:22.677+0000] {dagbag.py:545} INFO - Filling up the DagBag from /opt/airflow/dags/refrence_setup.py
[2025-12-29T03:05:22.693+0000] {processor.py:840} INFO - DAG(s) 'reference_setup' retrieved from /opt/airflow/dags/refrence_setup.py
[2025-12-29T03:05:22.718+0000] {logging_mixin.py:188} INFO - [2025-12-29T03:05:22.717+0000] {dag.py:3089} INFO - Sync 1 DAGs
[2025-12-29T03:05:22.736+0000] {logging_mixin.py:188} INFO - [2025-12-29T03:05:22.736+0000] {dag.py:3947} INFO - Setting next_dagrun for reference_setup to 2025-12-29 00:00:00+00:00, run_after=2025-12-30 00:00:00+00:00
[2025-12-29T03:05:22.752+0000] {processor.py:183} INFO - Processing /opt/airflow/dags/refrence_setup.py took 0.081 seconds
[2025-12-29T03:05:52.997+0000] {processor.py:161} INFO - Started process (PID=457) to work on /opt/airflow/dags/refrence_setup.py
[2025-12-29T03:05:52.998+0000] {processor.py:830} INFO - Processing file /opt/airflow/dags/refrence_setup.py for tasks to queue
[2025-12-29T03:05:53.000+0000] {logging_mixin.py:188} INFO - [2025-12-29T03:05:52.999+0000] {dagbag.py:545} INFO - Filling up the DagBag from /opt/airflow/dags/refrence_setup.py
[2025-12-29T03:05:53.015+0000] {processor.py:840} INFO - DAG(s) 'reference_setup' retrieved from /opt/airflow/dags/refrence_setup.py
[2025-12-29T03:05:53.041+0000] {logging_mixin.py:188} INFO - [2025-12-29T03:05:53.041+0000] {dag.py:3089} INFO - Sync 1 DAGs
[2025-12-29T03:05:53.061+0000] {logging_mixin.py:188} INFO - [2025-12-29T03:05:53.061+0000] {dag.py:3947} INFO - Setting next_dagrun for reference_setup to 2025-12-29 00:00:00+00:00, run_after=2025-12-30 00:00:00+00:00
[2025-12-29T03:05:53.078+0000] {processor.py:183} INFO - Processing /opt/airflow/dags/refrence_setup.py took 0.086 seconds
[2025-12-29T03:06:23.296+0000] {processor.py:161} INFO - Started process (PID=467) to work on /opt/airflow/dags/refrence_setup.py
[2025-12-29T03:06:23.297+0000] {processor.py:830} INFO - Processing file /opt/airflow/dags/refrence_setup.py for tasks to queue
[2025-12-29T03:06:23.299+0000] {logging_mixin.py:188} INFO - [2025-12-29T03:06:23.298+0000] {dagbag.py:545} INFO - Filling up the DagBag from /opt/airflow/dags/refrence_setup.py
[2025-12-29T03:06:23.318+0000] {processor.py:840} INFO - DAG(s) 'reference_setup' retrieved from /opt/airflow/dags/refrence_setup.py
[2025-12-29T03:06:23.345+0000] {logging_mixin.py:188} INFO - [2025-12-29T03:06:23.345+0000] {dag.py:3089} INFO - Sync 1 DAGs
[2025-12-29T03:06:23.363+0000] {logging_mixin.py:188} INFO - [2025-12-29T03:06:23.363+0000] {dag.py:3947} INFO - Setting next_dagrun for reference_setup to 2025-12-29 00:00:00+00:00, run_after=2025-12-30 00:00:00+00:00
[2025-12-29T03:06:23.380+0000] {processor.py:183} INFO - Processing /opt/airflow/dags/refrence_setup.py took 0.089 seconds
[2025-12-29T03:07:19.146+0000] {processor.py:161} INFO - Started process (PID=189) to work on /opt/airflow/dags/refrence_setup.py
[2025-12-29T03:07:19.148+0000] {processor.py:830} INFO - Processing file /opt/airflow/dags/refrence_setup.py for tasks to queue
[2025-12-29T03:07:19.149+0000] {logging_mixin.py:188} INFO - [2025-12-29T03:07:19.149+0000] {dagbag.py:545} INFO - Filling up the DagBag from /opt/airflow/dags/refrence_setup.py
[2025-12-29T03:07:19.172+0000] {processor.py:840} INFO - DAG(s) 'reference_setup' retrieved from /opt/airflow/dags/refrence_setup.py
[2025-12-29T03:07:19.562+0000] {logging_mixin.py:188} INFO - [2025-12-29T03:07:19.562+0000] {override.py:1858} INFO - Created Permission View: can read on DAG:reference_setup
[2025-12-29T03:07:19.571+0000] {logging_mixin.py:188} INFO - [2025-12-29T03:07:19.570+0000] {override.py:1858} INFO - Created Permission View: can delete on DAG:reference_setup
[2025-12-29T03:07:19.576+0000] {logging_mixin.py:188} INFO - [2025-12-29T03:07:19.576+0000] {override.py:1858} INFO - Created Permission View: can edit on DAG:reference_setup
[2025-12-29T03:07:19.577+0000] {logging_mixin.py:188} INFO - [2025-12-29T03:07:19.577+0000] {dag.py:3089} INFO - Sync 1 DAGs
[2025-12-29T03:07:19.586+0000] {logging_mixin.py:188} INFO - [2025-12-29T03:07:19.586+0000] {dag.py:3111} INFO - Creating ORM DAG for reference_setup
[2025-12-29T03:07:19.595+0000] {logging_mixin.py:188} INFO - [2025-12-29T03:07:19.595+0000] {dag.py:3947} INFO - Setting next_dagrun for reference_setup to 2025-12-28 00:00:00+00:00, run_after=2025-12-29 00:00:00+00:00
[2025-12-29T03:07:19.615+0000] {processor.py:183} INFO - Processing /opt/airflow/dags/refrence_setup.py took 0.474 seconds
[2025-12-29T03:07:49.812+0000] {processor.py:161} INFO - Started process (PID=205) to work on /opt/airflow/dags/refrence_setup.py
[2025-12-29T03:07:49.813+0000] {processor.py:830} INFO - Processing file /opt/airflow/dags/refrence_setup.py for tasks to queue
[2025-12-29T03:07:49.814+0000] {logging_mixin.py:188} INFO - [2025-12-29T03:07:49.814+0000] {dagbag.py:545} INFO - Filling up the DagBag from /opt/airflow/dags/refrence_setup.py
[2025-12-29T03:07:49.830+0000] {processor.py:840} INFO - DAG(s) 'reference_setup' retrieved from /opt/airflow/dags/refrence_setup.py
[2025-12-29T03:07:49.857+0000] {logging_mixin.py:188} INFO - [2025-12-29T03:07:49.857+0000] {dag.py:3089} INFO - Sync 1 DAGs
[2025-12-29T03:07:49.877+0000] {logging_mixin.py:188} INFO - [2025-12-29T03:07:49.876+0000] {dag.py:3947} INFO - Setting next_dagrun for reference_setup to 2025-12-29 00:00:00+00:00, run_after=2025-12-30 00:00:00+00:00
[2025-12-29T03:07:49.894+0000] {processor.py:183} INFO - Processing /opt/airflow/dags/refrence_setup.py took 0.087 seconds
[2025-12-29T03:08:20.103+0000] {processor.py:161} INFO - Started process (PID=240) to work on /opt/airflow/dags/refrence_setup.py
[2025-12-29T03:08:20.104+0000] {processor.py:830} INFO - Processing file /opt/airflow/dags/refrence_setup.py for tasks to queue
[2025-12-29T03:08:20.105+0000] {logging_mixin.py:188} INFO - [2025-12-29T03:08:20.105+0000] {dagbag.py:545} INFO - Filling up the DagBag from /opt/airflow/dags/refrence_setup.py
[2025-12-29T03:08:20.121+0000] {processor.py:840} INFO - DAG(s) 'reference_setup' retrieved from /opt/airflow/dags/refrence_setup.py
[2025-12-29T03:08:20.149+0000] {logging_mixin.py:188} INFO - [2025-12-29T03:08:20.149+0000] {dag.py:3089} INFO - Sync 1 DAGs
[2025-12-29T03:08:20.172+0000] {logging_mixin.py:188} INFO - [2025-12-29T03:08:20.172+0000] {dag.py:3947} INFO - Setting next_dagrun for reference_setup to 2025-12-29 00:00:00+00:00, run_after=2025-12-30 00:00:00+00:00
[2025-12-29T03:08:20.188+0000] {processor.py:183} INFO - Processing /opt/airflow/dags/refrence_setup.py took 0.089 seconds
[2025-12-29T03:08:50.391+0000] {processor.py:161} INFO - Started process (PID=250) to work on /opt/airflow/dags/refrence_setup.py
[2025-12-29T03:08:50.392+0000] {processor.py:830} INFO - Processing file /opt/airflow/dags/refrence_setup.py for tasks to queue
[2025-12-29T03:08:50.393+0000] {logging_mixin.py:188} INFO - [2025-12-29T03:08:50.393+0000] {dagbag.py:545} INFO - Filling up the DagBag from /opt/airflow/dags/refrence_setup.py
[2025-12-29T03:08:50.410+0000] {processor.py:840} INFO - DAG(s) 'reference_setup' retrieved from /opt/airflow/dags/refrence_setup.py
[2025-12-29T03:08:50.438+0000] {logging_mixin.py:188} INFO - [2025-12-29T03:08:50.438+0000] {dag.py:3089} INFO - Sync 1 DAGs
[2025-12-29T03:08:50.459+0000] {logging_mixin.py:188} INFO - [2025-12-29T03:08:50.459+0000] {dag.py:3947} INFO - Setting next_dagrun for reference_setup to 2025-12-29 00:00:00+00:00, run_after=2025-12-30 00:00:00+00:00
[2025-12-29T03:08:50.475+0000] {processor.py:183} INFO - Processing /opt/airflow/dags/refrence_setup.py took 0.089 seconds
[2025-12-29T03:09:20.682+0000] {processor.py:161} INFO - Started process (PID=260) to work on /opt/airflow/dags/refrence_setup.py
[2025-12-29T03:09:20.683+0000] {processor.py:830} INFO - Processing file /opt/airflow/dags/refrence_setup.py for tasks to queue
[2025-12-29T03:09:20.684+0000] {logging_mixin.py:188} INFO - [2025-12-29T03:09:20.684+0000] {dagbag.py:545} INFO - Filling up the DagBag from /opt/airflow/dags/refrence_setup.py
[2025-12-29T03:09:20.702+0000] {processor.py:840} INFO - DAG(s) 'reference_setup' retrieved from /opt/airflow/dags/refrence_setup.py
[2025-12-29T03:09:20.733+0000] {logging_mixin.py:188} INFO - [2025-12-29T03:09:20.732+0000] {dag.py:3089} INFO - Sync 1 DAGs
[2025-12-29T03:09:20.761+0000] {logging_mixin.py:188} INFO - [2025-12-29T03:09:20.761+0000] {dag.py:3947} INFO - Setting next_dagrun for reference_setup to 2025-12-29 00:00:00+00:00, run_after=2025-12-30 00:00:00+00:00
[2025-12-29T03:09:20.787+0000] {processor.py:183} INFO - Processing /opt/airflow/dags/refrence_setup.py took 0.110 seconds
[2025-12-29T03:09:50.995+0000] {processor.py:161} INFO - Started process (PID=270) to work on /opt/airflow/dags/refrence_setup.py
[2025-12-29T03:09:50.995+0000] {processor.py:830} INFO - Processing file /opt/airflow/dags/refrence_setup.py for tasks to queue
[2025-12-29T03:09:50.997+0000] {logging_mixin.py:188} INFO - [2025-12-29T03:09:50.996+0000] {dagbag.py:545} INFO - Filling up the DagBag from /opt/airflow/dags/refrence_setup.py
[2025-12-29T03:09:51.010+0000] {processor.py:840} INFO - DAG(s) 'reference_setup' retrieved from /opt/airflow/dags/refrence_setup.py
[2025-12-29T03:09:51.037+0000] {logging_mixin.py:188} INFO - [2025-12-29T03:09:51.037+0000] {dag.py:3089} INFO - Sync 1 DAGs
[2025-12-29T03:09:51.056+0000] {logging_mixin.py:188} INFO - [2025-12-29T03:09:51.056+0000] {dag.py:3947} INFO - Setting next_dagrun for reference_setup to 2025-12-29 00:00:00+00:00, run_after=2025-12-30 00:00:00+00:00
[2025-12-29T03:09:51.073+0000] {processor.py:183} INFO - Processing /opt/airflow/dags/refrence_setup.py took 0.082 seconds
[2025-12-29T03:10:21.285+0000] {processor.py:161} INFO - Started process (PID=280) to work on /opt/airflow/dags/refrence_setup.py
[2025-12-29T03:10:21.286+0000] {processor.py:830} INFO - Processing file /opt/airflow/dags/refrence_setup.py for tasks to queue
[2025-12-29T03:10:21.287+0000] {logging_mixin.py:188} INFO - [2025-12-29T03:10:21.287+0000] {dagbag.py:545} INFO - Filling up the DagBag from /opt/airflow/dags/refrence_setup.py
[2025-12-29T03:10:21.302+0000] {processor.py:840} INFO - DAG(s) 'reference_setup' retrieved from /opt/airflow/dags/refrence_setup.py
[2025-12-29T03:10:21.325+0000] {logging_mixin.py:188} INFO - [2025-12-29T03:10:21.325+0000] {dag.py:3089} INFO - Sync 1 DAGs
[2025-12-29T03:10:21.346+0000] {logging_mixin.py:188} INFO - [2025-12-29T03:10:21.346+0000] {dag.py:3947} INFO - Setting next_dagrun for reference_setup to 2025-12-29 00:00:00+00:00, run_after=2025-12-30 00:00:00+00:00
[2025-12-29T03:10:21.364+0000] {processor.py:183} INFO - Processing /opt/airflow/dags/refrence_setup.py took 0.083 seconds
[2025-12-29T03:10:51.575+0000] {processor.py:161} INFO - Started process (PID=293) to work on /opt/airflow/dags/refrence_setup.py
[2025-12-29T03:10:51.575+0000] {processor.py:830} INFO - Processing file /opt/airflow/dags/refrence_setup.py for tasks to queue
[2025-12-29T03:10:51.576+0000] {logging_mixin.py:188} INFO - [2025-12-29T03:10:51.576+0000] {dagbag.py:545} INFO - Filling up the DagBag from /opt/airflow/dags/refrence_setup.py
[2025-12-29T03:10:51.598+0000] {processor.py:840} INFO - DAG(s) 'reference_setup' retrieved from /opt/airflow/dags/refrence_setup.py
[2025-12-29T03:10:51.625+0000] {logging_mixin.py:188} INFO - [2025-12-29T03:10:51.625+0000] {dag.py:3089} INFO - Sync 1 DAGs
[2025-12-29T03:10:51.645+0000] {logging_mixin.py:188} INFO - [2025-12-29T03:10:51.645+0000] {dag.py:3947} INFO - Setting next_dagrun for reference_setup to 2025-12-29 00:00:00+00:00, run_after=2025-12-30 00:00:00+00:00
[2025-12-29T03:10:51.668+0000] {processor.py:183} INFO - Processing /opt/airflow/dags/refrence_setup.py took 0.097 seconds
[2025-12-29T03:11:38.371+0000] {processor.py:161} INFO - Started process (PID=192) to work on /opt/airflow/dags/refrence_setup.py
[2025-12-29T03:11:38.372+0000] {processor.py:830} INFO - Processing file /opt/airflow/dags/refrence_setup.py for tasks to queue
[2025-12-29T03:11:38.374+0000] {logging_mixin.py:188} INFO - [2025-12-29T03:11:38.374+0000] {dagbag.py:545} INFO - Filling up the DagBag from /opt/airflow/dags/refrence_setup.py
[2025-12-29T03:11:38.394+0000] {processor.py:840} INFO - DAG(s) 'reference_setup' retrieved from /opt/airflow/dags/refrence_setup.py
[2025-12-29T03:11:38.762+0000] {logging_mixin.py:188} INFO - [2025-12-29T03:11:38.761+0000] {override.py:1858} INFO - Created Permission View: can delete on DAG:reference_setup
[2025-12-29T03:11:38.773+0000] {logging_mixin.py:188} INFO - [2025-12-29T03:11:38.772+0000] {override.py:1858} INFO - Created Permission View: can edit on DAG:reference_setup
[2025-12-29T03:11:38.779+0000] {logging_mixin.py:188} INFO - [2025-12-29T03:11:38.779+0000] {override.py:1858} INFO - Created Permission View: can read on DAG:reference_setup
[2025-12-29T03:11:38.780+0000] {logging_mixin.py:188} INFO - [2025-12-29T03:11:38.780+0000] {dag.py:3089} INFO - Sync 1 DAGs
[2025-12-29T03:11:38.790+0000] {logging_mixin.py:188} INFO - [2025-12-29T03:11:38.789+0000] {dag.py:3111} INFO - Creating ORM DAG for reference_setup
[2025-12-29T03:11:38.800+0000] {logging_mixin.py:188} INFO - [2025-12-29T03:11:38.800+0000] {dag.py:3947} INFO - Setting next_dagrun for reference_setup to 2025-12-28 00:00:00+00:00, run_after=2025-12-29 00:00:00+00:00
[2025-12-29T03:11:38.821+0000] {processor.py:183} INFO - Processing /opt/airflow/dags/refrence_setup.py took 0.457 seconds
[2025-12-29T03:12:09.175+0000] {processor.py:161} INFO - Started process (PID=208) to work on /opt/airflow/dags/refrence_setup.py
[2025-12-29T03:12:09.176+0000] {processor.py:830} INFO - Processing file /opt/airflow/dags/refrence_setup.py for tasks to queue
[2025-12-29T03:12:09.177+0000] {logging_mixin.py:188} INFO - [2025-12-29T03:12:09.177+0000] {dagbag.py:545} INFO - Filling up the DagBag from /opt/airflow/dags/refrence_setup.py
[2025-12-29T03:12:09.193+0000] {processor.py:840} INFO - DAG(s) 'reference_setup' retrieved from /opt/airflow/dags/refrence_setup.py
[2025-12-29T03:12:09.221+0000] {logging_mixin.py:188} INFO - [2025-12-29T03:12:09.220+0000] {dag.py:3089} INFO - Sync 1 DAGs
[2025-12-29T03:12:09.242+0000] {logging_mixin.py:188} INFO - [2025-12-29T03:12:09.242+0000] {dag.py:3947} INFO - Setting next_dagrun for reference_setup to 2025-12-29 00:00:00+00:00, run_after=2025-12-30 00:00:00+00:00
[2025-12-29T03:12:09.262+0000] {processor.py:183} INFO - Processing /opt/airflow/dags/refrence_setup.py took 0.092 seconds
[2025-12-29T03:12:39.456+0000] {processor.py:161} INFO - Started process (PID=218) to work on /opt/airflow/dags/refrence_setup.py
[2025-12-29T03:12:39.456+0000] {processor.py:830} INFO - Processing file /opt/airflow/dags/refrence_setup.py for tasks to queue
[2025-12-29T03:12:39.457+0000] {logging_mixin.py:188} INFO - [2025-12-29T03:12:39.457+0000] {dagbag.py:545} INFO - Filling up the DagBag from /opt/airflow/dags/refrence_setup.py
[2025-12-29T03:12:39.474+0000] {processor.py:840} INFO - DAG(s) 'reference_setup' retrieved from /opt/airflow/dags/refrence_setup.py
[2025-12-29T03:12:39.501+0000] {logging_mixin.py:188} INFO - [2025-12-29T03:12:39.501+0000] {dag.py:3089} INFO - Sync 1 DAGs
[2025-12-29T03:12:39.522+0000] {logging_mixin.py:188} INFO - [2025-12-29T03:12:39.522+0000] {dag.py:3947} INFO - Setting next_dagrun for reference_setup to 2025-12-29 00:00:00+00:00, run_after=2025-12-30 00:00:00+00:00
[2025-12-29T03:12:39.539+0000] {processor.py:183} INFO - Processing /opt/airflow/dags/refrence_setup.py took 0.087 seconds
[2025-12-29T03:13:09.745+0000] {processor.py:161} INFO - Started process (PID=228) to work on /opt/airflow/dags/refrence_setup.py
[2025-12-29T03:13:09.745+0000] {processor.py:830} INFO - Processing file /opt/airflow/dags/refrence_setup.py for tasks to queue
[2025-12-29T03:13:09.747+0000] {logging_mixin.py:188} INFO - [2025-12-29T03:13:09.747+0000] {dagbag.py:545} INFO - Filling up the DagBag from /opt/airflow/dags/refrence_setup.py
[2025-12-29T03:13:09.763+0000] {processor.py:840} INFO - DAG(s) 'reference_setup' retrieved from /opt/airflow/dags/refrence_setup.py
[2025-12-29T03:13:09.787+0000] {logging_mixin.py:188} INFO - [2025-12-29T03:13:09.787+0000] {dag.py:3089} INFO - Sync 1 DAGs
[2025-12-29T03:13:09.806+0000] {logging_mixin.py:188} INFO - [2025-12-29T03:13:09.806+0000] {dag.py:3947} INFO - Setting next_dagrun for reference_setup to 2025-12-29 00:00:00+00:00, run_after=2025-12-30 00:00:00+00:00
[2025-12-29T03:13:09.822+0000] {processor.py:183} INFO - Processing /opt/airflow/dags/refrence_setup.py took 0.083 seconds
[2025-12-29T03:13:40.033+0000] {processor.py:161} INFO - Started process (PID=238) to work on /opt/airflow/dags/refrence_setup.py
[2025-12-29T03:13:40.034+0000] {processor.py:830} INFO - Processing file /opt/airflow/dags/refrence_setup.py for tasks to queue
[2025-12-29T03:13:40.035+0000] {logging_mixin.py:188} INFO - [2025-12-29T03:13:40.035+0000] {dagbag.py:545} INFO - Filling up the DagBag from /opt/airflow/dags/refrence_setup.py
[2025-12-29T03:13:40.054+0000] {processor.py:840} INFO - DAG(s) 'reference_setup' retrieved from /opt/airflow/dags/refrence_setup.py
[2025-12-29T03:13:40.086+0000] {logging_mixin.py:188} INFO - [2025-12-29T03:13:40.086+0000] {dag.py:3089} INFO - Sync 1 DAGs
[2025-12-29T03:13:40.107+0000] {logging_mixin.py:188} INFO - [2025-12-29T03:13:40.107+0000] {dag.py:3947} INFO - Setting next_dagrun for reference_setup to 2025-12-29 00:00:00+00:00, run_after=2025-12-30 00:00:00+00:00
[2025-12-29T03:13:40.126+0000] {processor.py:183} INFO - Processing /opt/airflow/dags/refrence_setup.py took 0.099 seconds
[2025-12-29T03:14:10.325+0000] {processor.py:161} INFO - Started process (PID=248) to work on /opt/airflow/dags/refrence_setup.py
[2025-12-29T03:14:10.325+0000] {processor.py:830} INFO - Processing file /opt/airflow/dags/refrence_setup.py for tasks to queue
[2025-12-29T03:14:10.326+0000] {logging_mixin.py:188} INFO - [2025-12-29T03:14:10.326+0000] {dagbag.py:545} INFO - Filling up the DagBag from /opt/airflow/dags/refrence_setup.py
[2025-12-29T03:14:10.341+0000] {processor.py:840} INFO - DAG(s) 'reference_setup' retrieved from /opt/airflow/dags/refrence_setup.py
[2025-12-29T03:14:10.369+0000] {logging_mixin.py:188} INFO - [2025-12-29T03:14:10.368+0000] {dag.py:3089} INFO - Sync 1 DAGs
[2025-12-29T03:14:10.387+0000] {logging_mixin.py:188} INFO - [2025-12-29T03:14:10.387+0000] {dag.py:3947} INFO - Setting next_dagrun for reference_setup to 2025-12-29 00:00:00+00:00, run_after=2025-12-30 00:00:00+00:00
[2025-12-29T03:14:10.406+0000] {processor.py:183} INFO - Processing /opt/airflow/dags/refrence_setup.py took 0.084 seconds
[2025-12-29T03:18:49.875+0000] {processor.py:161} INFO - Started process (PID=192) to work on /opt/airflow/dags/refrence_setup.py
[2025-12-29T03:18:49.876+0000] {processor.py:830} INFO - Processing file /opt/airflow/dags/refrence_setup.py for tasks to queue
[2025-12-29T03:18:49.878+0000] {logging_mixin.py:188} INFO - [2025-12-29T03:18:49.878+0000] {dagbag.py:545} INFO - Filling up the DagBag from /opt/airflow/dags/refrence_setup.py
[2025-12-29T03:18:49.896+0000] {processor.py:840} INFO - DAG(s) 'reference_setup' retrieved from /opt/airflow/dags/refrence_setup.py
[2025-12-29T03:18:50.255+0000] {logging_mixin.py:188} INFO - [2025-12-29T03:18:50.254+0000] {override.py:1858} INFO - Created Permission View: can edit on DAG:reference_setup
[2025-12-29T03:18:50.264+0000] {logging_mixin.py:188} INFO - [2025-12-29T03:18:50.263+0000] {override.py:1858} INFO - Created Permission View: can delete on DAG:reference_setup
[2025-12-29T03:18:50.270+0000] {logging_mixin.py:188} INFO - [2025-12-29T03:18:50.270+0000] {override.py:1858} INFO - Created Permission View: can read on DAG:reference_setup
[2025-12-29T03:18:50.270+0000] {logging_mixin.py:188} INFO - [2025-12-29T03:18:50.270+0000] {dag.py:3089} INFO - Sync 1 DAGs
[2025-12-29T03:18:50.279+0000] {logging_mixin.py:188} INFO - [2025-12-29T03:18:50.279+0000] {dag.py:3111} INFO - Creating ORM DAG for reference_setup
[2025-12-29T03:18:50.289+0000] {logging_mixin.py:188} INFO - [2025-12-29T03:18:50.289+0000] {dag.py:3947} INFO - Setting next_dagrun for reference_setup to 2025-12-28 00:00:00+00:00, run_after=2025-12-29 00:00:00+00:00
[2025-12-29T03:18:50.307+0000] {processor.py:183} INFO - Processing /opt/airflow/dags/refrence_setup.py took 0.437 seconds
[2025-12-29T03:19:20.661+0000] {processor.py:161} INFO - Started process (PID=208) to work on /opt/airflow/dags/refrence_setup.py
[2025-12-29T03:19:20.661+0000] {processor.py:830} INFO - Processing file /opt/airflow/dags/refrence_setup.py for tasks to queue
[2025-12-29T03:19:20.663+0000] {logging_mixin.py:188} INFO - [2025-12-29T03:19:20.663+0000] {dagbag.py:545} INFO - Filling up the DagBag from /opt/airflow/dags/refrence_setup.py
[2025-12-29T03:19:20.681+0000] {processor.py:840} INFO - DAG(s) 'reference_setup' retrieved from /opt/airflow/dags/refrence_setup.py
[2025-12-29T03:19:20.708+0000] {logging_mixin.py:188} INFO - [2025-12-29T03:19:20.708+0000] {dag.py:3089} INFO - Sync 1 DAGs
[2025-12-29T03:19:20.728+0000] {logging_mixin.py:188} INFO - [2025-12-29T03:19:20.728+0000] {dag.py:3947} INFO - Setting next_dagrun for reference_setup to 2025-12-29 00:00:00+00:00, run_after=2025-12-30 00:00:00+00:00
[2025-12-29T03:19:20.745+0000] {processor.py:183} INFO - Processing /opt/airflow/dags/refrence_setup.py took 0.091 seconds
[2025-12-29T03:19:50.946+0000] {processor.py:161} INFO - Started process (PID=218) to work on /opt/airflow/dags/refrence_setup.py
[2025-12-29T03:19:50.947+0000] {processor.py:830} INFO - Processing file /opt/airflow/dags/refrence_setup.py for tasks to queue
[2025-12-29T03:19:50.948+0000] {logging_mixin.py:188} INFO - [2025-12-29T03:19:50.948+0000] {dagbag.py:545} INFO - Filling up the DagBag from /opt/airflow/dags/refrence_setup.py
[2025-12-29T03:19:50.964+0000] {processor.py:840} INFO - DAG(s) 'reference_setup' retrieved from /opt/airflow/dags/refrence_setup.py
[2025-12-29T03:19:50.989+0000] {logging_mixin.py:188} INFO - [2025-12-29T03:19:50.989+0000] {dag.py:3089} INFO - Sync 1 DAGs
[2025-12-29T03:19:51.007+0000] {logging_mixin.py:188} INFO - [2025-12-29T03:19:51.007+0000] {dag.py:3947} INFO - Setting next_dagrun for reference_setup to 2025-12-29 00:00:00+00:00, run_after=2025-12-30 00:00:00+00:00
[2025-12-29T03:19:51.023+0000] {processor.py:183} INFO - Processing /opt/airflow/dags/refrence_setup.py took 0.082 seconds
[2025-12-29T03:20:21.139+0000] {processor.py:161} INFO - Started process (PID=228) to work on /opt/airflow/dags/refrence_setup.py
[2025-12-29T03:20:21.140+0000] {processor.py:830} INFO - Processing file /opt/airflow/dags/refrence_setup.py for tasks to queue
[2025-12-29T03:20:21.141+0000] {logging_mixin.py:188} INFO - [2025-12-29T03:20:21.141+0000] {dagbag.py:545} INFO - Filling up the DagBag from /opt/airflow/dags/refrence_setup.py
[2025-12-29T03:20:21.158+0000] {processor.py:840} INFO - DAG(s) 'reference_setup' retrieved from /opt/airflow/dags/refrence_setup.py
[2025-12-29T03:20:21.185+0000] {logging_mixin.py:188} INFO - [2025-12-29T03:20:21.185+0000] {dag.py:3089} INFO - Sync 1 DAGs
[2025-12-29T03:20:21.206+0000] {logging_mixin.py:188} INFO - [2025-12-29T03:20:21.206+0000] {dag.py:3947} INFO - Setting next_dagrun for reference_setup to 2025-12-29 00:00:00+00:00, run_after=2025-12-30 00:00:00+00:00
[2025-12-29T03:20:21.222+0000] {processor.py:183} INFO - Processing /opt/airflow/dags/refrence_setup.py took 0.088 seconds
[2025-12-29T03:20:51.429+0000] {processor.py:161} INFO - Started process (PID=238) to work on /opt/airflow/dags/refrence_setup.py
[2025-12-29T03:20:51.430+0000] {processor.py:830} INFO - Processing file /opt/airflow/dags/refrence_setup.py for tasks to queue
[2025-12-29T03:20:51.431+0000] {logging_mixin.py:188} INFO - [2025-12-29T03:20:51.431+0000] {dagbag.py:545} INFO - Filling up the DagBag from /opt/airflow/dags/refrence_setup.py
[2025-12-29T03:20:51.446+0000] {processor.py:840} INFO - DAG(s) 'reference_setup' retrieved from /opt/airflow/dags/refrence_setup.py
[2025-12-29T03:20:51.474+0000] {logging_mixin.py:188} INFO - [2025-12-29T03:20:51.473+0000] {dag.py:3089} INFO - Sync 1 DAGs
[2025-12-29T03:20:51.494+0000] {logging_mixin.py:188} INFO - [2025-12-29T03:20:51.494+0000] {dag.py:3947} INFO - Setting next_dagrun for reference_setup to 2025-12-29 00:00:00+00:00, run_after=2025-12-30 00:00:00+00:00
[2025-12-29T03:20:51.511+0000] {processor.py:183} INFO - Processing /opt/airflow/dags/refrence_setup.py took 0.085 seconds
[2025-12-29T03:21:21.713+0000] {processor.py:161} INFO - Started process (PID=248) to work on /opt/airflow/dags/refrence_setup.py
[2025-12-29T03:21:21.714+0000] {processor.py:830} INFO - Processing file /opt/airflow/dags/refrence_setup.py for tasks to queue
[2025-12-29T03:21:21.715+0000] {logging_mixin.py:188} INFO - [2025-12-29T03:21:21.715+0000] {dagbag.py:545} INFO - Filling up the DagBag from /opt/airflow/dags/refrence_setup.py
[2025-12-29T03:21:21.730+0000] {processor.py:840} INFO - DAG(s) 'reference_setup' retrieved from /opt/airflow/dags/refrence_setup.py
[2025-12-29T03:21:21.757+0000] {logging_mixin.py:188} INFO - [2025-12-29T03:21:21.757+0000] {dag.py:3089} INFO - Sync 1 DAGs
[2025-12-29T03:21:21.776+0000] {logging_mixin.py:188} INFO - [2025-12-29T03:21:21.776+0000] {dag.py:3947} INFO - Setting next_dagrun for reference_setup to 2025-12-29 00:00:00+00:00, run_after=2025-12-30 00:00:00+00:00
[2025-12-29T03:21:21.791+0000] {processor.py:183} INFO - Processing /opt/airflow/dags/refrence_setup.py took 0.081 seconds
[2025-12-29T03:21:51.993+0000] {processor.py:161} INFO - Started process (PID=258) to work on /opt/airflow/dags/refrence_setup.py
[2025-12-29T03:21:51.994+0000] {processor.py:830} INFO - Processing file /opt/airflow/dags/refrence_setup.py for tasks to queue
[2025-12-29T03:21:51.995+0000] {logging_mixin.py:188} INFO - [2025-12-29T03:21:51.995+0000] {dagbag.py:545} INFO - Filling up the DagBag from /opt/airflow/dags/refrence_setup.py
[2025-12-29T03:21:52.010+0000] {processor.py:840} INFO - DAG(s) 'reference_setup' retrieved from /opt/airflow/dags/refrence_setup.py
[2025-12-29T03:21:52.038+0000] {logging_mixin.py:188} INFO - [2025-12-29T03:21:52.038+0000] {dag.py:3089} INFO - Sync 1 DAGs
[2025-12-29T03:21:52.061+0000] {logging_mixin.py:188} INFO - [2025-12-29T03:21:52.061+0000] {dag.py:3947} INFO - Setting next_dagrun for reference_setup to 2025-12-29 00:00:00+00:00, run_after=2025-12-30 00:00:00+00:00
[2025-12-29T03:21:52.080+0000] {processor.py:183} INFO - Processing /opt/airflow/dags/refrence_setup.py took 0.091 seconds
[2025-12-29T03:22:22.284+0000] {processor.py:161} INFO - Started process (PID=268) to work on /opt/airflow/dags/refrence_setup.py
[2025-12-29T03:22:22.285+0000] {processor.py:830} INFO - Processing file /opt/airflow/dags/refrence_setup.py for tasks to queue
[2025-12-29T03:22:22.286+0000] {logging_mixin.py:188} INFO - [2025-12-29T03:22:22.286+0000] {dagbag.py:545} INFO - Filling up the DagBag from /opt/airflow/dags/refrence_setup.py
[2025-12-29T03:22:22.302+0000] {processor.py:840} INFO - DAG(s) 'reference_setup' retrieved from /opt/airflow/dags/refrence_setup.py
[2025-12-29T03:22:22.330+0000] {logging_mixin.py:188} INFO - [2025-12-29T03:22:22.329+0000] {dag.py:3089} INFO - Sync 1 DAGs
[2025-12-29T03:22:22.351+0000] {logging_mixin.py:188} INFO - [2025-12-29T03:22:22.351+0000] {dag.py:3947} INFO - Setting next_dagrun for reference_setup to 2025-12-29 00:00:00+00:00, run_after=2025-12-30 00:00:00+00:00
[2025-12-29T03:22:22.371+0000] {processor.py:183} INFO - Processing /opt/airflow/dags/refrence_setup.py took 0.091 seconds
[2025-12-29T03:22:52.584+0000] {processor.py:161} INFO - Started process (PID=278) to work on /opt/airflow/dags/refrence_setup.py
[2025-12-29T03:22:52.585+0000] {processor.py:830} INFO - Processing file /opt/airflow/dags/refrence_setup.py for tasks to queue
[2025-12-29T03:22:52.586+0000] {logging_mixin.py:188} INFO - [2025-12-29T03:22:52.586+0000] {dagbag.py:545} INFO - Filling up the DagBag from /opt/airflow/dags/refrence_setup.py
[2025-12-29T03:22:52.601+0000] {processor.py:840} INFO - DAG(s) 'reference_setup' retrieved from /opt/airflow/dags/refrence_setup.py
[2025-12-29T03:22:52.628+0000] {logging_mixin.py:188} INFO - [2025-12-29T03:22:52.627+0000] {dag.py:3089} INFO - Sync 1 DAGs
[2025-12-29T03:22:52.648+0000] {logging_mixin.py:188} INFO - [2025-12-29T03:22:52.648+0000] {dag.py:3947} INFO - Setting next_dagrun for reference_setup to 2025-12-29 00:00:00+00:00, run_after=2025-12-30 00:00:00+00:00
[2025-12-29T03:22:52.665+0000] {processor.py:183} INFO - Processing /opt/airflow/dags/refrence_setup.py took 0.085 seconds
[2025-12-29T03:23:22.875+0000] {processor.py:161} INFO - Started process (PID=288) to work on /opt/airflow/dags/refrence_setup.py
[2025-12-29T03:23:22.875+0000] {processor.py:830} INFO - Processing file /opt/airflow/dags/refrence_setup.py for tasks to queue
[2025-12-29T03:23:22.877+0000] {logging_mixin.py:188} INFO - [2025-12-29T03:23:22.876+0000] {dagbag.py:545} INFO - Filling up the DagBag from /opt/airflow/dags/refrence_setup.py
[2025-12-29T03:23:22.895+0000] {processor.py:840} INFO - DAG(s) 'reference_setup' retrieved from /opt/airflow/dags/refrence_setup.py
[2025-12-29T03:23:22.928+0000] {logging_mixin.py:188} INFO - [2025-12-29T03:23:22.928+0000] {dag.py:3089} INFO - Sync 1 DAGs
[2025-12-29T03:23:22.954+0000] {logging_mixin.py:188} INFO - [2025-12-29T03:23:22.953+0000] {dag.py:3947} INFO - Setting next_dagrun for reference_setup to 2025-12-29 00:00:00+00:00, run_after=2025-12-30 00:00:00+00:00
[2025-12-29T03:23:22.974+0000] {processor.py:183} INFO - Processing /opt/airflow/dags/refrence_setup.py took 0.104 seconds
[2025-12-29T03:23:53.196+0000] {processor.py:161} INFO - Started process (PID=298) to work on /opt/airflow/dags/refrence_setup.py
[2025-12-29T03:23:53.197+0000] {processor.py:830} INFO - Processing file /opt/airflow/dags/refrence_setup.py for tasks to queue
[2025-12-29T03:23:53.198+0000] {logging_mixin.py:188} INFO - [2025-12-29T03:23:53.198+0000] {dagbag.py:545} INFO - Filling up the DagBag from /opt/airflow/dags/refrence_setup.py
[2025-12-29T03:23:53.211+0000] {processor.py:840} INFO - DAG(s) 'reference_setup' retrieved from /opt/airflow/dags/refrence_setup.py
[2025-12-29T03:23:53.236+0000] {logging_mixin.py:188} INFO - [2025-12-29T03:23:53.236+0000] {dag.py:3089} INFO - Sync 1 DAGs
[2025-12-29T03:23:53.255+0000] {logging_mixin.py:188} INFO - [2025-12-29T03:23:53.255+0000] {dag.py:3947} INFO - Setting next_dagrun for reference_setup to 2025-12-29 00:00:00+00:00, run_after=2025-12-30 00:00:00+00:00
[2025-12-29T03:23:53.270+0000] {processor.py:183} INFO - Processing /opt/airflow/dags/refrence_setup.py took 0.078 seconds
[2025-12-29T03:24:23.475+0000] {processor.py:161} INFO - Started process (PID=308) to work on /opt/airflow/dags/refrence_setup.py
[2025-12-29T03:24:23.475+0000] {processor.py:830} INFO - Processing file /opt/airflow/dags/refrence_setup.py for tasks to queue
[2025-12-29T03:24:23.477+0000] {logging_mixin.py:188} INFO - [2025-12-29T03:24:23.476+0000] {dagbag.py:545} INFO - Filling up the DagBag from /opt/airflow/dags/refrence_setup.py
[2025-12-29T03:24:23.492+0000] {processor.py:840} INFO - DAG(s) 'reference_setup' retrieved from /opt/airflow/dags/refrence_setup.py
[2025-12-29T03:24:23.518+0000] {logging_mixin.py:188} INFO - [2025-12-29T03:24:23.518+0000] {dag.py:3089} INFO - Sync 1 DAGs
[2025-12-29T03:24:23.537+0000] {logging_mixin.py:188} INFO - [2025-12-29T03:24:23.536+0000] {dag.py:3947} INFO - Setting next_dagrun for reference_setup to 2025-12-29 00:00:00+00:00, run_after=2025-12-30 00:00:00+00:00
[2025-12-29T03:24:23.551+0000] {processor.py:183} INFO - Processing /opt/airflow/dags/refrence_setup.py took 0.081 seconds
[2025-12-29T03:24:53.775+0000] {processor.py:161} INFO - Started process (PID=318) to work on /opt/airflow/dags/refrence_setup.py
[2025-12-29T03:24:53.775+0000] {processor.py:830} INFO - Processing file /opt/airflow/dags/refrence_setup.py for tasks to queue
[2025-12-29T03:24:53.777+0000] {logging_mixin.py:188} INFO - [2025-12-29T03:24:53.777+0000] {dagbag.py:545} INFO - Filling up the DagBag from /opt/airflow/dags/refrence_setup.py
[2025-12-29T03:24:53.793+0000] {processor.py:840} INFO - DAG(s) 'reference_setup' retrieved from /opt/airflow/dags/refrence_setup.py
[2025-12-29T03:24:53.821+0000] {logging_mixin.py:188} INFO - [2025-12-29T03:24:53.821+0000] {dag.py:3089} INFO - Sync 1 DAGs
[2025-12-29T03:24:53.843+0000] {logging_mixin.py:188} INFO - [2025-12-29T03:24:53.843+0000] {dag.py:3947} INFO - Setting next_dagrun for reference_setup to 2025-12-29 00:00:00+00:00, run_after=2025-12-30 00:00:00+00:00
[2025-12-29T03:24:53.860+0000] {processor.py:183} INFO - Processing /opt/airflow/dags/refrence_setup.py took 0.091 seconds
[2025-12-29T03:25:24.070+0000] {processor.py:161} INFO - Started process (PID=328) to work on /opt/airflow/dags/refrence_setup.py
[2025-12-29T03:25:24.071+0000] {processor.py:830} INFO - Processing file /opt/airflow/dags/refrence_setup.py for tasks to queue
[2025-12-29T03:25:24.072+0000] {logging_mixin.py:188} INFO - [2025-12-29T03:25:24.072+0000] {dagbag.py:545} INFO - Filling up the DagBag from /opt/airflow/dags/refrence_setup.py
[2025-12-29T03:25:24.087+0000] {processor.py:840} INFO - DAG(s) 'reference_setup' retrieved from /opt/airflow/dags/refrence_setup.py
[2025-12-29T03:25:24.113+0000] {logging_mixin.py:188} INFO - [2025-12-29T03:25:24.113+0000] {dag.py:3089} INFO - Sync 1 DAGs
[2025-12-29T03:25:24.133+0000] {logging_mixin.py:188} INFO - [2025-12-29T03:25:24.133+0000] {dag.py:3947} INFO - Setting next_dagrun for reference_setup to 2025-12-29 00:00:00+00:00, run_after=2025-12-30 00:00:00+00:00
[2025-12-29T03:25:24.151+0000] {processor.py:183} INFO - Processing /opt/airflow/dags/refrence_setup.py took 0.085 seconds
[2025-12-29T03:25:54.353+0000] {processor.py:161} INFO - Started process (PID=338) to work on /opt/airflow/dags/refrence_setup.py
[2025-12-29T03:25:54.353+0000] {processor.py:830} INFO - Processing file /opt/airflow/dags/refrence_setup.py for tasks to queue
[2025-12-29T03:25:54.354+0000] {logging_mixin.py:188} INFO - [2025-12-29T03:25:54.354+0000] {dagbag.py:545} INFO - Filling up the DagBag from /opt/airflow/dags/refrence_setup.py
[2025-12-29T03:25:54.368+0000] {processor.py:840} INFO - DAG(s) 'reference_setup' retrieved from /opt/airflow/dags/refrence_setup.py
[2025-12-29T03:25:54.392+0000] {logging_mixin.py:188} INFO - [2025-12-29T03:25:54.392+0000] {dag.py:3089} INFO - Sync 1 DAGs
[2025-12-29T03:25:54.413+0000] {logging_mixin.py:188} INFO - [2025-12-29T03:25:54.412+0000] {dag.py:3947} INFO - Setting next_dagrun for reference_setup to 2025-12-29 00:00:00+00:00, run_after=2025-12-30 00:00:00+00:00
[2025-12-29T03:25:54.428+0000] {processor.py:183} INFO - Processing /opt/airflow/dags/refrence_setup.py took 0.079 seconds
[2025-12-29T03:26:24.643+0000] {processor.py:161} INFO - Started process (PID=348) to work on /opt/airflow/dags/refrence_setup.py
[2025-12-29T03:26:24.644+0000] {processor.py:830} INFO - Processing file /opt/airflow/dags/refrence_setup.py for tasks to queue
[2025-12-29T03:26:24.646+0000] {logging_mixin.py:188} INFO - [2025-12-29T03:26:24.645+0000] {dagbag.py:545} INFO - Filling up the DagBag from /opt/airflow/dags/refrence_setup.py
[2025-12-29T03:26:24.663+0000] {processor.py:840} INFO - DAG(s) 'reference_setup' retrieved from /opt/airflow/dags/refrence_setup.py
[2025-12-29T03:26:24.692+0000] {logging_mixin.py:188} INFO - [2025-12-29T03:26:24.692+0000] {dag.py:3089} INFO - Sync 1 DAGs
[2025-12-29T03:26:24.714+0000] {logging_mixin.py:188} INFO - [2025-12-29T03:26:24.714+0000] {dag.py:3947} INFO - Setting next_dagrun for reference_setup to 2025-12-29 00:00:00+00:00, run_after=2025-12-30 00:00:00+00:00
[2025-12-29T03:26:24.732+0000] {processor.py:183} INFO - Processing /opt/airflow/dags/refrence_setup.py took 0.093 seconds
[2025-12-29T03:29:37.810+0000] {processor.py:161} INFO - Started process (PID=192) to work on /opt/airflow/dags/refrence_setup.py
[2025-12-29T03:29:37.811+0000] {processor.py:830} INFO - Processing file /opt/airflow/dags/refrence_setup.py for tasks to queue
[2025-12-29T03:29:37.813+0000] {logging_mixin.py:188} INFO - [2025-12-29T03:29:37.812+0000] {dagbag.py:545} INFO - Filling up the DagBag from /opt/airflow/dags/refrence_setup.py
[2025-12-29T03:29:37.830+0000] {processor.py:840} INFO - DAG(s) 'reference_setup' retrieved from /opt/airflow/dags/refrence_setup.py
[2025-12-29T03:29:38.162+0000] {logging_mixin.py:188} INFO - [2025-12-29T03:29:38.162+0000] {override.py:1858} INFO - Created Permission View: can delete on DAG:reference_setup
[2025-12-29T03:29:38.171+0000] {logging_mixin.py:188} INFO - [2025-12-29T03:29:38.170+0000] {override.py:1858} INFO - Created Permission View: can read on DAG:reference_setup
[2025-12-29T03:29:38.176+0000] {logging_mixin.py:188} INFO - [2025-12-29T03:29:38.175+0000] {override.py:1858} INFO - Created Permission View: can edit on DAG:reference_setup
[2025-12-29T03:29:38.176+0000] {logging_mixin.py:188} INFO - [2025-12-29T03:29:38.176+0000] {dag.py:3089} INFO - Sync 1 DAGs
[2025-12-29T03:29:38.184+0000] {logging_mixin.py:188} INFO - [2025-12-29T03:29:38.184+0000] {dag.py:3111} INFO - Creating ORM DAG for reference_setup
[2025-12-29T03:29:38.193+0000] {logging_mixin.py:188} INFO - [2025-12-29T03:29:38.193+0000] {dag.py:3947} INFO - Setting next_dagrun for reference_setup to 2025-12-28 00:00:00+00:00, run_after=2025-12-29 00:00:00+00:00
[2025-12-29T03:29:38.212+0000] {processor.py:183} INFO - Processing /opt/airflow/dags/refrence_setup.py took 0.406 seconds
[2025-12-29T03:30:08.574+0000] {processor.py:161} INFO - Started process (PID=208) to work on /opt/airflow/dags/refrence_setup.py
[2025-12-29T03:30:08.575+0000] {processor.py:830} INFO - Processing file /opt/airflow/dags/refrence_setup.py for tasks to queue
[2025-12-29T03:30:08.577+0000] {logging_mixin.py:188} INFO - [2025-12-29T03:30:08.577+0000] {dagbag.py:545} INFO - Filling up the DagBag from /opt/airflow/dags/refrence_setup.py
[2025-12-29T03:30:08.596+0000] {processor.py:840} INFO - DAG(s) 'reference_setup' retrieved from /opt/airflow/dags/refrence_setup.py
[2025-12-29T03:30:08.627+0000] {logging_mixin.py:188} INFO - [2025-12-29T03:30:08.627+0000] {dag.py:3089} INFO - Sync 1 DAGs
[2025-12-29T03:30:08.649+0000] {logging_mixin.py:188} INFO - [2025-12-29T03:30:08.649+0000] {dag.py:3947} INFO - Setting next_dagrun for reference_setup to 2025-12-29 00:00:00+00:00, run_after=2025-12-30 00:00:00+00:00
[2025-12-29T03:30:08.673+0000] {processor.py:183} INFO - Processing /opt/airflow/dags/refrence_setup.py took 0.104 seconds
[2025-12-29T03:30:38.884+0000] {processor.py:161} INFO - Started process (PID=218) to work on /opt/airflow/dags/refrence_setup.py
[2025-12-29T03:30:38.885+0000] {processor.py:830} INFO - Processing file /opt/airflow/dags/refrence_setup.py for tasks to queue
[2025-12-29T03:30:38.886+0000] {logging_mixin.py:188} INFO - [2025-12-29T03:30:38.886+0000] {dagbag.py:545} INFO - Filling up the DagBag from /opt/airflow/dags/refrence_setup.py
[2025-12-29T03:30:38.902+0000] {processor.py:840} INFO - DAG(s) 'reference_setup' retrieved from /opt/airflow/dags/refrence_setup.py
[2025-12-29T03:30:38.929+0000] {logging_mixin.py:188} INFO - [2025-12-29T03:30:38.929+0000] {dag.py:3089} INFO - Sync 1 DAGs
[2025-12-29T03:30:38.950+0000] {logging_mixin.py:188} INFO - [2025-12-29T03:30:38.949+0000] {dag.py:3947} INFO - Setting next_dagrun for reference_setup to 2025-12-29 00:00:00+00:00, run_after=2025-12-30 00:00:00+00:00
[2025-12-29T03:30:38.964+0000] {processor.py:183} INFO - Processing /opt/airflow/dags/refrence_setup.py took 0.086 seconds
[2025-12-29T03:31:09.080+0000] {processor.py:161} INFO - Started process (PID=228) to work on /opt/airflow/dags/refrence_setup.py
[2025-12-29T03:31:09.080+0000] {processor.py:830} INFO - Processing file /opt/airflow/dags/refrence_setup.py for tasks to queue
[2025-12-29T03:31:09.082+0000] {logging_mixin.py:188} INFO - [2025-12-29T03:31:09.081+0000] {dagbag.py:545} INFO - Filling up the DagBag from /opt/airflow/dags/refrence_setup.py
[2025-12-29T03:31:09.098+0000] {processor.py:840} INFO - DAG(s) 'reference_setup' retrieved from /opt/airflow/dags/refrence_setup.py
[2025-12-29T03:31:09.126+0000] {logging_mixin.py:188} INFO - [2025-12-29T03:31:09.126+0000] {dag.py:3089} INFO - Sync 1 DAGs
[2025-12-29T03:31:09.147+0000] {logging_mixin.py:188} INFO - [2025-12-29T03:31:09.147+0000] {dag.py:3947} INFO - Setting next_dagrun for reference_setup to 2025-12-29 00:00:00+00:00, run_after=2025-12-30 00:00:00+00:00
[2025-12-29T03:31:09.162+0000] {processor.py:183} INFO - Processing /opt/airflow/dags/refrence_setup.py took 0.086 seconds
[2025-12-29T03:31:39.372+0000] {processor.py:161} INFO - Started process (PID=238) to work on /opt/airflow/dags/refrence_setup.py
[2025-12-29T03:31:39.373+0000] {processor.py:830} INFO - Processing file /opt/airflow/dags/refrence_setup.py for tasks to queue
[2025-12-29T03:31:39.375+0000] {logging_mixin.py:188} INFO - [2025-12-29T03:31:39.374+0000] {dagbag.py:545} INFO - Filling up the DagBag from /opt/airflow/dags/refrence_setup.py
[2025-12-29T03:31:39.392+0000] {processor.py:840} INFO - DAG(s) 'reference_setup' retrieved from /opt/airflow/dags/refrence_setup.py
[2025-12-29T03:31:39.421+0000] {logging_mixin.py:188} INFO - [2025-12-29T03:31:39.421+0000] {dag.py:3089} INFO - Sync 1 DAGs
[2025-12-29T03:31:39.443+0000] {logging_mixin.py:188} INFO - [2025-12-29T03:31:39.442+0000] {dag.py:3947} INFO - Setting next_dagrun for reference_setup to 2025-12-29 00:00:00+00:00, run_after=2025-12-30 00:00:00+00:00
[2025-12-29T03:31:39.462+0000] {processor.py:183} INFO - Processing /opt/airflow/dags/refrence_setup.py took 0.096 seconds
[2025-12-29T03:32:09.701+0000] {processor.py:161} INFO - Started process (PID=248) to work on /opt/airflow/dags/refrence_setup.py
[2025-12-29T03:32:09.702+0000] {processor.py:830} INFO - Processing file /opt/airflow/dags/refrence_setup.py for tasks to queue
[2025-12-29T03:32:09.704+0000] {logging_mixin.py:188} INFO - [2025-12-29T03:32:09.703+0000] {dagbag.py:545} INFO - Filling up the DagBag from /opt/airflow/dags/refrence_setup.py
[2025-12-29T03:32:09.729+0000] {processor.py:840} INFO - DAG(s) 'reference_setup' retrieved from /opt/airflow/dags/refrence_setup.py
[2025-12-29T03:32:09.763+0000] {logging_mixin.py:188} INFO - [2025-12-29T03:32:09.763+0000] {dag.py:3089} INFO - Sync 1 DAGs
[2025-12-29T03:32:09.786+0000] {logging_mixin.py:188} INFO - [2025-12-29T03:32:09.786+0000] {dag.py:3947} INFO - Setting next_dagrun for reference_setup to 2025-12-29 00:00:00+00:00, run_after=2025-12-30 00:00:00+00:00
[2025-12-29T03:32:09.805+0000] {processor.py:183} INFO - Processing /opt/airflow/dags/refrence_setup.py took 0.113 seconds
[2025-12-29T03:32:40.014+0000] {processor.py:161} INFO - Started process (PID=258) to work on /opt/airflow/dags/refrence_setup.py
[2025-12-29T03:32:40.015+0000] {processor.py:830} INFO - Processing file /opt/airflow/dags/refrence_setup.py for tasks to queue
[2025-12-29T03:32:40.018+0000] {logging_mixin.py:188} INFO - [2025-12-29T03:32:40.017+0000] {dagbag.py:545} INFO - Filling up the DagBag from /opt/airflow/dags/refrence_setup.py
[2025-12-29T03:32:40.043+0000] {processor.py:840} INFO - DAG(s) 'reference_setup' retrieved from /opt/airflow/dags/refrence_setup.py
[2025-12-29T03:32:40.082+0000] {logging_mixin.py:188} INFO - [2025-12-29T03:32:40.081+0000] {dag.py:3089} INFO - Sync 1 DAGs
[2025-12-29T03:32:40.106+0000] {logging_mixin.py:188} INFO - [2025-12-29T03:32:40.106+0000] {dag.py:3947} INFO - Setting next_dagrun for reference_setup to 2025-12-29 00:00:00+00:00, run_after=2025-12-30 00:00:00+00:00
[2025-12-29T03:32:40.131+0000] {processor.py:183} INFO - Processing /opt/airflow/dags/refrence_setup.py took 0.126 seconds
[2025-12-29T03:33:10.342+0000] {processor.py:161} INFO - Started process (PID=268) to work on /opt/airflow/dags/refrence_setup.py
[2025-12-29T03:33:10.343+0000] {processor.py:830} INFO - Processing file /opt/airflow/dags/refrence_setup.py for tasks to queue
[2025-12-29T03:33:10.344+0000] {logging_mixin.py:188} INFO - [2025-12-29T03:33:10.344+0000] {dagbag.py:545} INFO - Filling up the DagBag from /opt/airflow/dags/refrence_setup.py
[2025-12-29T03:33:10.359+0000] {processor.py:840} INFO - DAG(s) 'reference_setup' retrieved from /opt/airflow/dags/refrence_setup.py
[2025-12-29T03:33:10.386+0000] {logging_mixin.py:188} INFO - [2025-12-29T03:33:10.386+0000] {dag.py:3089} INFO - Sync 1 DAGs
[2025-12-29T03:33:10.406+0000] {logging_mixin.py:188} INFO - [2025-12-29T03:33:10.406+0000] {dag.py:3947} INFO - Setting next_dagrun for reference_setup to 2025-12-29 00:00:00+00:00, run_after=2025-12-30 00:00:00+00:00
[2025-12-29T03:33:10.423+0000] {processor.py:183} INFO - Processing /opt/airflow/dags/refrence_setup.py took 0.085 seconds
[2025-12-29T03:33:40.627+0000] {processor.py:161} INFO - Started process (PID=278) to work on /opt/airflow/dags/refrence_setup.py
[2025-12-29T03:33:40.628+0000] {processor.py:830} INFO - Processing file /opt/airflow/dags/refrence_setup.py for tasks to queue
[2025-12-29T03:33:40.629+0000] {logging_mixin.py:188} INFO - [2025-12-29T03:33:40.629+0000] {dagbag.py:545} INFO - Filling up the DagBag from /opt/airflow/dags/refrence_setup.py
[2025-12-29T03:33:40.645+0000] {processor.py:840} INFO - DAG(s) 'reference_setup' retrieved from /opt/airflow/dags/refrence_setup.py
[2025-12-29T03:33:40.673+0000] {logging_mixin.py:188} INFO - [2025-12-29T03:33:40.673+0000] {dag.py:3089} INFO - Sync 1 DAGs
[2025-12-29T03:33:40.696+0000] {logging_mixin.py:188} INFO - [2025-12-29T03:33:40.696+0000] {dag.py:3947} INFO - Setting next_dagrun for reference_setup to 2025-12-29 00:00:00+00:00, run_after=2025-12-30 00:00:00+00:00
[2025-12-29T03:33:40.714+0000] {processor.py:183} INFO - Processing /opt/airflow/dags/refrence_setup.py took 0.092 seconds
[2025-12-29T03:34:10.942+0000] {processor.py:161} INFO - Started process (PID=294) to work on /opt/airflow/dags/refrence_setup.py
[2025-12-29T03:34:10.943+0000] {processor.py:830} INFO - Processing file /opt/airflow/dags/refrence_setup.py for tasks to queue
[2025-12-29T03:34:10.945+0000] {logging_mixin.py:188} INFO - [2025-12-29T03:34:10.945+0000] {dagbag.py:545} INFO - Filling up the DagBag from /opt/airflow/dags/refrence_setup.py
[2025-12-29T03:34:10.971+0000] {processor.py:840} INFO - DAG(s) 'reference_setup' retrieved from /opt/airflow/dags/refrence_setup.py
[2025-12-29T03:34:11.011+0000] {logging_mixin.py:188} INFO - [2025-12-29T03:34:11.010+0000] {dag.py:3089} INFO - Sync 1 DAGs
[2025-12-29T03:34:11.056+0000] {processor.py:183} INFO - Processing /opt/airflow/dags/refrence_setup.py took 0.122 seconds
[2025-12-29T03:34:41.289+0000] {processor.py:161} INFO - Started process (PID=304) to work on /opt/airflow/dags/refrence_setup.py
[2025-12-29T03:34:41.289+0000] {processor.py:830} INFO - Processing file /opt/airflow/dags/refrence_setup.py for tasks to queue
[2025-12-29T03:34:41.291+0000] {logging_mixin.py:188} INFO - [2025-12-29T03:34:41.290+0000] {dagbag.py:545} INFO - Filling up the DagBag from /opt/airflow/dags/refrence_setup.py
[2025-12-29T03:34:41.305+0000] {processor.py:840} INFO - DAG(s) 'reference_setup' retrieved from /opt/airflow/dags/refrence_setup.py
[2025-12-29T03:34:41.331+0000] {logging_mixin.py:188} INFO - [2025-12-29T03:34:41.330+0000] {dag.py:3089} INFO - Sync 1 DAGs
[2025-12-29T03:34:41.353+0000] {logging_mixin.py:188} INFO - [2025-12-29T03:34:41.352+0000] {dag.py:3947} INFO - Setting next_dagrun for reference_setup to 2025-12-29 00:00:00+00:00, run_after=2025-12-30 00:00:00+00:00
[2025-12-29T03:34:41.370+0000] {processor.py:183} INFO - Processing /opt/airflow/dags/refrence_setup.py took 0.085 seconds
[2025-12-29T03:35:11.586+0000] {processor.py:161} INFO - Started process (PID=314) to work on /opt/airflow/dags/refrence_setup.py
[2025-12-29T03:35:11.587+0000] {processor.py:830} INFO - Processing file /opt/airflow/dags/refrence_setup.py for tasks to queue
[2025-12-29T03:35:11.588+0000] {logging_mixin.py:188} INFO - [2025-12-29T03:35:11.588+0000] {dagbag.py:545} INFO - Filling up the DagBag from /opt/airflow/dags/refrence_setup.py
[2025-12-29T03:35:11.604+0000] {processor.py:840} INFO - DAG(s) 'reference_setup' retrieved from /opt/airflow/dags/refrence_setup.py
[2025-12-29T03:35:11.637+0000] {logging_mixin.py:188} INFO - [2025-12-29T03:35:11.636+0000] {dag.py:3089} INFO - Sync 1 DAGs
[2025-12-29T03:35:11.660+0000] {logging_mixin.py:188} INFO - [2025-12-29T03:35:11.659+0000] {dag.py:3947} INFO - Setting next_dagrun for reference_setup to 2025-12-29 00:00:00+00:00, run_after=2025-12-30 00:00:00+00:00
[2025-12-29T03:35:11.679+0000] {processor.py:183} INFO - Processing /opt/airflow/dags/refrence_setup.py took 0.097 seconds
[2025-12-29T03:35:41.874+0000] {processor.py:161} INFO - Started process (PID=330) to work on /opt/airflow/dags/refrence_setup.py
[2025-12-29T03:35:41.874+0000] {processor.py:830} INFO - Processing file /opt/airflow/dags/refrence_setup.py for tasks to queue
[2025-12-29T03:35:41.876+0000] {logging_mixin.py:188} INFO - [2025-12-29T03:35:41.875+0000] {dagbag.py:545} INFO - Filling up the DagBag from /opt/airflow/dags/refrence_setup.py
[2025-12-29T03:35:41.890+0000] {processor.py:840} INFO - DAG(s) 'reference_setup' retrieved from /opt/airflow/dags/refrence_setup.py
[2025-12-29T03:35:41.914+0000] {logging_mixin.py:188} INFO - [2025-12-29T03:35:41.913+0000] {dag.py:3089} INFO - Sync 1 DAGs
[2025-12-29T03:35:41.933+0000] {logging_mixin.py:188} INFO - [2025-12-29T03:35:41.933+0000] {dag.py:3947} INFO - Setting next_dagrun for reference_setup to 2025-12-29 00:00:00+00:00, run_after=2025-12-30 00:00:00+00:00
[2025-12-29T03:35:41.949+0000] {processor.py:183} INFO - Processing /opt/airflow/dags/refrence_setup.py took 0.080 seconds
[2025-12-29T03:36:12.148+0000] {processor.py:161} INFO - Started process (PID=340) to work on /opt/airflow/dags/refrence_setup.py
[2025-12-29T03:36:12.149+0000] {processor.py:830} INFO - Processing file /opt/airflow/dags/refrence_setup.py for tasks to queue
[2025-12-29T03:36:12.150+0000] {logging_mixin.py:188} INFO - [2025-12-29T03:36:12.150+0000] {dagbag.py:545} INFO - Filling up the DagBag from /opt/airflow/dags/refrence_setup.py
[2025-12-29T03:36:12.166+0000] {processor.py:840} INFO - DAG(s) 'reference_setup' retrieved from /opt/airflow/dags/refrence_setup.py
[2025-12-29T03:36:12.192+0000] {logging_mixin.py:188} INFO - [2025-12-29T03:36:12.192+0000] {dag.py:3089} INFO - Sync 1 DAGs
[2025-12-29T03:36:12.212+0000] {logging_mixin.py:188} INFO - [2025-12-29T03:36:12.212+0000] {dag.py:3947} INFO - Setting next_dagrun for reference_setup to 2025-12-29 00:00:00+00:00, run_after=2025-12-30 00:00:00+00:00
[2025-12-29T03:36:12.231+0000] {processor.py:183} INFO - Processing /opt/airflow/dags/refrence_setup.py took 0.086 seconds
[2025-12-29T03:36:42.433+0000] {processor.py:161} INFO - Started process (PID=350) to work on /opt/airflow/dags/refrence_setup.py
[2025-12-29T03:36:42.434+0000] {processor.py:830} INFO - Processing file /opt/airflow/dags/refrence_setup.py for tasks to queue
[2025-12-29T03:36:42.435+0000] {logging_mixin.py:188} INFO - [2025-12-29T03:36:42.435+0000] {dagbag.py:545} INFO - Filling up the DagBag from /opt/airflow/dags/refrence_setup.py
[2025-12-29T03:36:42.450+0000] {processor.py:840} INFO - DAG(s) 'reference_setup' retrieved from /opt/airflow/dags/refrence_setup.py
[2025-12-29T03:36:42.475+0000] {logging_mixin.py:188} INFO - [2025-12-29T03:36:42.474+0000] {dag.py:3089} INFO - Sync 1 DAGs
[2025-12-29T03:36:42.497+0000] {logging_mixin.py:188} INFO - [2025-12-29T03:36:42.496+0000] {dag.py:3947} INFO - Setting next_dagrun for reference_setup to 2025-12-29 00:00:00+00:00, run_after=2025-12-30 00:00:00+00:00
[2025-12-29T03:36:42.513+0000] {processor.py:183} INFO - Processing /opt/airflow/dags/refrence_setup.py took 0.085 seconds
[2025-12-29T03:37:12.714+0000] {processor.py:161} INFO - Started process (PID=360) to work on /opt/airflow/dags/refrence_setup.py
[2025-12-29T03:37:12.715+0000] {processor.py:830} INFO - Processing file /opt/airflow/dags/refrence_setup.py for tasks to queue
[2025-12-29T03:37:12.716+0000] {logging_mixin.py:188} INFO - [2025-12-29T03:37:12.716+0000] {dagbag.py:545} INFO - Filling up the DagBag from /opt/airflow/dags/refrence_setup.py
[2025-12-29T03:37:12.731+0000] {processor.py:840} INFO - DAG(s) 'reference_setup' retrieved from /opt/airflow/dags/refrence_setup.py
[2025-12-29T03:37:12.755+0000] {logging_mixin.py:188} INFO - [2025-12-29T03:37:12.754+0000] {dag.py:3089} INFO - Sync 1 DAGs
[2025-12-29T03:37:12.775+0000] {logging_mixin.py:188} INFO - [2025-12-29T03:37:12.775+0000] {dag.py:3947} INFO - Setting next_dagrun for reference_setup to 2025-12-29 00:00:00+00:00, run_after=2025-12-30 00:00:00+00:00
[2025-12-29T03:37:12.794+0000] {processor.py:183} INFO - Processing /opt/airflow/dags/refrence_setup.py took 0.084 seconds
[2025-12-29T03:37:43.003+0000] {processor.py:161} INFO - Started process (PID=370) to work on /opt/airflow/dags/refrence_setup.py
[2025-12-29T03:37:43.004+0000] {processor.py:830} INFO - Processing file /opt/airflow/dags/refrence_setup.py for tasks to queue
[2025-12-29T03:37:43.005+0000] {logging_mixin.py:188} INFO - [2025-12-29T03:37:43.005+0000] {dagbag.py:545} INFO - Filling up the DagBag from /opt/airflow/dags/refrence_setup.py
[2025-12-29T03:37:43.019+0000] {processor.py:840} INFO - DAG(s) 'reference_setup' retrieved from /opt/airflow/dags/refrence_setup.py
[2025-12-29T03:37:43.044+0000] {logging_mixin.py:188} INFO - [2025-12-29T03:37:43.044+0000] {dag.py:3089} INFO - Sync 1 DAGs
[2025-12-29T03:37:43.064+0000] {logging_mixin.py:188} INFO - [2025-12-29T03:37:43.064+0000] {dag.py:3947} INFO - Setting next_dagrun for reference_setup to 2025-12-29 00:00:00+00:00, run_after=2025-12-30 00:00:00+00:00
[2025-12-29T03:37:43.080+0000] {processor.py:183} INFO - Processing /opt/airflow/dags/refrence_setup.py took 0.082 seconds
[2025-12-29T03:38:13.287+0000] {processor.py:161} INFO - Started process (PID=380) to work on /opt/airflow/dags/refrence_setup.py
[2025-12-29T03:38:13.288+0000] {processor.py:830} INFO - Processing file /opt/airflow/dags/refrence_setup.py for tasks to queue
[2025-12-29T03:38:13.289+0000] {logging_mixin.py:188} INFO - [2025-12-29T03:38:13.289+0000] {dagbag.py:545} INFO - Filling up the DagBag from /opt/airflow/dags/refrence_setup.py
[2025-12-29T03:38:13.304+0000] {processor.py:840} INFO - DAG(s) 'reference_setup' retrieved from /opt/airflow/dags/refrence_setup.py
[2025-12-29T03:38:13.329+0000] {logging_mixin.py:188} INFO - [2025-12-29T03:38:13.328+0000] {dag.py:3089} INFO - Sync 1 DAGs
[2025-12-29T03:38:13.349+0000] {logging_mixin.py:188} INFO - [2025-12-29T03:38:13.349+0000] {dag.py:3947} INFO - Setting next_dagrun for reference_setup to 2025-12-29 00:00:00+00:00, run_after=2025-12-30 00:00:00+00:00
[2025-12-29T03:38:13.367+0000] {processor.py:183} INFO - Processing /opt/airflow/dags/refrence_setup.py took 0.083 seconds
[2025-12-29T03:38:16.417+0000] {processor.py:161} INFO - Started process (PID=390) to work on /opt/airflow/dags/refrence_setup.py
[2025-12-29T03:38:16.418+0000] {processor.py:830} INFO - Processing file /opt/airflow/dags/refrence_setup.py for tasks to queue
[2025-12-29T03:38:16.419+0000] {logging_mixin.py:188} INFO - [2025-12-29T03:38:16.419+0000] {dagbag.py:545} INFO - Filling up the DagBag from /opt/airflow/dags/refrence_setup.py
[2025-12-29T03:38:16.441+0000] {processor.py:840} INFO - DAG(s) 'reference_setup' retrieved from /opt/airflow/dags/refrence_setup.py
[2025-12-29T03:38:16.535+0000] {logging_mixin.py:188} INFO - [2025-12-29T03:38:16.535+0000] {dag.py:3089} INFO - Sync 1 DAGs
[2025-12-29T03:38:16.550+0000] {logging_mixin.py:188} INFO - [2025-12-29T03:38:16.550+0000] {dag.py:3947} INFO - Setting next_dagrun for reference_setup to 2025-12-29 00:00:00+00:00, run_after=2025-12-30 00:00:00+00:00
[2025-12-29T03:38:16.569+0000] {processor.py:183} INFO - Processing /opt/airflow/dags/refrence_setup.py took 0.156 seconds
[2025-12-29T03:38:49.003+0000] {processor.py:161} INFO - Started process (PID=192) to work on /opt/airflow/dags/refrence_setup.py
[2025-12-29T03:38:49.004+0000] {processor.py:830} INFO - Processing file /opt/airflow/dags/refrence_setup.py for tasks to queue
[2025-12-29T03:38:49.006+0000] {logging_mixin.py:188} INFO - [2025-12-29T03:38:49.006+0000] {dagbag.py:545} INFO - Filling up the DagBag from /opt/airflow/dags/refrence_setup.py
[2025-12-29T03:38:49.021+0000] {processor.py:840} INFO - DAG(s) 'reference_setup' retrieved from /opt/airflow/dags/refrence_setup.py
[2025-12-29T03:38:49.054+0000] {logging_mixin.py:188} INFO - [2025-12-29T03:38:49.054+0000] {dag.py:3089} INFO - Sync 1 DAGs
[2025-12-29T03:38:49.248+0000] {logging_mixin.py:188} INFO - [2025-12-29T03:38:49.248+0000] {dag.py:3947} INFO - Setting next_dagrun for reference_setup to 2025-12-29 00:00:00+00:00, run_after=2025-12-30 00:00:00+00:00
[2025-12-29T03:38:49.263+0000] {processor.py:183} INFO - Processing /opt/airflow/dags/refrence_setup.py took 0.263 seconds
[2025-12-29T03:39:19.471+0000] {processor.py:161} INFO - Started process (PID=208) to work on /opt/airflow/dags/refrence_setup.py
[2025-12-29T03:39:19.472+0000] {processor.py:830} INFO - Processing file /opt/airflow/dags/refrence_setup.py for tasks to queue
[2025-12-29T03:39:19.475+0000] {logging_mixin.py:188} INFO - [2025-12-29T03:39:19.474+0000] {dagbag.py:545} INFO - Filling up the DagBag from /opt/airflow/dags/refrence_setup.py
[2025-12-29T03:39:19.496+0000] {processor.py:840} INFO - DAG(s) 'reference_setup' retrieved from /opt/airflow/dags/refrence_setup.py
[2025-12-29T03:39:19.749+0000] {logging_mixin.py:188} INFO - [2025-12-29T03:39:19.748+0000] {dag.py:3089} INFO - Sync 1 DAGs
[2025-12-29T03:39:19.786+0000] {processor.py:183} INFO - Processing /opt/airflow/dags/refrence_setup.py took 0.321 seconds
[2025-12-29T03:39:50.001+0000] {processor.py:161} INFO - Started process (PID=222) to work on /opt/airflow/dags/refrence_setup.py
[2025-12-29T03:39:50.001+0000] {processor.py:830} INFO - Processing file /opt/airflow/dags/refrence_setup.py for tasks to queue
[2025-12-29T03:39:50.002+0000] {logging_mixin.py:188} INFO - [2025-12-29T03:39:50.002+0000] {dagbag.py:545} INFO - Filling up the DagBag from /opt/airflow/dags/refrence_setup.py
[2025-12-29T03:39:50.181+0000] {processor.py:840} INFO - DAG(s) 'reference_setup' retrieved from /opt/airflow/dags/refrence_setup.py
[2025-12-29T03:39:50.206+0000] {logging_mixin.py:188} INFO - [2025-12-29T03:39:50.206+0000] {dag.py:3089} INFO - Sync 1 DAGs
[2025-12-29T03:39:50.227+0000] {logging_mixin.py:188} INFO - [2025-12-29T03:39:50.227+0000] {dag.py:3947} INFO - Setting next_dagrun for reference_setup to 2025-12-29 00:00:00+00:00, run_after=2025-12-30 00:00:00+00:00
[2025-12-29T03:39:50.244+0000] {processor.py:183} INFO - Processing /opt/airflow/dags/refrence_setup.py took 0.247 seconds
[2025-12-29T03:40:20.454+0000] {processor.py:161} INFO - Started process (PID=232) to work on /opt/airflow/dags/refrence_setup.py
[2025-12-29T03:40:20.455+0000] {processor.py:830} INFO - Processing file /opt/airflow/dags/refrence_setup.py for tasks to queue
[2025-12-29T03:40:20.457+0000] {logging_mixin.py:188} INFO - [2025-12-29T03:40:20.457+0000] {dagbag.py:545} INFO - Filling up the DagBag from /opt/airflow/dags/refrence_setup.py
[2025-12-29T03:40:20.475+0000] {processor.py:840} INFO - DAG(s) 'reference_setup' retrieved from /opt/airflow/dags/refrence_setup.py
[2025-12-29T03:40:20.506+0000] {logging_mixin.py:188} INFO - [2025-12-29T03:40:20.505+0000] {dag.py:3089} INFO - Sync 1 DAGs
[2025-12-29T03:40:20.528+0000] {logging_mixin.py:188} INFO - [2025-12-29T03:40:20.528+0000] {dag.py:3947} INFO - Setting next_dagrun for reference_setup to 2025-12-29 00:00:00+00:00, run_after=2025-12-30 00:00:00+00:00
[2025-12-29T03:40:20.544+0000] {processor.py:183} INFO - Processing /opt/airflow/dags/refrence_setup.py took 0.097 seconds
[2025-12-29T03:41:00.730+0000] {processor.py:161} INFO - Started process (PID=192) to work on /opt/airflow/dags/refrence_setup.py
[2025-12-29T03:41:00.730+0000] {processor.py:830} INFO - Processing file /opt/airflow/dags/refrence_setup.py for tasks to queue
[2025-12-29T03:41:00.732+0000] {logging_mixin.py:188} INFO - [2025-12-29T03:41:00.732+0000] {dagbag.py:545} INFO - Filling up the DagBag from /opt/airflow/dags/refrence_setup.py
[2025-12-29T03:41:00.749+0000] {processor.py:840} INFO - DAG(s) 'reference_setup' retrieved from /opt/airflow/dags/refrence_setup.py
[2025-12-29T03:41:00.791+0000] {logging_mixin.py:188} INFO - [2025-12-29T03:41:00.791+0000] {dag.py:3089} INFO - Sync 1 DAGs
[2025-12-29T03:41:01.006+0000] {logging_mixin.py:188} INFO - [2025-12-29T03:41:01.005+0000] {dag.py:3947} INFO - Setting next_dagrun for reference_setup to 2025-12-29 00:00:00+00:00, run_after=2025-12-30 00:00:00+00:00
[2025-12-29T03:41:01.020+0000] {processor.py:183} INFO - Processing /opt/airflow/dags/refrence_setup.py took 0.294 seconds
[2025-12-29T03:41:31.201+0000] {processor.py:161} INFO - Started process (PID=208) to work on /opt/airflow/dags/refrence_setup.py
[2025-12-29T03:41:31.201+0000] {processor.py:830} INFO - Processing file /opt/airflow/dags/refrence_setup.py for tasks to queue
[2025-12-29T03:41:31.203+0000] {logging_mixin.py:188} INFO - [2025-12-29T03:41:31.203+0000] {dagbag.py:545} INFO - Filling up the DagBag from /opt/airflow/dags/refrence_setup.py
[2025-12-29T03:41:31.220+0000] {processor.py:840} INFO - DAG(s) 'reference_setup' retrieved from /opt/airflow/dags/refrence_setup.py
[2025-12-29T03:41:31.393+0000] {logging_mixin.py:188} INFO - [2025-12-29T03:41:31.392+0000] {dag.py:3089} INFO - Sync 1 DAGs
[2025-12-29T03:41:31.411+0000] {logging_mixin.py:188} INFO - [2025-12-29T03:41:31.410+0000] {dag.py:3947} INFO - Setting next_dagrun for reference_setup to 2025-12-29 00:00:00+00:00, run_after=2025-12-30 00:00:00+00:00
[2025-12-29T03:41:31.428+0000] {processor.py:183} INFO - Processing /opt/airflow/dags/refrence_setup.py took 0.231 seconds
[2025-12-29T03:42:01.621+0000] {processor.py:161} INFO - Started process (PID=218) to work on /opt/airflow/dags/refrence_setup.py
[2025-12-29T03:42:01.621+0000] {processor.py:830} INFO - Processing file /opt/airflow/dags/refrence_setup.py for tasks to queue
[2025-12-29T03:42:01.623+0000] {logging_mixin.py:188} INFO - [2025-12-29T03:42:01.622+0000] {dagbag.py:545} INFO - Filling up the DagBag from /opt/airflow/dags/refrence_setup.py
[2025-12-29T03:42:01.788+0000] {processor.py:840} INFO - DAG(s) 'reference_setup' retrieved from /opt/airflow/dags/refrence_setup.py
[2025-12-29T03:42:01.810+0000] {logging_mixin.py:188} INFO - [2025-12-29T03:42:01.809+0000] {dag.py:3089} INFO - Sync 1 DAGs
[2025-12-29T03:42:01.826+0000] {logging_mixin.py:188} INFO - [2025-12-29T03:42:01.826+0000] {dag.py:3947} INFO - Setting next_dagrun for reference_setup to 2025-12-29 00:00:00+00:00, run_after=2025-12-30 00:00:00+00:00
[2025-12-29T03:42:01.842+0000] {processor.py:183} INFO - Processing /opt/airflow/dags/refrence_setup.py took 0.227 seconds
[2025-12-29T03:42:32.191+0000] {processor.py:161} INFO - Started process (PID=228) to work on /opt/airflow/dags/refrence_setup.py
[2025-12-29T03:42:32.192+0000] {processor.py:830} INFO - Processing file /opt/airflow/dags/refrence_setup.py for tasks to queue
[2025-12-29T03:42:32.194+0000] {logging_mixin.py:188} INFO - [2025-12-29T03:42:32.193+0000] {dagbag.py:545} INFO - Filling up the DagBag from /opt/airflow/dags/refrence_setup.py
[2025-12-29T03:42:32.208+0000] {processor.py:840} INFO - DAG(s) 'reference_setup' retrieved from /opt/airflow/dags/refrence_setup.py
[2025-12-29T03:42:32.235+0000] {logging_mixin.py:188} INFO - [2025-12-29T03:42:32.235+0000] {dag.py:3089} INFO - Sync 1 DAGs
[2025-12-29T03:42:32.256+0000] {logging_mixin.py:188} INFO - [2025-12-29T03:42:32.256+0000] {dag.py:3947} INFO - Setting next_dagrun for reference_setup to 2025-12-29 00:00:00+00:00, run_after=2025-12-30 00:00:00+00:00
[2025-12-29T03:42:32.272+0000] {processor.py:183} INFO - Processing /opt/airflow/dags/refrence_setup.py took 0.085 seconds
[2025-12-29T03:43:02.474+0000] {processor.py:161} INFO - Started process (PID=238) to work on /opt/airflow/dags/refrence_setup.py
[2025-12-29T03:43:02.475+0000] {processor.py:830} INFO - Processing file /opt/airflow/dags/refrence_setup.py for tasks to queue
[2025-12-29T03:43:02.477+0000] {logging_mixin.py:188} INFO - [2025-12-29T03:43:02.477+0000] {dagbag.py:545} INFO - Filling up the DagBag from /opt/airflow/dags/refrence_setup.py
[2025-12-29T03:43:02.492+0000] {processor.py:840} INFO - DAG(s) 'reference_setup' retrieved from /opt/airflow/dags/refrence_setup.py
[2025-12-29T03:43:02.521+0000] {logging_mixin.py:188} INFO - [2025-12-29T03:43:02.520+0000] {dag.py:3089} INFO - Sync 1 DAGs
[2025-12-29T03:43:02.542+0000] {logging_mixin.py:188} INFO - [2025-12-29T03:43:02.541+0000] {dag.py:3947} INFO - Setting next_dagrun for reference_setup to 2025-12-29 00:00:00+00:00, run_after=2025-12-30 00:00:00+00:00
[2025-12-29T03:43:02.558+0000] {processor.py:183} INFO - Processing /opt/airflow/dags/refrence_setup.py took 0.088 seconds
[2025-12-29T03:43:32.776+0000] {processor.py:161} INFO - Started process (PID=248) to work on /opt/airflow/dags/refrence_setup.py
[2025-12-29T03:43:32.776+0000] {processor.py:830} INFO - Processing file /opt/airflow/dags/refrence_setup.py for tasks to queue
[2025-12-29T03:43:32.778+0000] {logging_mixin.py:188} INFO - [2025-12-29T03:43:32.778+0000] {dagbag.py:545} INFO - Filling up the DagBag from /opt/airflow/dags/refrence_setup.py
[2025-12-29T03:43:32.798+0000] {processor.py:840} INFO - DAG(s) 'reference_setup' retrieved from /opt/airflow/dags/refrence_setup.py
[2025-12-29T03:43:32.835+0000] {logging_mixin.py:188} INFO - [2025-12-29T03:43:32.834+0000] {dag.py:3089} INFO - Sync 1 DAGs
[2025-12-29T03:43:32.861+0000] {logging_mixin.py:188} INFO - [2025-12-29T03:43:32.860+0000] {dag.py:3947} INFO - Setting next_dagrun for reference_setup to 2025-12-29 00:00:00+00:00, run_after=2025-12-30 00:00:00+00:00
[2025-12-29T03:43:32.878+0000] {processor.py:183} INFO - Processing /opt/airflow/dags/refrence_setup.py took 0.107 seconds
[2025-12-29T03:44:02.971+0000] {processor.py:161} INFO - Started process (PID=258) to work on /opt/airflow/dags/refrence_setup.py
[2025-12-29T03:44:02.972+0000] {processor.py:830} INFO - Processing file /opt/airflow/dags/refrence_setup.py for tasks to queue
[2025-12-29T03:44:02.973+0000] {logging_mixin.py:188} INFO - [2025-12-29T03:44:02.973+0000] {dagbag.py:545} INFO - Filling up the DagBag from /opt/airflow/dags/refrence_setup.py
[2025-12-29T03:44:02.991+0000] {processor.py:840} INFO - DAG(s) 'reference_setup' retrieved from /opt/airflow/dags/refrence_setup.py
[2025-12-29T03:44:03.023+0000] {logging_mixin.py:188} INFO - [2025-12-29T03:44:03.023+0000] {dag.py:3089} INFO - Sync 1 DAGs
[2025-12-29T03:44:03.044+0000] {logging_mixin.py:188} INFO - [2025-12-29T03:44:03.044+0000] {dag.py:3947} INFO - Setting next_dagrun for reference_setup to 2025-12-29 00:00:00+00:00, run_after=2025-12-30 00:00:00+00:00
[2025-12-29T03:44:03.061+0000] {processor.py:183} INFO - Processing /opt/airflow/dags/refrence_setup.py took 0.094 seconds
[2025-12-29T03:44:33.290+0000] {processor.py:161} INFO - Started process (PID=268) to work on /opt/airflow/dags/refrence_setup.py
[2025-12-29T03:44:33.291+0000] {processor.py:830} INFO - Processing file /opt/airflow/dags/refrence_setup.py for tasks to queue
[2025-12-29T03:44:33.294+0000] {logging_mixin.py:188} INFO - [2025-12-29T03:44:33.293+0000] {dagbag.py:545} INFO - Filling up the DagBag from /opt/airflow/dags/refrence_setup.py
[2025-12-29T03:44:33.320+0000] {processor.py:840} INFO - DAG(s) 'reference_setup' retrieved from /opt/airflow/dags/refrence_setup.py
[2025-12-29T03:44:33.372+0000] {logging_mixin.py:188} INFO - [2025-12-29T03:44:33.372+0000] {dag.py:3089} INFO - Sync 1 DAGs
[2025-12-29T03:44:33.400+0000] {logging_mixin.py:188} INFO - [2025-12-29T03:44:33.399+0000] {dag.py:3947} INFO - Setting next_dagrun for reference_setup to 2025-12-29 00:00:00+00:00, run_after=2025-12-30 00:00:00+00:00
[2025-12-29T03:44:33.422+0000] {processor.py:183} INFO - Processing /opt/airflow/dags/refrence_setup.py took 0.137 seconds
[2025-12-29T03:45:40.904+0000] {processor.py:161} INFO - Started process (PID=192) to work on /opt/airflow/dags/refrence_setup.py
[2025-12-29T03:45:40.905+0000] {processor.py:830} INFO - Processing file /opt/airflow/dags/refrence_setup.py for tasks to queue
[2025-12-29T03:45:40.906+0000] {logging_mixin.py:188} INFO - [2025-12-29T03:45:40.906+0000] {dagbag.py:545} INFO - Filling up the DagBag from /opt/airflow/dags/refrence_setup.py
[2025-12-29T03:45:40.925+0000] {processor.py:840} INFO - DAG(s) 'reference_setup' retrieved from /opt/airflow/dags/refrence_setup.py
[2025-12-29T03:45:41.263+0000] {logging_mixin.py:188} INFO - [2025-12-29T03:45:41.263+0000] {override.py:1858} INFO - Created Permission View: can read on DAG:reference_setup
[2025-12-29T03:45:41.273+0000] {logging_mixin.py:188} INFO - [2025-12-29T03:45:41.272+0000] {override.py:1858} INFO - Created Permission View: can edit on DAG:reference_setup
[2025-12-29T03:45:41.278+0000] {logging_mixin.py:188} INFO - [2025-12-29T03:45:41.278+0000] {override.py:1858} INFO - Created Permission View: can delete on DAG:reference_setup
[2025-12-29T03:45:41.279+0000] {logging_mixin.py:188} INFO - [2025-12-29T03:45:41.279+0000] {dag.py:3089} INFO - Sync 1 DAGs
[2025-12-29T03:45:41.288+0000] {logging_mixin.py:188} INFO - [2025-12-29T03:45:41.288+0000] {dag.py:3111} INFO - Creating ORM DAG for reference_setup
[2025-12-29T03:45:41.298+0000] {logging_mixin.py:188} INFO - [2025-12-29T03:45:41.297+0000] {dag.py:3947} INFO - Setting next_dagrun for reference_setup to 2025-12-28 00:00:00+00:00, run_after=2025-12-29 00:00:00+00:00
[2025-12-29T03:45:41.317+0000] {processor.py:183} INFO - Processing /opt/airflow/dags/refrence_setup.py took 0.419 seconds
[2025-12-29T03:46:11.671+0000] {processor.py:161} INFO - Started process (PID=212) to work on /opt/airflow/dags/refrence_setup.py
[2025-12-29T03:46:11.672+0000] {processor.py:830} INFO - Processing file /opt/airflow/dags/refrence_setup.py for tasks to queue
[2025-12-29T03:46:11.673+0000] {logging_mixin.py:188} INFO - [2025-12-29T03:46:11.673+0000] {dagbag.py:545} INFO - Filling up the DagBag from /opt/airflow/dags/refrence_setup.py
[2025-12-29T03:46:11.689+0000] {processor.py:840} INFO - DAG(s) 'reference_setup' retrieved from /opt/airflow/dags/refrence_setup.py
[2025-12-29T03:46:11.716+0000] {logging_mixin.py:188} INFO - [2025-12-29T03:46:11.716+0000] {dag.py:3089} INFO - Sync 1 DAGs
[2025-12-29T03:46:11.735+0000] {logging_mixin.py:188} INFO - [2025-12-29T03:46:11.734+0000] {dag.py:3947} INFO - Setting next_dagrun for reference_setup to 2025-12-29 00:00:00+00:00, run_after=2025-12-30 00:00:00+00:00
[2025-12-29T03:46:11.752+0000] {processor.py:183} INFO - Processing /opt/airflow/dags/refrence_setup.py took 0.085 seconds
[2025-12-29T03:46:41.945+0000] {processor.py:161} INFO - Started process (PID=222) to work on /opt/airflow/dags/refrence_setup.py
[2025-12-29T03:46:41.945+0000] {processor.py:830} INFO - Processing file /opt/airflow/dags/refrence_setup.py for tasks to queue
[2025-12-29T03:46:41.946+0000] {logging_mixin.py:188} INFO - [2025-12-29T03:46:41.946+0000] {dagbag.py:545} INFO - Filling up the DagBag from /opt/airflow/dags/refrence_setup.py
[2025-12-29T03:46:41.961+0000] {processor.py:840} INFO - DAG(s) 'reference_setup' retrieved from /opt/airflow/dags/refrence_setup.py
[2025-12-29T03:46:41.988+0000] {logging_mixin.py:188} INFO - [2025-12-29T03:46:41.988+0000] {dag.py:3089} INFO - Sync 1 DAGs
[2025-12-29T03:46:42.009+0000] {logging_mixin.py:188} INFO - [2025-12-29T03:46:42.009+0000] {dag.py:3947} INFO - Setting next_dagrun for reference_setup to 2025-12-29 00:00:00+00:00, run_after=2025-12-30 00:00:00+00:00
[2025-12-29T03:46:42.026+0000] {processor.py:183} INFO - Processing /opt/airflow/dags/refrence_setup.py took 0.084 seconds
[2025-12-29T03:47:12.223+0000] {processor.py:161} INFO - Started process (PID=240) to work on /opt/airflow/dags/refrence_setup.py
[2025-12-29T03:47:12.223+0000] {processor.py:830} INFO - Processing file /opt/airflow/dags/refrence_setup.py for tasks to queue
[2025-12-29T03:47:12.225+0000] {logging_mixin.py:188} INFO - [2025-12-29T03:47:12.225+0000] {dagbag.py:545} INFO - Filling up the DagBag from /opt/airflow/dags/refrence_setup.py
[2025-12-29T03:47:12.241+0000] {processor.py:840} INFO - DAG(s) 'reference_setup' retrieved from /opt/airflow/dags/refrence_setup.py
[2025-12-29T03:47:12.268+0000] {logging_mixin.py:188} INFO - [2025-12-29T03:47:12.268+0000] {dag.py:3089} INFO - Sync 1 DAGs
[2025-12-29T03:47:12.288+0000] {logging_mixin.py:188} INFO - [2025-12-29T03:47:12.288+0000] {dag.py:3947} INFO - Setting next_dagrun for reference_setup to 2025-12-29 00:00:00+00:00, run_after=2025-12-30 00:00:00+00:00
[2025-12-29T03:47:12.305+0000] {processor.py:183} INFO - Processing /opt/airflow/dags/refrence_setup.py took 0.087 seconds
[2025-12-29T03:47:42.503+0000] {processor.py:161} INFO - Started process (PID=250) to work on /opt/airflow/dags/refrence_setup.py
[2025-12-29T03:47:42.504+0000] {processor.py:830} INFO - Processing file /opt/airflow/dags/refrence_setup.py for tasks to queue
[2025-12-29T03:47:42.505+0000] {logging_mixin.py:188} INFO - [2025-12-29T03:47:42.505+0000] {dagbag.py:545} INFO - Filling up the DagBag from /opt/airflow/dags/refrence_setup.py
[2025-12-29T03:47:42.519+0000] {processor.py:840} INFO - DAG(s) 'reference_setup' retrieved from /opt/airflow/dags/refrence_setup.py
[2025-12-29T03:47:42.542+0000] {logging_mixin.py:188} INFO - [2025-12-29T03:47:42.542+0000] {dag.py:3089} INFO - Sync 1 DAGs
[2025-12-29T03:47:42.560+0000] {logging_mixin.py:188} INFO - [2025-12-29T03:47:42.559+0000] {dag.py:3947} INFO - Setting next_dagrun for reference_setup to 2025-12-29 00:00:00+00:00, run_after=2025-12-30 00:00:00+00:00
[2025-12-29T03:47:42.574+0000] {processor.py:183} INFO - Processing /opt/airflow/dags/refrence_setup.py took 0.074 seconds
[2025-12-29T03:48:12.781+0000] {processor.py:161} INFO - Started process (PID=260) to work on /opt/airflow/dags/refrence_setup.py
[2025-12-29T03:48:12.782+0000] {processor.py:830} INFO - Processing file /opt/airflow/dags/refrence_setup.py for tasks to queue
[2025-12-29T03:48:12.783+0000] {logging_mixin.py:188} INFO - [2025-12-29T03:48:12.783+0000] {dagbag.py:545} INFO - Filling up the DagBag from /opt/airflow/dags/refrence_setup.py
[2025-12-29T03:48:12.798+0000] {processor.py:840} INFO - DAG(s) 'reference_setup' retrieved from /opt/airflow/dags/refrence_setup.py
[2025-12-29T03:48:12.821+0000] {logging_mixin.py:188} INFO - [2025-12-29T03:48:12.821+0000] {dag.py:3089} INFO - Sync 1 DAGs
[2025-12-29T03:48:12.839+0000] {logging_mixin.py:188} INFO - [2025-12-29T03:48:12.839+0000] {dag.py:3947} INFO - Setting next_dagrun for reference_setup to 2025-12-29 00:00:00+00:00, run_after=2025-12-30 00:00:00+00:00
[2025-12-29T03:48:12.854+0000] {processor.py:183} INFO - Processing /opt/airflow/dags/refrence_setup.py took 0.077 seconds
[2025-12-29T03:48:25.955+0000] {processor.py:161} INFO - Started process (PID=192) to work on /opt/airflow/dags/refrence_setup.py
[2025-12-29T03:48:25.956+0000] {processor.py:830} INFO - Processing file /opt/airflow/dags/refrence_setup.py for tasks to queue
[2025-12-29T03:48:25.958+0000] {logging_mixin.py:188} INFO - [2025-12-29T03:48:25.957+0000] {dagbag.py:545} INFO - Filling up the DagBag from /opt/airflow/dags/refrence_setup.py
[2025-12-29T03:48:25.974+0000] {processor.py:840} INFO - DAG(s) 'reference_setup' retrieved from /opt/airflow/dags/refrence_setup.py
[2025-12-29T03:48:26.013+0000] {logging_mixin.py:188} INFO - [2025-12-29T03:48:26.013+0000] {dag.py:3089} INFO - Sync 1 DAGs
[2025-12-29T03:48:26.202+0000] {logging_mixin.py:188} INFO - [2025-12-29T03:48:26.202+0000] {dag.py:3947} INFO - Setting next_dagrun for reference_setup to 2025-12-29 00:00:00+00:00, run_after=2025-12-30 00:00:00+00:00
[2025-12-29T03:48:26.219+0000] {processor.py:183} INFO - Processing /opt/airflow/dags/refrence_setup.py took 0.268 seconds
[2025-12-29T03:48:56.404+0000] {processor.py:161} INFO - Started process (PID=210) to work on /opt/airflow/dags/refrence_setup.py
[2025-12-29T03:48:56.404+0000] {processor.py:830} INFO - Processing file /opt/airflow/dags/refrence_setup.py for tasks to queue
[2025-12-29T03:48:56.406+0000] {logging_mixin.py:188} INFO - [2025-12-29T03:48:56.405+0000] {dagbag.py:545} INFO - Filling up the DagBag from /opt/airflow/dags/refrence_setup.py
[2025-12-29T03:48:56.420+0000] {processor.py:840} INFO - DAG(s) 'reference_setup' retrieved from /opt/airflow/dags/refrence_setup.py
[2025-12-29T03:48:56.584+0000] {logging_mixin.py:188} INFO - [2025-12-29T03:48:56.583+0000] {dag.py:3089} INFO - Sync 1 DAGs
[2025-12-29T03:48:56.601+0000] {logging_mixin.py:188} INFO - [2025-12-29T03:48:56.600+0000] {dag.py:3947} INFO - Setting next_dagrun for reference_setup to 2025-12-29 00:00:00+00:00, run_after=2025-12-30 00:00:00+00:00
[2025-12-29T03:48:56.615+0000] {processor.py:183} INFO - Processing /opt/airflow/dags/refrence_setup.py took 0.215 seconds
[2025-12-29T03:49:26.809+0000] {processor.py:161} INFO - Started process (PID=220) to work on /opt/airflow/dags/refrence_setup.py
[2025-12-29T03:49:26.809+0000] {processor.py:830} INFO - Processing file /opt/airflow/dags/refrence_setup.py for tasks to queue
[2025-12-29T03:49:26.811+0000] {logging_mixin.py:188} INFO - [2025-12-29T03:49:26.811+0000] {dagbag.py:545} INFO - Filling up the DagBag from /opt/airflow/dags/refrence_setup.py
[2025-12-29T03:49:26.970+0000] {processor.py:840} INFO - DAG(s) 'reference_setup' retrieved from /opt/airflow/dags/refrence_setup.py
[2025-12-29T03:49:26.992+0000] {logging_mixin.py:188} INFO - [2025-12-29T03:49:26.992+0000] {dag.py:3089} INFO - Sync 1 DAGs
[2025-12-29T03:49:27.009+0000] {logging_mixin.py:188} INFO - [2025-12-29T03:49:27.009+0000] {dag.py:3947} INFO - Setting next_dagrun for reference_setup to 2025-12-29 00:00:00+00:00, run_after=2025-12-30 00:00:00+00:00
[2025-12-29T03:49:27.024+0000] {processor.py:183} INFO - Processing /opt/airflow/dags/refrence_setup.py took 0.219 seconds
[2025-12-29T03:49:57.130+0000] {processor.py:161} INFO - Started process (PID=230) to work on /opt/airflow/dags/refrence_setup.py
[2025-12-29T03:49:57.131+0000] {processor.py:830} INFO - Processing file /opt/airflow/dags/refrence_setup.py for tasks to queue
[2025-12-29T03:49:57.132+0000] {logging_mixin.py:188} INFO - [2025-12-29T03:49:57.132+0000] {dagbag.py:545} INFO - Filling up the DagBag from /opt/airflow/dags/refrence_setup.py
[2025-12-29T03:49:57.147+0000] {processor.py:840} INFO - DAG(s) 'reference_setup' retrieved from /opt/airflow/dags/refrence_setup.py
[2025-12-29T03:49:57.169+0000] {logging_mixin.py:188} INFO - [2025-12-29T03:49:57.169+0000] {dag.py:3089} INFO - Sync 1 DAGs
[2025-12-29T03:49:57.186+0000] {logging_mixin.py:188} INFO - [2025-12-29T03:49:57.186+0000] {dag.py:3947} INFO - Setting next_dagrun for reference_setup to 2025-12-29 00:00:00+00:00, run_after=2025-12-30 00:00:00+00:00
[2025-12-29T03:49:57.202+0000] {processor.py:183} INFO - Processing /opt/airflow/dags/refrence_setup.py took 0.075 seconds
[2025-12-29T03:50:36.319+0000] {processor.py:161} INFO - Started process (PID=192) to work on /opt/airflow/dags/refrence_setup.py
[2025-12-29T03:50:36.321+0000] {processor.py:830} INFO - Processing file /opt/airflow/dags/refrence_setup.py for tasks to queue
[2025-12-29T03:50:36.322+0000] {logging_mixin.py:188} INFO - [2025-12-29T03:50:36.322+0000] {dagbag.py:545} INFO - Filling up the DagBag from /opt/airflow/dags/refrence_setup.py
[2025-12-29T03:50:36.339+0000] {processor.py:840} INFO - DAG(s) 'reference_setup' retrieved from /opt/airflow/dags/refrence_setup.py
[2025-12-29T03:50:36.384+0000] {logging_mixin.py:188} INFO - [2025-12-29T03:50:36.383+0000] {dag.py:3089} INFO - Sync 1 DAGs
[2025-12-29T03:50:36.586+0000] {logging_mixin.py:188} INFO - [2025-12-29T03:50:36.586+0000] {dag.py:3947} INFO - Setting next_dagrun for reference_setup to 2025-12-29 00:00:00+00:00, run_after=2025-12-30 00:00:00+00:00
[2025-12-29T03:50:36.602+0000] {processor.py:183} INFO - Processing /opt/airflow/dags/refrence_setup.py took 0.287 seconds
[2025-12-29T03:51:06.802+0000] {processor.py:161} INFO - Started process (PID=210) to work on /opt/airflow/dags/refrence_setup.py
[2025-12-29T03:51:06.803+0000] {processor.py:830} INFO - Processing file /opt/airflow/dags/refrence_setup.py for tasks to queue
[2025-12-29T03:51:06.804+0000] {logging_mixin.py:188} INFO - [2025-12-29T03:51:06.804+0000] {dagbag.py:545} INFO - Filling up the DagBag from /opt/airflow/dags/refrence_setup.py
[2025-12-29T03:51:06.818+0000] {processor.py:840} INFO - DAG(s) 'reference_setup' retrieved from /opt/airflow/dags/refrence_setup.py
[2025-12-29T03:51:07.010+0000] {logging_mixin.py:188} INFO - [2025-12-29T03:51:07.010+0000] {dag.py:3089} INFO - Sync 1 DAGs
[2025-12-29T03:51:07.031+0000] {logging_mixin.py:188} INFO - [2025-12-29T03:51:07.031+0000] {dag.py:3947} INFO - Setting next_dagrun for reference_setup to 2025-12-29 00:00:00+00:00, run_after=2025-12-30 00:00:00+00:00
[2025-12-29T03:51:07.046+0000] {processor.py:183} INFO - Processing /opt/airflow/dags/refrence_setup.py took 0.249 seconds
[2025-12-29T03:51:44.205+0000] {processor.py:161} INFO - Started process (PID=192) to work on /opt/airflow/dags/refrence_setup.py
[2025-12-29T03:51:44.206+0000] {processor.py:830} INFO - Processing file /opt/airflow/dags/refrence_setup.py for tasks to queue
[2025-12-29T03:51:44.208+0000] {logging_mixin.py:188} INFO - [2025-12-29T03:51:44.207+0000] {dagbag.py:545} INFO - Filling up the DagBag from /opt/airflow/dags/refrence_setup.py
[2025-12-29T03:51:44.232+0000] {processor.py:840} INFO - DAG(s) 'reference_setup' retrieved from /opt/airflow/dags/refrence_setup.py
[2025-12-29T03:51:44.278+0000] {logging_mixin.py:188} INFO - [2025-12-29T03:51:44.278+0000] {dag.py:3089} INFO - Sync 1 DAGs
[2025-12-29T03:51:44.464+0000] {logging_mixin.py:188} INFO - [2025-12-29T03:51:44.464+0000] {dag.py:3947} INFO - Setting next_dagrun for reference_setup to 2025-12-29 00:00:00+00:00, run_after=2025-12-30 00:00:00+00:00
[2025-12-29T03:51:44.481+0000] {processor.py:183} INFO - Processing /opt/airflow/dags/refrence_setup.py took 0.282 seconds
[2025-12-29T03:52:14.694+0000] {processor.py:161} INFO - Started process (PID=210) to work on /opt/airflow/dags/refrence_setup.py
[2025-12-29T03:52:14.695+0000] {processor.py:830} INFO - Processing file /opt/airflow/dags/refrence_setup.py for tasks to queue
[2025-12-29T03:52:14.696+0000] {logging_mixin.py:188} INFO - [2025-12-29T03:52:14.696+0000] {dagbag.py:545} INFO - Filling up the DagBag from /opt/airflow/dags/refrence_setup.py
[2025-12-29T03:52:14.709+0000] {processor.py:840} INFO - DAG(s) 'reference_setup' retrieved from /opt/airflow/dags/refrence_setup.py
[2025-12-29T03:52:14.902+0000] {logging_mixin.py:188} INFO - [2025-12-29T03:52:14.902+0000] {dag.py:3089} INFO - Sync 1 DAGs
[2025-12-29T03:52:14.919+0000] {logging_mixin.py:188} INFO - [2025-12-29T03:52:14.919+0000] {dag.py:3947} INFO - Setting next_dagrun for reference_setup to 2025-12-29 00:00:00+00:00, run_after=2025-12-30 00:00:00+00:00
[2025-12-29T03:52:14.933+0000] {processor.py:183} INFO - Processing /opt/airflow/dags/refrence_setup.py took 0.243 seconds
[2025-12-29T03:52:45.122+0000] {processor.py:161} INFO - Started process (PID=220) to work on /opt/airflow/dags/refrence_setup.py
[2025-12-29T03:52:45.123+0000] {processor.py:830} INFO - Processing file /opt/airflow/dags/refrence_setup.py for tasks to queue
[2025-12-29T03:52:45.124+0000] {logging_mixin.py:188} INFO - [2025-12-29T03:52:45.124+0000] {dagbag.py:545} INFO - Filling up the DagBag from /opt/airflow/dags/refrence_setup.py
[2025-12-29T03:52:45.292+0000] {processor.py:840} INFO - DAG(s) 'reference_setup' retrieved from /opt/airflow/dags/refrence_setup.py
[2025-12-29T03:52:45.311+0000] {logging_mixin.py:188} INFO - [2025-12-29T03:52:45.310+0000] {dag.py:3089} INFO - Sync 1 DAGs
[2025-12-29T03:52:45.326+0000] {logging_mixin.py:188} INFO - [2025-12-29T03:52:45.326+0000] {dag.py:3947} INFO - Setting next_dagrun for reference_setup to 2025-12-29 00:00:00+00:00, run_after=2025-12-30 00:00:00+00:00
[2025-12-29T03:52:45.341+0000] {processor.py:183} INFO - Processing /opt/airflow/dags/refrence_setup.py took 0.223 seconds
[2025-12-29T03:53:15.451+0000] {processor.py:161} INFO - Started process (PID=230) to work on /opt/airflow/dags/refrence_setup.py
[2025-12-29T03:53:15.451+0000] {processor.py:830} INFO - Processing file /opt/airflow/dags/refrence_setup.py for tasks to queue
[2025-12-29T03:53:15.453+0000] {logging_mixin.py:188} INFO - [2025-12-29T03:53:15.452+0000] {dagbag.py:545} INFO - Filling up the DagBag from /opt/airflow/dags/refrence_setup.py
[2025-12-29T03:53:15.468+0000] {processor.py:840} INFO - DAG(s) 'reference_setup' retrieved from /opt/airflow/dags/refrence_setup.py
[2025-12-29T03:53:15.497+0000] {logging_mixin.py:188} INFO - [2025-12-29T03:53:15.497+0000] {dag.py:3089} INFO - Sync 1 DAGs
[2025-12-29T03:53:15.518+0000] {logging_mixin.py:188} INFO - [2025-12-29T03:53:15.517+0000] {dag.py:3947} INFO - Setting next_dagrun for reference_setup to 2025-12-29 00:00:00+00:00, run_after=2025-12-30 00:00:00+00:00
[2025-12-29T03:53:15.533+0000] {processor.py:183} INFO - Processing /opt/airflow/dags/refrence_setup.py took 0.087 seconds
[2025-12-29T03:53:45.747+0000] {processor.py:161} INFO - Started process (PID=240) to work on /opt/airflow/dags/refrence_setup.py
[2025-12-29T03:53:45.747+0000] {processor.py:830} INFO - Processing file /opt/airflow/dags/refrence_setup.py for tasks to queue
[2025-12-29T03:53:45.749+0000] {logging_mixin.py:188} INFO - [2025-12-29T03:53:45.749+0000] {dagbag.py:545} INFO - Filling up the DagBag from /opt/airflow/dags/refrence_setup.py
[2025-12-29T03:53:45.764+0000] {processor.py:840} INFO - DAG(s) 'reference_setup' retrieved from /opt/airflow/dags/refrence_setup.py
[2025-12-29T03:53:45.796+0000] {logging_mixin.py:188} INFO - [2025-12-29T03:53:45.796+0000] {dag.py:3089} INFO - Sync 1 DAGs
[2025-12-29T03:53:45.820+0000] {logging_mixin.py:188} INFO - [2025-12-29T03:53:45.820+0000] {dag.py:3947} INFO - Setting next_dagrun for reference_setup to 2025-12-29 00:00:00+00:00, run_after=2025-12-30 00:00:00+00:00
[2025-12-29T03:53:45.838+0000] {processor.py:183} INFO - Processing /opt/airflow/dags/refrence_setup.py took 0.095 seconds
[2025-12-29T03:54:16.044+0000] {processor.py:161} INFO - Started process (PID=250) to work on /opt/airflow/dags/refrence_setup.py
[2025-12-29T03:54:16.045+0000] {processor.py:830} INFO - Processing file /opt/airflow/dags/refrence_setup.py for tasks to queue
[2025-12-29T03:54:16.046+0000] {logging_mixin.py:188} INFO - [2025-12-29T03:54:16.046+0000] {dagbag.py:545} INFO - Filling up the DagBag from /opt/airflow/dags/refrence_setup.py
[2025-12-29T03:54:16.063+0000] {processor.py:840} INFO - DAG(s) 'reference_setup' retrieved from /opt/airflow/dags/refrence_setup.py
[2025-12-29T03:54:16.093+0000] {logging_mixin.py:188} INFO - [2025-12-29T03:54:16.092+0000] {dag.py:3089} INFO - Sync 1 DAGs
[2025-12-29T03:54:16.115+0000] {logging_mixin.py:188} INFO - [2025-12-29T03:54:16.115+0000] {dag.py:3947} INFO - Setting next_dagrun for reference_setup to 2025-12-29 00:00:00+00:00, run_after=2025-12-30 00:00:00+00:00
[2025-12-29T03:54:16.131+0000] {processor.py:183} INFO - Processing /opt/airflow/dags/refrence_setup.py took 0.091 seconds
[2025-12-29T03:54:46.337+0000] {processor.py:161} INFO - Started process (PID=260) to work on /opt/airflow/dags/refrence_setup.py
[2025-12-29T03:54:46.337+0000] {processor.py:830} INFO - Processing file /opt/airflow/dags/refrence_setup.py for tasks to queue
[2025-12-29T03:54:46.339+0000] {logging_mixin.py:188} INFO - [2025-12-29T03:54:46.338+0000] {dagbag.py:545} INFO - Filling up the DagBag from /opt/airflow/dags/refrence_setup.py
[2025-12-29T03:54:46.355+0000] {processor.py:840} INFO - DAG(s) 'reference_setup' retrieved from /opt/airflow/dags/refrence_setup.py
[2025-12-29T03:54:46.382+0000] {logging_mixin.py:188} INFO - [2025-12-29T03:54:46.382+0000] {dag.py:3089} INFO - Sync 1 DAGs
[2025-12-29T03:54:46.405+0000] {logging_mixin.py:188} INFO - [2025-12-29T03:54:46.404+0000] {dag.py:3947} INFO - Setting next_dagrun for reference_setup to 2025-12-29 00:00:00+00:00, run_after=2025-12-30 00:00:00+00:00
[2025-12-29T03:54:46.421+0000] {processor.py:183} INFO - Processing /opt/airflow/dags/refrence_setup.py took 0.088 seconds
[2025-12-29T03:55:16.638+0000] {processor.py:161} INFO - Started process (PID=270) to work on /opt/airflow/dags/refrence_setup.py
[2025-12-29T03:55:16.639+0000] {processor.py:830} INFO - Processing file /opt/airflow/dags/refrence_setup.py for tasks to queue
[2025-12-29T03:55:16.640+0000] {logging_mixin.py:188} INFO - [2025-12-29T03:55:16.639+0000] {dagbag.py:545} INFO - Filling up the DagBag from /opt/airflow/dags/refrence_setup.py
[2025-12-29T03:55:16.657+0000] {processor.py:840} INFO - DAG(s) 'reference_setup' retrieved from /opt/airflow/dags/refrence_setup.py
[2025-12-29T03:55:16.685+0000] {logging_mixin.py:188} INFO - [2025-12-29T03:55:16.685+0000] {dag.py:3089} INFO - Sync 1 DAGs
[2025-12-29T03:55:16.705+0000] {logging_mixin.py:188} INFO - [2025-12-29T03:55:16.705+0000] {dag.py:3947} INFO - Setting next_dagrun for reference_setup to 2025-12-29 00:00:00+00:00, run_after=2025-12-30 00:00:00+00:00
[2025-12-29T03:55:16.721+0000] {processor.py:183} INFO - Processing /opt/airflow/dags/refrence_setup.py took 0.086 seconds
[2025-12-29T03:55:46.949+0000] {processor.py:161} INFO - Started process (PID=280) to work on /opt/airflow/dags/refrence_setup.py
[2025-12-29T03:55:46.950+0000] {processor.py:830} INFO - Processing file /opt/airflow/dags/refrence_setup.py for tasks to queue
[2025-12-29T03:55:46.951+0000] {logging_mixin.py:188} INFO - [2025-12-29T03:55:46.951+0000] {dagbag.py:545} INFO - Filling up the DagBag from /opt/airflow/dags/refrence_setup.py
[2025-12-29T03:55:46.974+0000] {processor.py:840} INFO - DAG(s) 'reference_setup' retrieved from /opt/airflow/dags/refrence_setup.py
[2025-12-29T03:55:47.003+0000] {logging_mixin.py:188} INFO - [2025-12-29T03:55:47.003+0000] {dag.py:3089} INFO - Sync 1 DAGs
[2025-12-29T03:55:47.026+0000] {logging_mixin.py:188} INFO - [2025-12-29T03:55:47.026+0000] {dag.py:3947} INFO - Setting next_dagrun for reference_setup to 2025-12-29 00:00:00+00:00, run_after=2025-12-30 00:00:00+00:00
[2025-12-29T03:55:47.045+0000] {processor.py:183} INFO - Processing /opt/airflow/dags/refrence_setup.py took 0.101 seconds
[2025-12-29T03:56:17.266+0000] {processor.py:161} INFO - Started process (PID=290) to work on /opt/airflow/dags/refrence_setup.py
[2025-12-29T03:56:17.266+0000] {processor.py:830} INFO - Processing file /opt/airflow/dags/refrence_setup.py for tasks to queue
[2025-12-29T03:56:17.268+0000] {logging_mixin.py:188} INFO - [2025-12-29T03:56:17.267+0000] {dagbag.py:545} INFO - Filling up the DagBag from /opt/airflow/dags/refrence_setup.py
[2025-12-29T03:56:17.282+0000] {processor.py:840} INFO - DAG(s) 'reference_setup' retrieved from /opt/airflow/dags/refrence_setup.py
[2025-12-29T03:56:17.310+0000] {logging_mixin.py:188} INFO - [2025-12-29T03:56:17.309+0000] {dag.py:3089} INFO - Sync 1 DAGs
[2025-12-29T03:56:17.329+0000] {logging_mixin.py:188} INFO - [2025-12-29T03:56:17.329+0000] {dag.py:3947} INFO - Setting next_dagrun for reference_setup to 2025-12-29 00:00:00+00:00, run_after=2025-12-30 00:00:00+00:00
[2025-12-29T03:56:17.346+0000] {processor.py:183} INFO - Processing /opt/airflow/dags/refrence_setup.py took 0.085 seconds
[2025-12-29T03:56:47.583+0000] {processor.py:161} INFO - Started process (PID=300) to work on /opt/airflow/dags/refrence_setup.py
[2025-12-29T03:56:47.584+0000] {processor.py:830} INFO - Processing file /opt/airflow/dags/refrence_setup.py for tasks to queue
[2025-12-29T03:56:47.585+0000] {logging_mixin.py:188} INFO - [2025-12-29T03:56:47.585+0000] {dagbag.py:545} INFO - Filling up the DagBag from /opt/airflow/dags/refrence_setup.py
[2025-12-29T03:56:47.602+0000] {processor.py:840} INFO - DAG(s) 'reference_setup' retrieved from /opt/airflow/dags/refrence_setup.py
[2025-12-29T03:56:47.631+0000] {logging_mixin.py:188} INFO - [2025-12-29T03:56:47.631+0000] {dag.py:3089} INFO - Sync 1 DAGs
[2025-12-29T03:56:47.653+0000] {logging_mixin.py:188} INFO - [2025-12-29T03:56:47.652+0000] {dag.py:3947} INFO - Setting next_dagrun for reference_setup to 2025-12-29 00:00:00+00:00, run_after=2025-12-30 00:00:00+00:00
[2025-12-29T03:56:47.670+0000] {processor.py:183} INFO - Processing /opt/airflow/dags/refrence_setup.py took 0.090 seconds
[2025-12-29T03:57:17.887+0000] {processor.py:161} INFO - Started process (PID=310) to work on /opt/airflow/dags/refrence_setup.py
[2025-12-29T03:57:17.888+0000] {processor.py:830} INFO - Processing file /opt/airflow/dags/refrence_setup.py for tasks to queue
[2025-12-29T03:57:17.890+0000] {logging_mixin.py:188} INFO - [2025-12-29T03:57:17.890+0000] {dagbag.py:545} INFO - Filling up the DagBag from /opt/airflow/dags/refrence_setup.py
[2025-12-29T03:57:17.908+0000] {processor.py:840} INFO - DAG(s) 'reference_setup' retrieved from /opt/airflow/dags/refrence_setup.py
[2025-12-29T03:57:17.940+0000] {logging_mixin.py:188} INFO - [2025-12-29T03:57:17.940+0000] {dag.py:3089} INFO - Sync 1 DAGs
[2025-12-29T03:57:17.967+0000] {logging_mixin.py:188} INFO - [2025-12-29T03:57:17.966+0000] {dag.py:3947} INFO - Setting next_dagrun for reference_setup to 2025-12-29 00:00:00+00:00, run_after=2025-12-30 00:00:00+00:00
[2025-12-29T03:57:17.987+0000] {processor.py:183} INFO - Processing /opt/airflow/dags/refrence_setup.py took 0.106 seconds
[2025-12-29T03:57:48.197+0000] {processor.py:161} INFO - Started process (PID=320) to work on /opt/airflow/dags/refrence_setup.py
[2025-12-29T03:57:48.197+0000] {processor.py:830} INFO - Processing file /opt/airflow/dags/refrence_setup.py for tasks to queue
[2025-12-29T03:57:48.198+0000] {logging_mixin.py:188} INFO - [2025-12-29T03:57:48.198+0000] {dagbag.py:545} INFO - Filling up the DagBag from /opt/airflow/dags/refrence_setup.py
[2025-12-29T03:57:48.211+0000] {processor.py:840} INFO - DAG(s) 'reference_setup' retrieved from /opt/airflow/dags/refrence_setup.py
[2025-12-29T03:57:48.236+0000] {logging_mixin.py:188} INFO - [2025-12-29T03:57:48.236+0000] {dag.py:3089} INFO - Sync 1 DAGs
[2025-12-29T03:57:48.254+0000] {logging_mixin.py:188} INFO - [2025-12-29T03:57:48.254+0000] {dag.py:3947} INFO - Setting next_dagrun for reference_setup to 2025-12-29 00:00:00+00:00, run_after=2025-12-30 00:00:00+00:00
[2025-12-29T03:57:48.271+0000] {processor.py:183} INFO - Processing /opt/airflow/dags/refrence_setup.py took 0.078 seconds
[2025-12-29T03:58:18.403+0000] {processor.py:161} INFO - Started process (PID=330) to work on /opt/airflow/dags/refrence_setup.py
[2025-12-29T03:58:18.404+0000] {processor.py:830} INFO - Processing file /opt/airflow/dags/refrence_setup.py for tasks to queue
[2025-12-29T03:58:18.405+0000] {logging_mixin.py:188} INFO - [2025-12-29T03:58:18.405+0000] {dagbag.py:545} INFO - Filling up the DagBag from /opt/airflow/dags/refrence_setup.py
[2025-12-29T03:58:18.420+0000] {processor.py:840} INFO - DAG(s) 'reference_setup' retrieved from /opt/airflow/dags/refrence_setup.py
[2025-12-29T03:58:18.448+0000] {logging_mixin.py:188} INFO - [2025-12-29T03:58:18.447+0000] {dag.py:3089} INFO - Sync 1 DAGs
[2025-12-29T03:58:18.467+0000] {logging_mixin.py:188} INFO - [2025-12-29T03:58:18.467+0000] {dag.py:3947} INFO - Setting next_dagrun for reference_setup to 2025-12-29 00:00:00+00:00, run_after=2025-12-30 00:00:00+00:00
[2025-12-29T03:58:18.482+0000] {processor.py:183} INFO - Processing /opt/airflow/dags/refrence_setup.py took 0.083 seconds
[2025-12-29T03:58:48.699+0000] {processor.py:161} INFO - Started process (PID=340) to work on /opt/airflow/dags/refrence_setup.py
[2025-12-29T03:58:48.700+0000] {processor.py:830} INFO - Processing file /opt/airflow/dags/refrence_setup.py for tasks to queue
[2025-12-29T03:58:48.701+0000] {logging_mixin.py:188} INFO - [2025-12-29T03:58:48.701+0000] {dagbag.py:545} INFO - Filling up the DagBag from /opt/airflow/dags/refrence_setup.py
[2025-12-29T03:58:48.718+0000] {processor.py:840} INFO - DAG(s) 'reference_setup' retrieved from /opt/airflow/dags/refrence_setup.py
[2025-12-29T03:58:48.747+0000] {logging_mixin.py:188} INFO - [2025-12-29T03:58:48.747+0000] {dag.py:3089} INFO - Sync 1 DAGs
[2025-12-29T03:58:48.769+0000] {logging_mixin.py:188} INFO - [2025-12-29T03:58:48.769+0000] {dag.py:3947} INFO - Setting next_dagrun for reference_setup to 2025-12-29 00:00:00+00:00, run_after=2025-12-30 00:00:00+00:00
[2025-12-29T03:58:48.786+0000] {processor.py:183} INFO - Processing /opt/airflow/dags/refrence_setup.py took 0.091 seconds
[2025-12-29T03:59:19.011+0000] {processor.py:161} INFO - Started process (PID=350) to work on /opt/airflow/dags/refrence_setup.py
[2025-12-29T03:59:19.012+0000] {processor.py:830} INFO - Processing file /opt/airflow/dags/refrence_setup.py for tasks to queue
[2025-12-29T03:59:19.013+0000] {logging_mixin.py:188} INFO - [2025-12-29T03:59:19.013+0000] {dagbag.py:545} INFO - Filling up the DagBag from /opt/airflow/dags/refrence_setup.py
[2025-12-29T03:59:19.029+0000] {processor.py:840} INFO - DAG(s) 'reference_setup' retrieved from /opt/airflow/dags/refrence_setup.py
[2025-12-29T03:59:19.057+0000] {logging_mixin.py:188} INFO - [2025-12-29T03:59:19.057+0000] {dag.py:3089} INFO - Sync 1 DAGs
[2025-12-29T03:59:19.077+0000] {logging_mixin.py:188} INFO - [2025-12-29T03:59:19.077+0000] {dag.py:3947} INFO - Setting next_dagrun for reference_setup to 2025-12-29 00:00:00+00:00, run_after=2025-12-30 00:00:00+00:00
[2025-12-29T03:59:19.095+0000] {processor.py:183} INFO - Processing /opt/airflow/dags/refrence_setup.py took 0.088 seconds
[2025-12-29T03:59:49.300+0000] {processor.py:161} INFO - Started process (PID=360) to work on /opt/airflow/dags/refrence_setup.py
[2025-12-29T03:59:49.301+0000] {processor.py:830} INFO - Processing file /opt/airflow/dags/refrence_setup.py for tasks to queue
[2025-12-29T03:59:49.303+0000] {logging_mixin.py:188} INFO - [2025-12-29T03:59:49.302+0000] {dagbag.py:545} INFO - Filling up the DagBag from /opt/airflow/dags/refrence_setup.py
[2025-12-29T03:59:49.318+0000] {processor.py:840} INFO - DAG(s) 'reference_setup' retrieved from /opt/airflow/dags/refrence_setup.py
[2025-12-29T03:59:49.345+0000] {logging_mixin.py:188} INFO - [2025-12-29T03:59:49.345+0000] {dag.py:3089} INFO - Sync 1 DAGs
[2025-12-29T03:59:49.365+0000] {logging_mixin.py:188} INFO - [2025-12-29T03:59:49.365+0000] {dag.py:3947} INFO - Setting next_dagrun for reference_setup to 2025-12-29 00:00:00+00:00, run_after=2025-12-30 00:00:00+00:00
[2025-12-29T03:59:49.380+0000] {processor.py:183} INFO - Processing /opt/airflow/dags/refrence_setup.py took 0.084 seconds
[2025-12-29T04:00:19.503+0000] {processor.py:161} INFO - Started process (PID=370) to work on /opt/airflow/dags/refrence_setup.py
[2025-12-29T04:00:19.504+0000] {processor.py:830} INFO - Processing file /opt/airflow/dags/refrence_setup.py for tasks to queue
[2025-12-29T04:00:19.506+0000] {logging_mixin.py:188} INFO - [2025-12-29T04:00:19.505+0000] {dagbag.py:545} INFO - Filling up the DagBag from /opt/airflow/dags/refrence_setup.py
[2025-12-29T04:00:19.521+0000] {processor.py:840} INFO - DAG(s) 'reference_setup' retrieved from /opt/airflow/dags/refrence_setup.py
[2025-12-29T04:00:19.550+0000] {logging_mixin.py:188} INFO - [2025-12-29T04:00:19.550+0000] {dag.py:3089} INFO - Sync 1 DAGs
[2025-12-29T04:00:19.570+0000] {logging_mixin.py:188} INFO - [2025-12-29T04:00:19.570+0000] {dag.py:3947} INFO - Setting next_dagrun for reference_setup to 2025-12-29 00:00:00+00:00, run_after=2025-12-30 00:00:00+00:00
[2025-12-29T04:00:19.586+0000] {processor.py:183} INFO - Processing /opt/airflow/dags/refrence_setup.py took 0.087 seconds
[2025-12-29T04:00:49.810+0000] {processor.py:161} INFO - Started process (PID=380) to work on /opt/airflow/dags/refrence_setup.py
[2025-12-29T04:00:49.810+0000] {processor.py:830} INFO - Processing file /opt/airflow/dags/refrence_setup.py for tasks to queue
[2025-12-29T04:00:49.812+0000] {logging_mixin.py:188} INFO - [2025-12-29T04:00:49.812+0000] {dagbag.py:545} INFO - Filling up the DagBag from /opt/airflow/dags/refrence_setup.py
[2025-12-29T04:00:49.829+0000] {processor.py:840} INFO - DAG(s) 'reference_setup' retrieved from /opt/airflow/dags/refrence_setup.py
[2025-12-29T04:00:49.855+0000] {logging_mixin.py:188} INFO - [2025-12-29T04:00:49.855+0000] {dag.py:3089} INFO - Sync 1 DAGs
[2025-12-29T04:00:49.875+0000] {logging_mixin.py:188} INFO - [2025-12-29T04:00:49.874+0000] {dag.py:3947} INFO - Setting next_dagrun for reference_setup to 2025-12-29 00:00:00+00:00, run_after=2025-12-30 00:00:00+00:00
[2025-12-29T04:00:49.890+0000] {processor.py:183} INFO - Processing /opt/airflow/dags/refrence_setup.py took 0.085 seconds
[2025-12-29T04:01:20.090+0000] {processor.py:161} INFO - Started process (PID=390) to work on /opt/airflow/dags/refrence_setup.py
[2025-12-29T04:01:20.091+0000] {processor.py:830} INFO - Processing file /opt/airflow/dags/refrence_setup.py for tasks to queue
[2025-12-29T04:01:20.092+0000] {logging_mixin.py:188} INFO - [2025-12-29T04:01:20.092+0000] {dagbag.py:545} INFO - Filling up the DagBag from /opt/airflow/dags/refrence_setup.py
[2025-12-29T04:01:20.108+0000] {processor.py:840} INFO - DAG(s) 'reference_setup' retrieved from /opt/airflow/dags/refrence_setup.py
[2025-12-29T04:01:20.135+0000] {logging_mixin.py:188} INFO - [2025-12-29T04:01:20.135+0000] {dag.py:3089} INFO - Sync 1 DAGs
[2025-12-29T04:01:20.156+0000] {logging_mixin.py:188} INFO - [2025-12-29T04:01:20.156+0000] {dag.py:3947} INFO - Setting next_dagrun for reference_setup to 2025-12-29 00:00:00+00:00, run_after=2025-12-30 00:00:00+00:00
[2025-12-29T04:01:20.172+0000] {processor.py:183} INFO - Processing /opt/airflow/dags/refrence_setup.py took 0.087 seconds
[2025-12-29T04:01:50.415+0000] {processor.py:161} INFO - Started process (PID=400) to work on /opt/airflow/dags/refrence_setup.py
[2025-12-29T04:01:50.416+0000] {processor.py:830} INFO - Processing file /opt/airflow/dags/refrence_setup.py for tasks to queue
[2025-12-29T04:01:50.417+0000] {logging_mixin.py:188} INFO - [2025-12-29T04:01:50.417+0000] {dagbag.py:545} INFO - Filling up the DagBag from /opt/airflow/dags/refrence_setup.py
[2025-12-29T04:01:50.438+0000] {processor.py:840} INFO - DAG(s) 'reference_setup' retrieved from /opt/airflow/dags/refrence_setup.py
[2025-12-29T04:01:50.468+0000] {logging_mixin.py:188} INFO - [2025-12-29T04:01:50.468+0000] {dag.py:3089} INFO - Sync 1 DAGs
[2025-12-29T04:01:50.489+0000] {logging_mixin.py:188} INFO - [2025-12-29T04:01:50.489+0000] {dag.py:3947} INFO - Setting next_dagrun for reference_setup to 2025-12-29 00:00:00+00:00, run_after=2025-12-30 00:00:00+00:00
[2025-12-29T04:01:50.508+0000] {processor.py:183} INFO - Processing /opt/airflow/dags/refrence_setup.py took 0.099 seconds
[2025-12-29T04:02:20.723+0000] {processor.py:161} INFO - Started process (PID=410) to work on /opt/airflow/dags/refrence_setup.py
[2025-12-29T04:02:20.723+0000] {processor.py:830} INFO - Processing file /opt/airflow/dags/refrence_setup.py for tasks to queue
[2025-12-29T04:02:20.724+0000] {logging_mixin.py:188} INFO - [2025-12-29T04:02:20.724+0000] {dagbag.py:545} INFO - Filling up the DagBag from /opt/airflow/dags/refrence_setup.py
[2025-12-29T04:02:20.739+0000] {processor.py:840} INFO - DAG(s) 'reference_setup' retrieved from /opt/airflow/dags/refrence_setup.py
[2025-12-29T04:02:20.765+0000] {logging_mixin.py:188} INFO - [2025-12-29T04:02:20.765+0000] {dag.py:3089} INFO - Sync 1 DAGs
[2025-12-29T04:02:20.786+0000] {logging_mixin.py:188} INFO - [2025-12-29T04:02:20.786+0000] {dag.py:3947} INFO - Setting next_dagrun for reference_setup to 2025-12-29 00:00:00+00:00, run_after=2025-12-30 00:00:00+00:00
[2025-12-29T04:02:20.802+0000] {processor.py:183} INFO - Processing /opt/airflow/dags/refrence_setup.py took 0.083 seconds
[2025-12-29T04:02:51.014+0000] {processor.py:161} INFO - Started process (PID=420) to work on /opt/airflow/dags/refrence_setup.py
[2025-12-29T04:02:51.014+0000] {processor.py:830} INFO - Processing file /opt/airflow/dags/refrence_setup.py for tasks to queue
[2025-12-29T04:02:51.016+0000] {logging_mixin.py:188} INFO - [2025-12-29T04:02:51.016+0000] {dagbag.py:545} INFO - Filling up the DagBag from /opt/airflow/dags/refrence_setup.py
[2025-12-29T04:02:51.031+0000] {processor.py:840} INFO - DAG(s) 'reference_setup' retrieved from /opt/airflow/dags/refrence_setup.py
[2025-12-29T04:02:51.058+0000] {logging_mixin.py:188} INFO - [2025-12-29T04:02:51.057+0000] {dag.py:3089} INFO - Sync 1 DAGs
[2025-12-29T04:02:51.080+0000] {logging_mixin.py:188} INFO - [2025-12-29T04:02:51.079+0000] {dag.py:3947} INFO - Setting next_dagrun for reference_setup to 2025-12-29 00:00:00+00:00, run_after=2025-12-30 00:00:00+00:00
[2025-12-29T04:02:51.095+0000] {processor.py:183} INFO - Processing /opt/airflow/dags/refrence_setup.py took 0.085 seconds
[2025-12-29T04:03:21.312+0000] {processor.py:161} INFO - Started process (PID=430) to work on /opt/airflow/dags/refrence_setup.py
[2025-12-29T04:03:21.312+0000] {processor.py:830} INFO - Processing file /opt/airflow/dags/refrence_setup.py for tasks to queue
[2025-12-29T04:03:21.313+0000] {logging_mixin.py:188} INFO - [2025-12-29T04:03:21.313+0000] {dagbag.py:545} INFO - Filling up the DagBag from /opt/airflow/dags/refrence_setup.py
[2025-12-29T04:03:21.328+0000] {processor.py:840} INFO - DAG(s) 'reference_setup' retrieved from /opt/airflow/dags/refrence_setup.py
[2025-12-29T04:03:21.356+0000] {logging_mixin.py:188} INFO - [2025-12-29T04:03:21.355+0000] {dag.py:3089} INFO - Sync 1 DAGs
[2025-12-29T04:03:21.376+0000] {logging_mixin.py:188} INFO - [2025-12-29T04:03:21.376+0000] {dag.py:3947} INFO - Setting next_dagrun for reference_setup to 2025-12-29 00:00:00+00:00, run_after=2025-12-30 00:00:00+00:00
[2025-12-29T04:03:21.393+0000] {processor.py:183} INFO - Processing /opt/airflow/dags/refrence_setup.py took 0.085 seconds
[2025-12-29T04:03:51.604+0000] {processor.py:161} INFO - Started process (PID=440) to work on /opt/airflow/dags/refrence_setup.py
[2025-12-29T04:03:51.605+0000] {processor.py:830} INFO - Processing file /opt/airflow/dags/refrence_setup.py for tasks to queue
[2025-12-29T04:03:51.606+0000] {logging_mixin.py:188} INFO - [2025-12-29T04:03:51.606+0000] {dagbag.py:545} INFO - Filling up the DagBag from /opt/airflow/dags/refrence_setup.py
[2025-12-29T04:03:51.620+0000] {processor.py:840} INFO - DAG(s) 'reference_setup' retrieved from /opt/airflow/dags/refrence_setup.py
[2025-12-29T04:03:51.647+0000] {logging_mixin.py:188} INFO - [2025-12-29T04:03:51.646+0000] {dag.py:3089} INFO - Sync 1 DAGs
[2025-12-29T04:03:51.668+0000] {logging_mixin.py:188} INFO - [2025-12-29T04:03:51.668+0000] {dag.py:3947} INFO - Setting next_dagrun for reference_setup to 2025-12-29 00:00:00+00:00, run_after=2025-12-30 00:00:00+00:00
[2025-12-29T04:03:51.684+0000] {processor.py:183} INFO - Processing /opt/airflow/dags/refrence_setup.py took 0.084 seconds
[2025-12-29T04:04:21.888+0000] {processor.py:161} INFO - Started process (PID=450) to work on /opt/airflow/dags/refrence_setup.py
[2025-12-29T04:04:21.889+0000] {processor.py:830} INFO - Processing file /opt/airflow/dags/refrence_setup.py for tasks to queue
[2025-12-29T04:04:21.890+0000] {logging_mixin.py:188} INFO - [2025-12-29T04:04:21.890+0000] {dagbag.py:545} INFO - Filling up the DagBag from /opt/airflow/dags/refrence_setup.py
[2025-12-29T04:04:21.906+0000] {processor.py:840} INFO - DAG(s) 'reference_setup' retrieved from /opt/airflow/dags/refrence_setup.py
[2025-12-29T04:04:21.933+0000] {logging_mixin.py:188} INFO - [2025-12-29T04:04:21.932+0000] {dag.py:3089} INFO - Sync 1 DAGs
[2025-12-29T04:04:21.953+0000] {logging_mixin.py:188} INFO - [2025-12-29T04:04:21.953+0000] {dag.py:3947} INFO - Setting next_dagrun for reference_setup to 2025-12-29 00:00:00+00:00, run_after=2025-12-30 00:00:00+00:00
[2025-12-29T04:04:21.970+0000] {processor.py:183} INFO - Processing /opt/airflow/dags/refrence_setup.py took 0.086 seconds
[2025-12-29T04:04:52.178+0000] {processor.py:161} INFO - Started process (PID=460) to work on /opt/airflow/dags/refrence_setup.py
[2025-12-29T04:04:52.179+0000] {processor.py:830} INFO - Processing file /opt/airflow/dags/refrence_setup.py for tasks to queue
[2025-12-29T04:04:52.180+0000] {logging_mixin.py:188} INFO - [2025-12-29T04:04:52.180+0000] {dagbag.py:545} INFO - Filling up the DagBag from /opt/airflow/dags/refrence_setup.py
[2025-12-29T04:04:52.193+0000] {processor.py:840} INFO - DAG(s) 'reference_setup' retrieved from /opt/airflow/dags/refrence_setup.py
[2025-12-29T04:04:52.216+0000] {logging_mixin.py:188} INFO - [2025-12-29T04:04:52.216+0000] {dag.py:3089} INFO - Sync 1 DAGs
[2025-12-29T04:04:52.234+0000] {logging_mixin.py:188} INFO - [2025-12-29T04:04:52.234+0000] {dag.py:3947} INFO - Setting next_dagrun for reference_setup to 2025-12-29 00:00:00+00:00, run_after=2025-12-30 00:00:00+00:00
[2025-12-29T04:04:52.252+0000] {processor.py:183} INFO - Processing /opt/airflow/dags/refrence_setup.py took 0.077 seconds
[2025-12-29T04:05:22.468+0000] {processor.py:161} INFO - Started process (PID=470) to work on /opt/airflow/dags/refrence_setup.py
[2025-12-29T04:05:22.469+0000] {processor.py:830} INFO - Processing file /opt/airflow/dags/refrence_setup.py for tasks to queue
[2025-12-29T04:05:22.470+0000] {logging_mixin.py:188} INFO - [2025-12-29T04:05:22.470+0000] {dagbag.py:545} INFO - Filling up the DagBag from /opt/airflow/dags/refrence_setup.py
[2025-12-29T04:05:22.484+0000] {processor.py:840} INFO - DAG(s) 'reference_setup' retrieved from /opt/airflow/dags/refrence_setup.py
[2025-12-29T04:05:22.507+0000] {logging_mixin.py:188} INFO - [2025-12-29T04:05:22.507+0000] {dag.py:3089} INFO - Sync 1 DAGs
[2025-12-29T04:05:22.526+0000] {logging_mixin.py:188} INFO - [2025-12-29T04:05:22.526+0000] {dag.py:3947} INFO - Setting next_dagrun for reference_setup to 2025-12-29 00:00:00+00:00, run_after=2025-12-30 00:00:00+00:00
[2025-12-29T04:05:22.541+0000] {processor.py:183} INFO - Processing /opt/airflow/dags/refrence_setup.py took 0.076 seconds
[2025-12-29T04:05:52.762+0000] {processor.py:161} INFO - Started process (PID=480) to work on /opt/airflow/dags/refrence_setup.py
[2025-12-29T04:05:52.763+0000] {processor.py:830} INFO - Processing file /opt/airflow/dags/refrence_setup.py for tasks to queue
[2025-12-29T04:05:52.764+0000] {logging_mixin.py:188} INFO - [2025-12-29T04:05:52.764+0000] {dagbag.py:545} INFO - Filling up the DagBag from /opt/airflow/dags/refrence_setup.py
[2025-12-29T04:05:52.781+0000] {processor.py:840} INFO - DAG(s) 'reference_setup' retrieved from /opt/airflow/dags/refrence_setup.py
[2025-12-29T04:05:52.813+0000] {logging_mixin.py:188} INFO - [2025-12-29T04:05:52.812+0000] {dag.py:3089} INFO - Sync 1 DAGs
[2025-12-29T04:05:52.834+0000] {logging_mixin.py:188} INFO - [2025-12-29T04:05:52.834+0000] {dag.py:3947} INFO - Setting next_dagrun for reference_setup to 2025-12-29 00:00:00+00:00, run_after=2025-12-30 00:00:00+00:00
[2025-12-29T04:05:52.852+0000] {processor.py:183} INFO - Processing /opt/airflow/dags/refrence_setup.py took 0.095 seconds
[2025-12-29T04:06:23.059+0000] {processor.py:161} INFO - Started process (PID=490) to work on /opt/airflow/dags/refrence_setup.py
[2025-12-29T04:06:23.059+0000] {processor.py:830} INFO - Processing file /opt/airflow/dags/refrence_setup.py for tasks to queue
[2025-12-29T04:06:23.061+0000] {logging_mixin.py:188} INFO - [2025-12-29T04:06:23.060+0000] {dagbag.py:545} INFO - Filling up the DagBag from /opt/airflow/dags/refrence_setup.py
[2025-12-29T04:06:23.075+0000] {processor.py:840} INFO - DAG(s) 'reference_setup' retrieved from /opt/airflow/dags/refrence_setup.py
[2025-12-29T04:06:23.099+0000] {logging_mixin.py:188} INFO - [2025-12-29T04:06:23.099+0000] {dag.py:3089} INFO - Sync 1 DAGs
[2025-12-29T04:06:23.117+0000] {logging_mixin.py:188} INFO - [2025-12-29T04:06:23.117+0000] {dag.py:3947} INFO - Setting next_dagrun for reference_setup to 2025-12-29 00:00:00+00:00, run_after=2025-12-30 00:00:00+00:00
[2025-12-29T04:06:23.134+0000] {processor.py:183} INFO - Processing /opt/airflow/dags/refrence_setup.py took 0.079 seconds
[2025-12-29T04:06:53.367+0000] {processor.py:161} INFO - Started process (PID=500) to work on /opt/airflow/dags/refrence_setup.py
[2025-12-29T04:06:53.368+0000] {processor.py:830} INFO - Processing file /opt/airflow/dags/refrence_setup.py for tasks to queue
[2025-12-29T04:06:53.369+0000] {logging_mixin.py:188} INFO - [2025-12-29T04:06:53.369+0000] {dagbag.py:545} INFO - Filling up the DagBag from /opt/airflow/dags/refrence_setup.py
[2025-12-29T04:06:53.383+0000] {processor.py:840} INFO - DAG(s) 'reference_setup' retrieved from /opt/airflow/dags/refrence_setup.py
[2025-12-29T04:06:53.409+0000] {logging_mixin.py:188} INFO - [2025-12-29T04:06:53.409+0000] {dag.py:3089} INFO - Sync 1 DAGs
[2025-12-29T04:06:53.429+0000] {logging_mixin.py:188} INFO - [2025-12-29T04:06:53.428+0000] {dag.py:3947} INFO - Setting next_dagrun for reference_setup to 2025-12-29 00:00:00+00:00, run_after=2025-12-30 00:00:00+00:00
[2025-12-29T04:06:53.445+0000] {processor.py:183} INFO - Processing /opt/airflow/dags/refrence_setup.py took 0.082 seconds
[2025-12-29T04:07:23.645+0000] {processor.py:161} INFO - Started process (PID=510) to work on /opt/airflow/dags/refrence_setup.py
[2025-12-29T04:07:23.645+0000] {processor.py:830} INFO - Processing file /opt/airflow/dags/refrence_setup.py for tasks to queue
[2025-12-29T04:07:23.647+0000] {logging_mixin.py:188} INFO - [2025-12-29T04:07:23.647+0000] {dagbag.py:545} INFO - Filling up the DagBag from /opt/airflow/dags/refrence_setup.py
[2025-12-29T04:07:23.661+0000] {processor.py:840} INFO - DAG(s) 'reference_setup' retrieved from /opt/airflow/dags/refrence_setup.py
[2025-12-29T04:07:23.688+0000] {logging_mixin.py:188} INFO - [2025-12-29T04:07:23.687+0000] {dag.py:3089} INFO - Sync 1 DAGs
[2025-12-29T04:07:23.708+0000] {logging_mixin.py:188} INFO - [2025-12-29T04:07:23.708+0000] {dag.py:3947} INFO - Setting next_dagrun for reference_setup to 2025-12-29 00:00:00+00:00, run_after=2025-12-30 00:00:00+00:00
[2025-12-29T04:07:23.724+0000] {processor.py:183} INFO - Processing /opt/airflow/dags/refrence_setup.py took 0.083 seconds
[2025-12-29T04:07:53.920+0000] {processor.py:161} INFO - Started process (PID=520) to work on /opt/airflow/dags/refrence_setup.py
[2025-12-29T04:07:53.921+0000] {processor.py:830} INFO - Processing file /opt/airflow/dags/refrence_setup.py for tasks to queue
[2025-12-29T04:07:53.922+0000] {logging_mixin.py:188} INFO - [2025-12-29T04:07:53.922+0000] {dagbag.py:545} INFO - Filling up the DagBag from /opt/airflow/dags/refrence_setup.py
[2025-12-29T04:07:53.938+0000] {processor.py:840} INFO - DAG(s) 'reference_setup' retrieved from /opt/airflow/dags/refrence_setup.py
[2025-12-29T04:07:53.964+0000] {logging_mixin.py:188} INFO - [2025-12-29T04:07:53.964+0000] {dag.py:3089} INFO - Sync 1 DAGs
[2025-12-29T04:07:53.987+0000] {logging_mixin.py:188} INFO - [2025-12-29T04:07:53.986+0000] {dag.py:3947} INFO - Setting next_dagrun for reference_setup to 2025-12-29 00:00:00+00:00, run_after=2025-12-30 00:00:00+00:00
[2025-12-29T04:07:54.005+0000] {processor.py:183} INFO - Processing /opt/airflow/dags/refrence_setup.py took 0.090 seconds
[2025-12-29T04:08:24.206+0000] {processor.py:161} INFO - Started process (PID=530) to work on /opt/airflow/dags/refrence_setup.py
[2025-12-29T04:08:24.207+0000] {processor.py:830} INFO - Processing file /opt/airflow/dags/refrence_setup.py for tasks to queue
[2025-12-29T04:08:24.208+0000] {logging_mixin.py:188} INFO - [2025-12-29T04:08:24.208+0000] {dagbag.py:545} INFO - Filling up the DagBag from /opt/airflow/dags/refrence_setup.py
[2025-12-29T04:08:24.223+0000] {processor.py:840} INFO - DAG(s) 'reference_setup' retrieved from /opt/airflow/dags/refrence_setup.py
[2025-12-29T04:08:24.248+0000] {logging_mixin.py:188} INFO - [2025-12-29T04:08:24.248+0000] {dag.py:3089} INFO - Sync 1 DAGs
[2025-12-29T04:08:24.268+0000] {logging_mixin.py:188} INFO - [2025-12-29T04:08:24.267+0000] {dag.py:3947} INFO - Setting next_dagrun for reference_setup to 2025-12-29 00:00:00+00:00, run_after=2025-12-30 00:00:00+00:00
[2025-12-29T04:08:24.284+0000] {processor.py:183} INFO - Processing /opt/airflow/dags/refrence_setup.py took 0.081 seconds
[2025-12-29T04:08:54.491+0000] {processor.py:161} INFO - Started process (PID=540) to work on /opt/airflow/dags/refrence_setup.py
[2025-12-29T04:08:54.492+0000] {processor.py:830} INFO - Processing file /opt/airflow/dags/refrence_setup.py for tasks to queue
[2025-12-29T04:08:54.493+0000] {logging_mixin.py:188} INFO - [2025-12-29T04:08:54.493+0000] {dagbag.py:545} INFO - Filling up the DagBag from /opt/airflow/dags/refrence_setup.py
[2025-12-29T04:08:54.506+0000] {processor.py:840} INFO - DAG(s) 'reference_setup' retrieved from /opt/airflow/dags/refrence_setup.py
[2025-12-29T04:08:54.532+0000] {logging_mixin.py:188} INFO - [2025-12-29T04:08:54.532+0000] {dag.py:3089} INFO - Sync 1 DAGs
[2025-12-29T04:08:54.552+0000] {logging_mixin.py:188} INFO - [2025-12-29T04:08:54.551+0000] {dag.py:3947} INFO - Setting next_dagrun for reference_setup to 2025-12-29 00:00:00+00:00, run_after=2025-12-30 00:00:00+00:00
[2025-12-29T04:08:54.567+0000] {processor.py:183} INFO - Processing /opt/airflow/dags/refrence_setup.py took 0.080 seconds
[2025-12-29T04:09:24.775+0000] {processor.py:161} INFO - Started process (PID=550) to work on /opt/airflow/dags/refrence_setup.py
[2025-12-29T04:09:24.776+0000] {processor.py:830} INFO - Processing file /opt/airflow/dags/refrence_setup.py for tasks to queue
[2025-12-29T04:09:24.778+0000] {logging_mixin.py:188} INFO - [2025-12-29T04:09:24.777+0000] {dagbag.py:545} INFO - Filling up the DagBag from /opt/airflow/dags/refrence_setup.py
[2025-12-29T04:09:24.792+0000] {processor.py:840} INFO - DAG(s) 'reference_setup' retrieved from /opt/airflow/dags/refrence_setup.py
[2025-12-29T04:09:24.816+0000] {logging_mixin.py:188} INFO - [2025-12-29T04:09:24.816+0000] {dag.py:3089} INFO - Sync 1 DAGs
[2025-12-29T04:09:24.837+0000] {logging_mixin.py:188} INFO - [2025-12-29T04:09:24.836+0000] {dag.py:3947} INFO - Setting next_dagrun for reference_setup to 2025-12-29 00:00:00+00:00, run_after=2025-12-30 00:00:00+00:00
[2025-12-29T04:09:24.854+0000] {processor.py:183} INFO - Processing /opt/airflow/dags/refrence_setup.py took 0.083 seconds
[2025-12-29T04:09:55.060+0000] {processor.py:161} INFO - Started process (PID=560) to work on /opt/airflow/dags/refrence_setup.py
[2025-12-29T04:09:55.060+0000] {processor.py:830} INFO - Processing file /opt/airflow/dags/refrence_setup.py for tasks to queue
[2025-12-29T04:09:55.062+0000] {logging_mixin.py:188} INFO - [2025-12-29T04:09:55.061+0000] {dagbag.py:545} INFO - Filling up the DagBag from /opt/airflow/dags/refrence_setup.py
[2025-12-29T04:09:55.078+0000] {processor.py:840} INFO - DAG(s) 'reference_setup' retrieved from /opt/airflow/dags/refrence_setup.py
[2025-12-29T04:09:55.104+0000] {logging_mixin.py:188} INFO - [2025-12-29T04:09:55.104+0000] {dag.py:3089} INFO - Sync 1 DAGs
[2025-12-29T04:09:55.124+0000] {logging_mixin.py:188} INFO - [2025-12-29T04:09:55.123+0000] {dag.py:3947} INFO - Setting next_dagrun for reference_setup to 2025-12-29 00:00:00+00:00, run_after=2025-12-30 00:00:00+00:00
[2025-12-29T04:09:55.140+0000] {processor.py:183} INFO - Processing /opt/airflow/dags/refrence_setup.py took 0.086 seconds
[2025-12-29T04:10:25.337+0000] {processor.py:161} INFO - Started process (PID=570) to work on /opt/airflow/dags/refrence_setup.py
[2025-12-29T04:10:25.337+0000] {processor.py:830} INFO - Processing file /opt/airflow/dags/refrence_setup.py for tasks to queue
[2025-12-29T04:10:25.339+0000] {logging_mixin.py:188} INFO - [2025-12-29T04:10:25.338+0000] {dagbag.py:545} INFO - Filling up the DagBag from /opt/airflow/dags/refrence_setup.py
[2025-12-29T04:10:25.354+0000] {processor.py:840} INFO - DAG(s) 'reference_setup' retrieved from /opt/airflow/dags/refrence_setup.py
[2025-12-29T04:10:25.382+0000] {logging_mixin.py:188} INFO - [2025-12-29T04:10:25.382+0000] {dag.py:3089} INFO - Sync 1 DAGs
[2025-12-29T04:10:25.402+0000] {logging_mixin.py:188} INFO - [2025-12-29T04:10:25.402+0000] {dag.py:3947} INFO - Setting next_dagrun for reference_setup to 2025-12-29 00:00:00+00:00, run_after=2025-12-30 00:00:00+00:00
[2025-12-29T04:10:25.419+0000] {processor.py:183} INFO - Processing /opt/airflow/dags/refrence_setup.py took 0.086 seconds
[2025-12-29T04:10:55.533+0000] {processor.py:161} INFO - Started process (PID=580) to work on /opt/airflow/dags/refrence_setup.py
[2025-12-29T04:10:55.534+0000] {processor.py:830} INFO - Processing file /opt/airflow/dags/refrence_setup.py for tasks to queue
[2025-12-29T04:10:55.535+0000] {logging_mixin.py:188} INFO - [2025-12-29T04:10:55.535+0000] {dagbag.py:545} INFO - Filling up the DagBag from /opt/airflow/dags/refrence_setup.py
[2025-12-29T04:10:55.550+0000] {processor.py:840} INFO - DAG(s) 'reference_setup' retrieved from /opt/airflow/dags/refrence_setup.py
[2025-12-29T04:10:55.577+0000] {logging_mixin.py:188} INFO - [2025-12-29T04:10:55.577+0000] {dag.py:3089} INFO - Sync 1 DAGs
[2025-12-29T04:10:55.598+0000] {logging_mixin.py:188} INFO - [2025-12-29T04:10:55.597+0000] {dag.py:3947} INFO - Setting next_dagrun for reference_setup to 2025-12-29 00:00:00+00:00, run_after=2025-12-30 00:00:00+00:00
[2025-12-29T04:10:55.615+0000] {processor.py:183} INFO - Processing /opt/airflow/dags/refrence_setup.py took 0.086 seconds
[2025-12-29T04:11:25.773+0000] {processor.py:161} INFO - Started process (PID=590) to work on /opt/airflow/dags/refrence_setup.py
[2025-12-29T04:11:25.773+0000] {processor.py:830} INFO - Processing file /opt/airflow/dags/refrence_setup.py for tasks to queue
[2025-12-29T04:11:25.774+0000] {logging_mixin.py:188} INFO - [2025-12-29T04:11:25.774+0000] {dagbag.py:545} INFO - Filling up the DagBag from /opt/airflow/dags/refrence_setup.py
[2025-12-29T04:11:25.788+0000] {processor.py:840} INFO - DAG(s) 'reference_setup' retrieved from /opt/airflow/dags/refrence_setup.py
[2025-12-29T04:11:25.811+0000] {logging_mixin.py:188} INFO - [2025-12-29T04:11:25.811+0000] {dag.py:3089} INFO - Sync 1 DAGs
[2025-12-29T04:11:25.830+0000] {logging_mixin.py:188} INFO - [2025-12-29T04:11:25.830+0000] {dag.py:3947} INFO - Setting next_dagrun for reference_setup to 2025-12-29 00:00:00+00:00, run_after=2025-12-30 00:00:00+00:00
[2025-12-29T04:11:25.846+0000] {processor.py:183} INFO - Processing /opt/airflow/dags/refrence_setup.py took 0.078 seconds
[2025-12-29T04:11:56.069+0000] {processor.py:161} INFO - Started process (PID=600) to work on /opt/airflow/dags/refrence_setup.py
[2025-12-29T04:11:56.070+0000] {processor.py:830} INFO - Processing file /opt/airflow/dags/refrence_setup.py for tasks to queue
[2025-12-29T04:11:56.071+0000] {logging_mixin.py:188} INFO - [2025-12-29T04:11:56.071+0000] {dagbag.py:545} INFO - Filling up the DagBag from /opt/airflow/dags/refrence_setup.py
[2025-12-29T04:11:56.085+0000] {processor.py:840} INFO - DAG(s) 'reference_setup' retrieved from /opt/airflow/dags/refrence_setup.py
[2025-12-29T04:11:56.109+0000] {logging_mixin.py:188} INFO - [2025-12-29T04:11:56.109+0000] {dag.py:3089} INFO - Sync 1 DAGs
[2025-12-29T04:11:56.126+0000] {logging_mixin.py:188} INFO - [2025-12-29T04:11:56.125+0000] {dag.py:3947} INFO - Setting next_dagrun for reference_setup to 2025-12-29 00:00:00+00:00, run_after=2025-12-30 00:00:00+00:00
[2025-12-29T04:11:56.141+0000] {processor.py:183} INFO - Processing /opt/airflow/dags/refrence_setup.py took 0.076 seconds
[2025-12-29T04:12:26.351+0000] {processor.py:161} INFO - Started process (PID=610) to work on /opt/airflow/dags/refrence_setup.py
[2025-12-29T04:12:26.351+0000] {processor.py:830} INFO - Processing file /opt/airflow/dags/refrence_setup.py for tasks to queue
[2025-12-29T04:12:26.352+0000] {logging_mixin.py:188} INFO - [2025-12-29T04:12:26.352+0000] {dagbag.py:545} INFO - Filling up the DagBag from /opt/airflow/dags/refrence_setup.py
[2025-12-29T04:12:26.367+0000] {processor.py:840} INFO - DAG(s) 'reference_setup' retrieved from /opt/airflow/dags/refrence_setup.py
[2025-12-29T04:12:26.391+0000] {logging_mixin.py:188} INFO - [2025-12-29T04:12:26.391+0000] {dag.py:3089} INFO - Sync 1 DAGs
[2025-12-29T04:12:26.409+0000] {logging_mixin.py:188} INFO - [2025-12-29T04:12:26.409+0000] {dag.py:3947} INFO - Setting next_dagrun for reference_setup to 2025-12-29 00:00:00+00:00, run_after=2025-12-30 00:00:00+00:00
[2025-12-29T04:12:26.425+0000] {processor.py:183} INFO - Processing /opt/airflow/dags/refrence_setup.py took 0.078 seconds
[2025-12-29T04:12:56.623+0000] {processor.py:161} INFO - Started process (PID=620) to work on /opt/airflow/dags/refrence_setup.py
[2025-12-29T04:12:56.623+0000] {processor.py:830} INFO - Processing file /opt/airflow/dags/refrence_setup.py for tasks to queue
[2025-12-29T04:12:56.625+0000] {logging_mixin.py:188} INFO - [2025-12-29T04:12:56.624+0000] {dagbag.py:545} INFO - Filling up the DagBag from /opt/airflow/dags/refrence_setup.py
[2025-12-29T04:12:56.640+0000] {processor.py:840} INFO - DAG(s) 'reference_setup' retrieved from /opt/airflow/dags/refrence_setup.py
[2025-12-29T04:12:56.666+0000] {logging_mixin.py:188} INFO - [2025-12-29T04:12:56.666+0000] {dag.py:3089} INFO - Sync 1 DAGs
[2025-12-29T04:12:56.691+0000] {logging_mixin.py:188} INFO - [2025-12-29T04:12:56.691+0000] {dag.py:3947} INFO - Setting next_dagrun for reference_setup to 2025-12-29 00:00:00+00:00, run_after=2025-12-30 00:00:00+00:00
[2025-12-29T04:12:56.708+0000] {processor.py:183} INFO - Processing /opt/airflow/dags/refrence_setup.py took 0.090 seconds
[2025-12-29T04:13:26.908+0000] {processor.py:161} INFO - Started process (PID=630) to work on /opt/airflow/dags/refrence_setup.py
[2025-12-29T04:13:26.909+0000] {processor.py:830} INFO - Processing file /opt/airflow/dags/refrence_setup.py for tasks to queue
[2025-12-29T04:13:26.910+0000] {logging_mixin.py:188} INFO - [2025-12-29T04:13:26.910+0000] {dagbag.py:545} INFO - Filling up the DagBag from /opt/airflow/dags/refrence_setup.py
[2025-12-29T04:13:26.928+0000] {processor.py:840} INFO - DAG(s) 'reference_setup' retrieved from /opt/airflow/dags/refrence_setup.py
[2025-12-29T04:13:26.955+0000] {logging_mixin.py:188} INFO - [2025-12-29T04:13:26.955+0000] {dag.py:3089} INFO - Sync 1 DAGs
[2025-12-29T04:13:26.975+0000] {logging_mixin.py:188} INFO - [2025-12-29T04:13:26.975+0000] {dag.py:3947} INFO - Setting next_dagrun for reference_setup to 2025-12-29 00:00:00+00:00, run_after=2025-12-30 00:00:00+00:00
[2025-12-29T04:13:26.993+0000] {processor.py:183} INFO - Processing /opt/airflow/dags/refrence_setup.py took 0.089 seconds
[2025-12-29T04:13:57.191+0000] {processor.py:161} INFO - Started process (PID=640) to work on /opt/airflow/dags/refrence_setup.py
[2025-12-29T04:13:57.192+0000] {processor.py:830} INFO - Processing file /opt/airflow/dags/refrence_setup.py for tasks to queue
[2025-12-29T04:13:57.194+0000] {logging_mixin.py:188} INFO - [2025-12-29T04:13:57.193+0000] {dagbag.py:545} INFO - Filling up the DagBag from /opt/airflow/dags/refrence_setup.py
[2025-12-29T04:13:57.208+0000] {processor.py:840} INFO - DAG(s) 'reference_setup' retrieved from /opt/airflow/dags/refrence_setup.py
[2025-12-29T04:13:57.234+0000] {logging_mixin.py:188} INFO - [2025-12-29T04:13:57.234+0000] {dag.py:3089} INFO - Sync 1 DAGs
[2025-12-29T04:13:57.253+0000] {logging_mixin.py:188} INFO - [2025-12-29T04:13:57.253+0000] {dag.py:3947} INFO - Setting next_dagrun for reference_setup to 2025-12-29 00:00:00+00:00, run_after=2025-12-30 00:00:00+00:00
[2025-12-29T04:13:57.269+0000] {processor.py:183} INFO - Processing /opt/airflow/dags/refrence_setup.py took 0.081 seconds
[2025-12-29T04:14:27.473+0000] {processor.py:161} INFO - Started process (PID=650) to work on /opt/airflow/dags/refrence_setup.py
[2025-12-29T04:14:27.474+0000] {processor.py:830} INFO - Processing file /opt/airflow/dags/refrence_setup.py for tasks to queue
[2025-12-29T04:14:27.475+0000] {logging_mixin.py:188} INFO - [2025-12-29T04:14:27.475+0000] {dagbag.py:545} INFO - Filling up the DagBag from /opt/airflow/dags/refrence_setup.py
[2025-12-29T04:14:27.489+0000] {processor.py:840} INFO - DAG(s) 'reference_setup' retrieved from /opt/airflow/dags/refrence_setup.py
[2025-12-29T04:14:27.515+0000] {logging_mixin.py:188} INFO - [2025-12-29T04:14:27.515+0000] {dag.py:3089} INFO - Sync 1 DAGs
[2025-12-29T04:14:27.532+0000] {logging_mixin.py:188} INFO - [2025-12-29T04:14:27.532+0000] {dag.py:3947} INFO - Setting next_dagrun for reference_setup to 2025-12-29 00:00:00+00:00, run_after=2025-12-30 00:00:00+00:00
[2025-12-29T04:14:27.547+0000] {processor.py:183} INFO - Processing /opt/airflow/dags/refrence_setup.py took 0.078 seconds
[2025-12-29T04:14:57.756+0000] {processor.py:161} INFO - Started process (PID=660) to work on /opt/airflow/dags/refrence_setup.py
[2025-12-29T04:14:57.756+0000] {processor.py:830} INFO - Processing file /opt/airflow/dags/refrence_setup.py for tasks to queue
[2025-12-29T04:14:57.757+0000] {logging_mixin.py:188} INFO - [2025-12-29T04:14:57.757+0000] {dagbag.py:545} INFO - Filling up the DagBag from /opt/airflow/dags/refrence_setup.py
[2025-12-29T04:14:57.771+0000] {processor.py:840} INFO - DAG(s) 'reference_setup' retrieved from /opt/airflow/dags/refrence_setup.py
[2025-12-29T04:14:57.796+0000] {logging_mixin.py:188} INFO - [2025-12-29T04:14:57.795+0000] {dag.py:3089} INFO - Sync 1 DAGs
[2025-12-29T04:14:57.814+0000] {logging_mixin.py:188} INFO - [2025-12-29T04:14:57.814+0000] {dag.py:3947} INFO - Setting next_dagrun for reference_setup to 2025-12-29 00:00:00+00:00, run_after=2025-12-30 00:00:00+00:00
[2025-12-29T04:14:57.829+0000] {processor.py:183} INFO - Processing /opt/airflow/dags/refrence_setup.py took 0.077 seconds
[2025-12-29T04:15:28.033+0000] {processor.py:161} INFO - Started process (PID=678) to work on /opt/airflow/dags/refrence_setup.py
[2025-12-29T04:15:28.033+0000] {processor.py:830} INFO - Processing file /opt/airflow/dags/refrence_setup.py for tasks to queue
[2025-12-29T04:15:28.035+0000] {logging_mixin.py:188} INFO - [2025-12-29T04:15:28.034+0000] {dagbag.py:545} INFO - Filling up the DagBag from /opt/airflow/dags/refrence_setup.py
[2025-12-29T04:15:28.050+0000] {processor.py:840} INFO - DAG(s) 'reference_setup' retrieved from /opt/airflow/dags/refrence_setup.py
[2025-12-29T04:15:28.076+0000] {logging_mixin.py:188} INFO - [2025-12-29T04:15:28.076+0000] {dag.py:3089} INFO - Sync 1 DAGs
[2025-12-29T04:15:28.097+0000] {logging_mixin.py:188} INFO - [2025-12-29T04:15:28.097+0000] {dag.py:3947} INFO - Setting next_dagrun for reference_setup to 2025-12-29 00:00:00+00:00, run_after=2025-12-30 00:00:00+00:00
[2025-12-29T04:15:28.113+0000] {processor.py:183} INFO - Processing /opt/airflow/dags/refrence_setup.py took 0.084 seconds
[2025-12-29T04:15:58.316+0000] {processor.py:161} INFO - Started process (PID=688) to work on /opt/airflow/dags/refrence_setup.py
[2025-12-29T04:15:58.317+0000] {processor.py:830} INFO - Processing file /opt/airflow/dags/refrence_setup.py for tasks to queue
[2025-12-29T04:15:58.318+0000] {logging_mixin.py:188} INFO - [2025-12-29T04:15:58.318+0000] {dagbag.py:545} INFO - Filling up the DagBag from /opt/airflow/dags/refrence_setup.py
[2025-12-29T04:15:58.334+0000] {processor.py:840} INFO - DAG(s) 'reference_setup' retrieved from /opt/airflow/dags/refrence_setup.py
[2025-12-29T04:15:58.360+0000] {logging_mixin.py:188} INFO - [2025-12-29T04:15:58.359+0000] {dag.py:3089} INFO - Sync 1 DAGs
[2025-12-29T04:15:58.381+0000] {logging_mixin.py:188} INFO - [2025-12-29T04:15:58.380+0000] {dag.py:3947} INFO - Setting next_dagrun for reference_setup to 2025-12-29 00:00:00+00:00, run_after=2025-12-30 00:00:00+00:00
[2025-12-29T04:15:58.399+0000] {processor.py:183} INFO - Processing /opt/airflow/dags/refrence_setup.py took 0.087 seconds
[2025-12-29T04:16:28.615+0000] {processor.py:161} INFO - Started process (PID=698) to work on /opt/airflow/dags/refrence_setup.py
[2025-12-29T04:16:28.616+0000] {processor.py:830} INFO - Processing file /opt/airflow/dags/refrence_setup.py for tasks to queue
[2025-12-29T04:16:28.617+0000] {logging_mixin.py:188} INFO - [2025-12-29T04:16:28.617+0000] {dagbag.py:545} INFO - Filling up the DagBag from /opt/airflow/dags/refrence_setup.py
[2025-12-29T04:16:28.631+0000] {processor.py:840} INFO - DAG(s) 'reference_setup' retrieved from /opt/airflow/dags/refrence_setup.py
[2025-12-29T04:16:28.654+0000] {logging_mixin.py:188} INFO - [2025-12-29T04:16:28.653+0000] {dag.py:3089} INFO - Sync 1 DAGs
[2025-12-29T04:16:28.673+0000] {logging_mixin.py:188} INFO - [2025-12-29T04:16:28.673+0000] {dag.py:3947} INFO - Setting next_dagrun for reference_setup to 2025-12-29 00:00:00+00:00, run_after=2025-12-30 00:00:00+00:00
[2025-12-29T04:16:28.688+0000] {processor.py:183} INFO - Processing /opt/airflow/dags/refrence_setup.py took 0.077 seconds
[2025-12-29T04:16:58.837+0000] {processor.py:161} INFO - Started process (PID=708) to work on /opt/airflow/dags/refrence_setup.py
[2025-12-29T04:16:58.837+0000] {processor.py:830} INFO - Processing file /opt/airflow/dags/refrence_setup.py for tasks to queue
[2025-12-29T04:16:58.838+0000] {logging_mixin.py:188} INFO - [2025-12-29T04:16:58.838+0000] {dagbag.py:545} INFO - Filling up the DagBag from /opt/airflow/dags/refrence_setup.py
[2025-12-29T04:16:58.852+0000] {processor.py:840} INFO - DAG(s) 'reference_setup' retrieved from /opt/airflow/dags/refrence_setup.py
[2025-12-29T04:16:58.877+0000] {logging_mixin.py:188} INFO - [2025-12-29T04:16:58.877+0000] {dag.py:3089} INFO - Sync 1 DAGs
[2025-12-29T04:16:58.895+0000] {logging_mixin.py:188} INFO - [2025-12-29T04:16:58.895+0000] {dag.py:3947} INFO - Setting next_dagrun for reference_setup to 2025-12-29 00:00:00+00:00, run_after=2025-12-30 00:00:00+00:00
[2025-12-29T04:16:58.911+0000] {processor.py:183} INFO - Processing /opt/airflow/dags/refrence_setup.py took 0.077 seconds
[2025-12-29T04:17:29.127+0000] {processor.py:161} INFO - Started process (PID=718) to work on /opt/airflow/dags/refrence_setup.py
[2025-12-29T04:17:29.128+0000] {processor.py:830} INFO - Processing file /opt/airflow/dags/refrence_setup.py for tasks to queue
[2025-12-29T04:17:29.129+0000] {logging_mixin.py:188} INFO - [2025-12-29T04:17:29.129+0000] {dagbag.py:545} INFO - Filling up the DagBag from /opt/airflow/dags/refrence_setup.py
[2025-12-29T04:17:29.143+0000] {processor.py:840} INFO - DAG(s) 'reference_setup' retrieved from /opt/airflow/dags/refrence_setup.py
[2025-12-29T04:17:29.168+0000] {logging_mixin.py:188} INFO - [2025-12-29T04:17:29.168+0000] {dag.py:3089} INFO - Sync 1 DAGs
[2025-12-29T04:17:29.186+0000] {logging_mixin.py:188} INFO - [2025-12-29T04:17:29.186+0000] {dag.py:3947} INFO - Setting next_dagrun for reference_setup to 2025-12-29 00:00:00+00:00, run_after=2025-12-30 00:00:00+00:00
[2025-12-29T04:17:29.201+0000] {processor.py:183} INFO - Processing /opt/airflow/dags/refrence_setup.py took 0.078 seconds
[2025-12-29T04:17:59.408+0000] {processor.py:161} INFO - Started process (PID=728) to work on /opt/airflow/dags/refrence_setup.py
[2025-12-29T04:17:59.409+0000] {processor.py:830} INFO - Processing file /opt/airflow/dags/refrence_setup.py for tasks to queue
[2025-12-29T04:17:59.410+0000] {logging_mixin.py:188} INFO - [2025-12-29T04:17:59.410+0000] {dagbag.py:545} INFO - Filling up the DagBag from /opt/airflow/dags/refrence_setup.py
[2025-12-29T04:17:59.424+0000] {processor.py:840} INFO - DAG(s) 'reference_setup' retrieved from /opt/airflow/dags/refrence_setup.py
[2025-12-29T04:17:59.447+0000] {logging_mixin.py:188} INFO - [2025-12-29T04:17:59.447+0000] {dag.py:3089} INFO - Sync 1 DAGs
[2025-12-29T04:17:59.464+0000] {logging_mixin.py:188} INFO - [2025-12-29T04:17:59.463+0000] {dag.py:3947} INFO - Setting next_dagrun for reference_setup to 2025-12-29 00:00:00+00:00, run_after=2025-12-30 00:00:00+00:00
[2025-12-29T04:17:59.478+0000] {processor.py:183} INFO - Processing /opt/airflow/dags/refrence_setup.py took 0.073 seconds
[2025-12-29T04:18:29.602+0000] {processor.py:161} INFO - Started process (PID=738) to work on /opt/airflow/dags/refrence_setup.py
[2025-12-29T04:18:29.602+0000] {processor.py:830} INFO - Processing file /opt/airflow/dags/refrence_setup.py for tasks to queue
[2025-12-29T04:18:29.603+0000] {logging_mixin.py:188} INFO - [2025-12-29T04:18:29.603+0000] {dagbag.py:545} INFO - Filling up the DagBag from /opt/airflow/dags/refrence_setup.py
[2025-12-29T04:18:29.616+0000] {processor.py:840} INFO - DAG(s) 'reference_setup' retrieved from /opt/airflow/dags/refrence_setup.py
[2025-12-29T04:18:29.640+0000] {logging_mixin.py:188} INFO - [2025-12-29T04:18:29.640+0000] {dag.py:3089} INFO - Sync 1 DAGs
[2025-12-29T04:18:29.657+0000] {logging_mixin.py:188} INFO - [2025-12-29T04:18:29.657+0000] {dag.py:3947} INFO - Setting next_dagrun for reference_setup to 2025-12-29 00:00:00+00:00, run_after=2025-12-30 00:00:00+00:00
[2025-12-29T04:18:29.673+0000] {processor.py:183} INFO - Processing /opt/airflow/dags/refrence_setup.py took 0.075 seconds
[2025-12-29T04:18:59.823+0000] {processor.py:161} INFO - Started process (PID=748) to work on /opt/airflow/dags/refrence_setup.py
[2025-12-29T04:18:59.824+0000] {processor.py:830} INFO - Processing file /opt/airflow/dags/refrence_setup.py for tasks to queue
[2025-12-29T04:18:59.825+0000] {logging_mixin.py:188} INFO - [2025-12-29T04:18:59.825+0000] {dagbag.py:545} INFO - Filling up the DagBag from /opt/airflow/dags/refrence_setup.py
[2025-12-29T04:18:59.839+0000] {processor.py:840} INFO - DAG(s) 'reference_setup' retrieved from /opt/airflow/dags/refrence_setup.py
[2025-12-29T04:18:59.871+0000] {logging_mixin.py:188} INFO - [2025-12-29T04:18:59.871+0000] {dag.py:3089} INFO - Sync 1 DAGs
[2025-12-29T04:18:59.892+0000] {logging_mixin.py:188} INFO - [2025-12-29T04:18:59.892+0000] {dag.py:3947} INFO - Setting next_dagrun for reference_setup to 2025-12-29 00:00:00+00:00, run_after=2025-12-30 00:00:00+00:00
[2025-12-29T04:18:59.910+0000] {processor.py:183} INFO - Processing /opt/airflow/dags/refrence_setup.py took 0.091 seconds
[2025-12-29T04:19:30.104+0000] {processor.py:161} INFO - Started process (PID=758) to work on /opt/airflow/dags/refrence_setup.py
[2025-12-29T04:19:30.104+0000] {processor.py:830} INFO - Processing file /opt/airflow/dags/refrence_setup.py for tasks to queue
[2025-12-29T04:19:30.106+0000] {logging_mixin.py:188} INFO - [2025-12-29T04:19:30.106+0000] {dagbag.py:545} INFO - Filling up the DagBag from /opt/airflow/dags/refrence_setup.py
[2025-12-29T04:19:30.121+0000] {processor.py:840} INFO - DAG(s) 'reference_setup' retrieved from /opt/airflow/dags/refrence_setup.py
[2025-12-29T04:19:30.158+0000] {logging_mixin.py:188} INFO - [2025-12-29T04:19:30.157+0000] {dag.py:3089} INFO - Sync 1 DAGs
[2025-12-29T04:19:30.177+0000] {logging_mixin.py:188} INFO - [2025-12-29T04:19:30.177+0000] {dag.py:3947} INFO - Setting next_dagrun for reference_setup to 2025-12-29 00:00:00+00:00, run_after=2025-12-30 00:00:00+00:00
[2025-12-29T04:19:30.193+0000] {processor.py:183} INFO - Processing /opt/airflow/dags/refrence_setup.py took 0.095 seconds
[2025-12-29T04:20:00.399+0000] {processor.py:161} INFO - Started process (PID=768) to work on /opt/airflow/dags/refrence_setup.py
[2025-12-29T04:20:00.399+0000] {processor.py:830} INFO - Processing file /opt/airflow/dags/refrence_setup.py for tasks to queue
[2025-12-29T04:20:00.400+0000] {logging_mixin.py:188} INFO - [2025-12-29T04:20:00.400+0000] {dagbag.py:545} INFO - Filling up the DagBag from /opt/airflow/dags/refrence_setup.py
[2025-12-29T04:20:00.415+0000] {processor.py:840} INFO - DAG(s) 'reference_setup' retrieved from /opt/airflow/dags/refrence_setup.py
[2025-12-29T04:20:00.447+0000] {logging_mixin.py:188} INFO - [2025-12-29T04:20:00.447+0000] {dag.py:3089} INFO - Sync 1 DAGs
[2025-12-29T04:20:00.464+0000] {logging_mixin.py:188} INFO - [2025-12-29T04:20:00.464+0000] {dag.py:3947} INFO - Setting next_dagrun for reference_setup to 2025-12-29 00:00:00+00:00, run_after=2025-12-30 00:00:00+00:00
[2025-12-29T04:20:00.479+0000] {processor.py:183} INFO - Processing /opt/airflow/dags/refrence_setup.py took 0.085 seconds
[2025-12-29T04:20:30.686+0000] {processor.py:161} INFO - Started process (PID=778) to work on /opt/airflow/dags/refrence_setup.py
[2025-12-29T04:20:30.686+0000] {processor.py:830} INFO - Processing file /opt/airflow/dags/refrence_setup.py for tasks to queue
[2025-12-29T04:20:30.687+0000] {logging_mixin.py:188} INFO - [2025-12-29T04:20:30.687+0000] {dagbag.py:545} INFO - Filling up the DagBag from /opt/airflow/dags/refrence_setup.py
[2025-12-29T04:20:30.711+0000] {processor.py:840} INFO - DAG(s) 'reference_setup' retrieved from /opt/airflow/dags/refrence_setup.py
[2025-12-29T04:20:30.737+0000] {logging_mixin.py:188} INFO - [2025-12-29T04:20:30.736+0000] {dag.py:3089} INFO - Sync 1 DAGs
[2025-12-29T04:20:30.755+0000] {logging_mixin.py:188} INFO - [2025-12-29T04:20:30.755+0000] {dag.py:3947} INFO - Setting next_dagrun for reference_setup to 2025-12-29 00:00:00+00:00, run_after=2025-12-30 00:00:00+00:00
[2025-12-29T04:20:30.772+0000] {processor.py:183} INFO - Processing /opt/airflow/dags/refrence_setup.py took 0.091 seconds
[2025-12-29T04:21:00.995+0000] {processor.py:161} INFO - Started process (PID=788) to work on /opt/airflow/dags/refrence_setup.py
[2025-12-29T04:21:00.996+0000] {processor.py:830} INFO - Processing file /opt/airflow/dags/refrence_setup.py for tasks to queue
[2025-12-29T04:21:00.997+0000] {logging_mixin.py:188} INFO - [2025-12-29T04:21:00.997+0000] {dagbag.py:545} INFO - Filling up the DagBag from /opt/airflow/dags/refrence_setup.py
[2025-12-29T04:21:01.013+0000] {processor.py:840} INFO - DAG(s) 'reference_setup' retrieved from /opt/airflow/dags/refrence_setup.py
[2025-12-29T04:21:01.040+0000] {logging_mixin.py:188} INFO - [2025-12-29T04:21:01.040+0000] {dag.py:3089} INFO - Sync 1 DAGs
[2025-12-29T04:21:01.057+0000] {logging_mixin.py:188} INFO - [2025-12-29T04:21:01.057+0000] {dag.py:3947} INFO - Setting next_dagrun for reference_setup to 2025-12-29 00:00:00+00:00, run_after=2025-12-30 00:00:00+00:00
[2025-12-29T04:21:01.072+0000] {processor.py:183} INFO - Processing /opt/airflow/dags/refrence_setup.py took 0.082 seconds
[2025-12-29T04:21:31.282+0000] {processor.py:161} INFO - Started process (PID=798) to work on /opt/airflow/dags/refrence_setup.py
[2025-12-29T04:21:31.282+0000] {processor.py:830} INFO - Processing file /opt/airflow/dags/refrence_setup.py for tasks to queue
[2025-12-29T04:21:31.284+0000] {logging_mixin.py:188} INFO - [2025-12-29T04:21:31.283+0000] {dagbag.py:545} INFO - Filling up the DagBag from /opt/airflow/dags/refrence_setup.py
[2025-12-29T04:21:31.299+0000] {processor.py:840} INFO - DAG(s) 'reference_setup' retrieved from /opt/airflow/dags/refrence_setup.py
[2025-12-29T04:21:31.324+0000] {logging_mixin.py:188} INFO - [2025-12-29T04:21:31.324+0000] {dag.py:3089} INFO - Sync 1 DAGs
[2025-12-29T04:21:31.343+0000] {logging_mixin.py:188} INFO - [2025-12-29T04:21:31.343+0000] {dag.py:3947} INFO - Setting next_dagrun for reference_setup to 2025-12-29 00:00:00+00:00, run_after=2025-12-30 00:00:00+00:00
[2025-12-29T04:21:31.359+0000] {processor.py:183} INFO - Processing /opt/airflow/dags/refrence_setup.py took 0.082 seconds
[2025-12-29T04:22:01.600+0000] {processor.py:161} INFO - Started process (PID=808) to work on /opt/airflow/dags/refrence_setup.py
[2025-12-29T04:22:01.600+0000] {processor.py:830} INFO - Processing file /opt/airflow/dags/refrence_setup.py for tasks to queue
[2025-12-29T04:22:01.601+0000] {logging_mixin.py:188} INFO - [2025-12-29T04:22:01.601+0000] {dagbag.py:545} INFO - Filling up the DagBag from /opt/airflow/dags/refrence_setup.py
[2025-12-29T04:22:01.615+0000] {processor.py:840} INFO - DAG(s) 'reference_setup' retrieved from /opt/airflow/dags/refrence_setup.py
[2025-12-29T04:22:01.638+0000] {logging_mixin.py:188} INFO - [2025-12-29T04:22:01.638+0000] {dag.py:3089} INFO - Sync 1 DAGs
[2025-12-29T04:22:01.659+0000] {logging_mixin.py:188} INFO - [2025-12-29T04:22:01.658+0000] {dag.py:3947} INFO - Setting next_dagrun for reference_setup to 2025-12-29 00:00:00+00:00, run_after=2025-12-30 00:00:00+00:00
[2025-12-29T04:22:01.674+0000] {processor.py:183} INFO - Processing /opt/airflow/dags/refrence_setup.py took 0.078 seconds
[2025-12-29T04:22:31.885+0000] {processor.py:161} INFO - Started process (PID=818) to work on /opt/airflow/dags/refrence_setup.py
[2025-12-29T04:22:31.886+0000] {processor.py:830} INFO - Processing file /opt/airflow/dags/refrence_setup.py for tasks to queue
[2025-12-29T04:22:31.887+0000] {logging_mixin.py:188} INFO - [2025-12-29T04:22:31.887+0000] {dagbag.py:545} INFO - Filling up the DagBag from /opt/airflow/dags/refrence_setup.py
[2025-12-29T04:22:31.901+0000] {processor.py:840} INFO - DAG(s) 'reference_setup' retrieved from /opt/airflow/dags/refrence_setup.py
[2025-12-29T04:22:31.928+0000] {logging_mixin.py:188} INFO - [2025-12-29T04:22:31.927+0000] {dag.py:3089} INFO - Sync 1 DAGs
[2025-12-29T04:22:31.947+0000] {logging_mixin.py:188} INFO - [2025-12-29T04:22:31.947+0000] {dag.py:3947} INFO - Setting next_dagrun for reference_setup to 2025-12-29 00:00:00+00:00, run_after=2025-12-30 00:00:00+00:00
[2025-12-29T04:22:31.964+0000] {processor.py:183} INFO - Processing /opt/airflow/dags/refrence_setup.py took 0.083 seconds
[2025-12-29T04:23:02.173+0000] {processor.py:161} INFO - Started process (PID=828) to work on /opt/airflow/dags/refrence_setup.py
[2025-12-29T04:23:02.174+0000] {processor.py:830} INFO - Processing file /opt/airflow/dags/refrence_setup.py for tasks to queue
[2025-12-29T04:23:02.175+0000] {logging_mixin.py:188} INFO - [2025-12-29T04:23:02.175+0000] {dagbag.py:545} INFO - Filling up the DagBag from /opt/airflow/dags/refrence_setup.py
[2025-12-29T04:23:02.190+0000] {processor.py:840} INFO - DAG(s) 'reference_setup' retrieved from /opt/airflow/dags/refrence_setup.py
[2025-12-29T04:23:02.215+0000] {logging_mixin.py:188} INFO - [2025-12-29T04:23:02.215+0000] {dag.py:3089} INFO - Sync 1 DAGs
[2025-12-29T04:23:02.233+0000] {logging_mixin.py:188} INFO - [2025-12-29T04:23:02.233+0000] {dag.py:3947} INFO - Setting next_dagrun for reference_setup to 2025-12-29 00:00:00+00:00, run_after=2025-12-30 00:00:00+00:00
[2025-12-29T04:23:02.250+0000] {processor.py:183} INFO - Processing /opt/airflow/dags/refrence_setup.py took 0.082 seconds
[2025-12-29T04:23:32.467+0000] {processor.py:161} INFO - Started process (PID=838) to work on /opt/airflow/dags/refrence_setup.py
[2025-12-29T04:23:32.467+0000] {processor.py:830} INFO - Processing file /opt/airflow/dags/refrence_setup.py for tasks to queue
[2025-12-29T04:23:32.468+0000] {logging_mixin.py:188} INFO - [2025-12-29T04:23:32.468+0000] {dagbag.py:545} INFO - Filling up the DagBag from /opt/airflow/dags/refrence_setup.py
[2025-12-29T04:23:32.483+0000] {processor.py:840} INFO - DAG(s) 'reference_setup' retrieved from /opt/airflow/dags/refrence_setup.py
[2025-12-29T04:23:32.506+0000] {logging_mixin.py:188} INFO - [2025-12-29T04:23:32.506+0000] {dag.py:3089} INFO - Sync 1 DAGs
[2025-12-29T04:23:32.523+0000] {logging_mixin.py:188} INFO - [2025-12-29T04:23:32.523+0000] {dag.py:3947} INFO - Setting next_dagrun for reference_setup to 2025-12-29 00:00:00+00:00, run_after=2025-12-30 00:00:00+00:00
[2025-12-29T04:23:32.540+0000] {processor.py:183} INFO - Processing /opt/airflow/dags/refrence_setup.py took 0.077 seconds
[2025-12-29T04:24:02.749+0000] {processor.py:161} INFO - Started process (PID=848) to work on /opt/airflow/dags/refrence_setup.py
[2025-12-29T04:24:02.750+0000] {processor.py:830} INFO - Processing file /opt/airflow/dags/refrence_setup.py for tasks to queue
[2025-12-29T04:24:02.751+0000] {logging_mixin.py:188} INFO - [2025-12-29T04:24:02.751+0000] {dagbag.py:545} INFO - Filling up the DagBag from /opt/airflow/dags/refrence_setup.py
[2025-12-29T04:24:02.765+0000] {processor.py:840} INFO - DAG(s) 'reference_setup' retrieved from /opt/airflow/dags/refrence_setup.py
[2025-12-29T04:24:02.789+0000] {logging_mixin.py:188} INFO - [2025-12-29T04:24:02.788+0000] {dag.py:3089} INFO - Sync 1 DAGs
[2025-12-29T04:24:02.805+0000] {logging_mixin.py:188} INFO - [2025-12-29T04:24:02.805+0000] {dag.py:3947} INFO - Setting next_dagrun for reference_setup to 2025-12-29 00:00:00+00:00, run_after=2025-12-30 00:00:00+00:00
[2025-12-29T04:24:02.820+0000] {processor.py:183} INFO - Processing /opt/airflow/dags/refrence_setup.py took 0.075 seconds
[2025-12-29T04:24:32.941+0000] {processor.py:161} INFO - Started process (PID=858) to work on /opt/airflow/dags/refrence_setup.py
[2025-12-29T04:24:32.942+0000] {processor.py:830} INFO - Processing file /opt/airflow/dags/refrence_setup.py for tasks to queue
[2025-12-29T04:24:32.943+0000] {logging_mixin.py:188} INFO - [2025-12-29T04:24:32.943+0000] {dagbag.py:545} INFO - Filling up the DagBag from /opt/airflow/dags/refrence_setup.py
[2025-12-29T04:24:32.957+0000] {processor.py:840} INFO - DAG(s) 'reference_setup' retrieved from /opt/airflow/dags/refrence_setup.py
[2025-12-29T04:24:32.981+0000] {logging_mixin.py:188} INFO - [2025-12-29T04:24:32.981+0000] {dag.py:3089} INFO - Sync 1 DAGs
[2025-12-29T04:24:32.999+0000] {logging_mixin.py:188} INFO - [2025-12-29T04:24:32.999+0000] {dag.py:3947} INFO - Setting next_dagrun for reference_setup to 2025-12-29 00:00:00+00:00, run_after=2025-12-30 00:00:00+00:00
[2025-12-29T04:24:33.016+0000] {processor.py:183} INFO - Processing /opt/airflow/dags/refrence_setup.py took 0.078 seconds
[2025-12-29T04:25:03.230+0000] {processor.py:161} INFO - Started process (PID=868) to work on /opt/airflow/dags/refrence_setup.py
[2025-12-29T04:25:03.230+0000] {processor.py:830} INFO - Processing file /opt/airflow/dags/refrence_setup.py for tasks to queue
[2025-12-29T04:25:03.232+0000] {logging_mixin.py:188} INFO - [2025-12-29T04:25:03.232+0000] {dagbag.py:545} INFO - Filling up the DagBag from /opt/airflow/dags/refrence_setup.py
[2025-12-29T04:25:03.246+0000] {processor.py:840} INFO - DAG(s) 'reference_setup' retrieved from /opt/airflow/dags/refrence_setup.py
[2025-12-29T04:25:03.271+0000] {logging_mixin.py:188} INFO - [2025-12-29T04:25:03.271+0000] {dag.py:3089} INFO - Sync 1 DAGs
[2025-12-29T04:25:03.292+0000] {logging_mixin.py:188} INFO - [2025-12-29T04:25:03.291+0000] {dag.py:3947} INFO - Setting next_dagrun for reference_setup to 2025-12-29 00:00:00+00:00, run_after=2025-12-30 00:00:00+00:00
[2025-12-29T04:25:03.308+0000] {processor.py:183} INFO - Processing /opt/airflow/dags/refrence_setup.py took 0.083 seconds
[2025-12-29T04:25:33.419+0000] {processor.py:161} INFO - Started process (PID=878) to work on /opt/airflow/dags/refrence_setup.py
[2025-12-29T04:25:33.420+0000] {processor.py:830} INFO - Processing file /opt/airflow/dags/refrence_setup.py for tasks to queue
[2025-12-29T04:25:33.421+0000] {logging_mixin.py:188} INFO - [2025-12-29T04:25:33.421+0000] {dagbag.py:545} INFO - Filling up the DagBag from /opt/airflow/dags/refrence_setup.py
[2025-12-29T04:25:33.435+0000] {processor.py:840} INFO - DAG(s) 'reference_setup' retrieved from /opt/airflow/dags/refrence_setup.py
[2025-12-29T04:25:33.460+0000] {logging_mixin.py:188} INFO - [2025-12-29T04:25:33.459+0000] {dag.py:3089} INFO - Sync 1 DAGs
[2025-12-29T04:25:33.478+0000] {logging_mixin.py:188} INFO - [2025-12-29T04:25:33.478+0000] {dag.py:3947} INFO - Setting next_dagrun for reference_setup to 2025-12-29 00:00:00+00:00, run_after=2025-12-30 00:00:00+00:00
[2025-12-29T04:25:33.493+0000] {processor.py:183} INFO - Processing /opt/airflow/dags/refrence_setup.py took 0.078 seconds
[2025-12-29T04:26:03.708+0000] {processor.py:161} INFO - Started process (PID=888) to work on /opt/airflow/dags/refrence_setup.py
[2025-12-29T04:26:03.709+0000] {processor.py:830} INFO - Processing file /opt/airflow/dags/refrence_setup.py for tasks to queue
[2025-12-29T04:26:03.711+0000] {logging_mixin.py:188} INFO - [2025-12-29T04:26:03.710+0000] {dagbag.py:545} INFO - Filling up the DagBag from /opt/airflow/dags/refrence_setup.py
[2025-12-29T04:26:03.732+0000] {processor.py:840} INFO - DAG(s) 'reference_setup' retrieved from /opt/airflow/dags/refrence_setup.py
[2025-12-29T04:26:03.767+0000] {logging_mixin.py:188} INFO - [2025-12-29T04:26:03.766+0000] {dag.py:3089} INFO - Sync 1 DAGs
[2025-12-29T04:26:03.792+0000] {logging_mixin.py:188} INFO - [2025-12-29T04:26:03.791+0000] {dag.py:3947} INFO - Setting next_dagrun for reference_setup to 2025-12-29 00:00:00+00:00, run_after=2025-12-30 00:00:00+00:00
[2025-12-29T04:26:03.819+0000] {processor.py:183} INFO - Processing /opt/airflow/dags/refrence_setup.py took 0.116 seconds
[2025-12-29T04:26:34.022+0000] {processor.py:161} INFO - Started process (PID=898) to work on /opt/airflow/dags/refrence_setup.py
[2025-12-29T04:26:34.022+0000] {processor.py:830} INFO - Processing file /opt/airflow/dags/refrence_setup.py for tasks to queue
[2025-12-29T04:26:34.023+0000] {logging_mixin.py:188} INFO - [2025-12-29T04:26:34.023+0000] {dagbag.py:545} INFO - Filling up the DagBag from /opt/airflow/dags/refrence_setup.py
[2025-12-29T04:26:34.037+0000] {processor.py:840} INFO - DAG(s) 'reference_setup' retrieved from /opt/airflow/dags/refrence_setup.py
[2025-12-29T04:26:34.062+0000] {logging_mixin.py:188} INFO - [2025-12-29T04:26:34.061+0000] {dag.py:3089} INFO - Sync 1 DAGs
[2025-12-29T04:26:34.081+0000] {logging_mixin.py:188} INFO - [2025-12-29T04:26:34.081+0000] {dag.py:3947} INFO - Setting next_dagrun for reference_setup to 2025-12-29 00:00:00+00:00, run_after=2025-12-30 00:00:00+00:00
[2025-12-29T04:26:34.096+0000] {processor.py:183} INFO - Processing /opt/airflow/dags/refrence_setup.py took 0.078 seconds
[2025-12-29T04:27:04.343+0000] {processor.py:161} INFO - Started process (PID=908) to work on /opt/airflow/dags/refrence_setup.py
[2025-12-29T04:27:04.344+0000] {processor.py:830} INFO - Processing file /opt/airflow/dags/refrence_setup.py for tasks to queue
[2025-12-29T04:27:04.345+0000] {logging_mixin.py:188} INFO - [2025-12-29T04:27:04.345+0000] {dagbag.py:545} INFO - Filling up the DagBag from /opt/airflow/dags/refrence_setup.py
[2025-12-29T04:27:04.360+0000] {processor.py:840} INFO - DAG(s) 'reference_setup' retrieved from /opt/airflow/dags/refrence_setup.py
[2025-12-29T04:27:04.387+0000] {logging_mixin.py:188} INFO - [2025-12-29T04:27:04.387+0000] {dag.py:3089} INFO - Sync 1 DAGs
[2025-12-29T04:27:04.408+0000] {logging_mixin.py:188} INFO - [2025-12-29T04:27:04.408+0000] {dag.py:3947} INFO - Setting next_dagrun for reference_setup to 2025-12-29 00:00:00+00:00, run_after=2025-12-30 00:00:00+00:00
[2025-12-29T04:27:04.427+0000] {processor.py:183} INFO - Processing /opt/airflow/dags/refrence_setup.py took 0.089 seconds
[2025-12-29T04:27:34.632+0000] {processor.py:161} INFO - Started process (PID=918) to work on /opt/airflow/dags/refrence_setup.py
[2025-12-29T04:27:34.633+0000] {processor.py:830} INFO - Processing file /opt/airflow/dags/refrence_setup.py for tasks to queue
[2025-12-29T04:27:34.634+0000] {logging_mixin.py:188} INFO - [2025-12-29T04:27:34.634+0000] {dagbag.py:545} INFO - Filling up the DagBag from /opt/airflow/dags/refrence_setup.py
[2025-12-29T04:27:34.651+0000] {processor.py:840} INFO - DAG(s) 'reference_setup' retrieved from /opt/airflow/dags/refrence_setup.py
[2025-12-29T04:27:34.680+0000] {logging_mixin.py:188} INFO - [2025-12-29T04:27:34.679+0000] {dag.py:3089} INFO - Sync 1 DAGs
[2025-12-29T04:27:34.700+0000] {logging_mixin.py:188} INFO - [2025-12-29T04:27:34.700+0000] {dag.py:3947} INFO - Setting next_dagrun for reference_setup to 2025-12-29 00:00:00+00:00, run_after=2025-12-30 00:00:00+00:00
[2025-12-29T04:27:34.721+0000] {processor.py:183} INFO - Processing /opt/airflow/dags/refrence_setup.py took 0.094 seconds
[2025-12-29T04:28:04.923+0000] {processor.py:161} INFO - Started process (PID=928) to work on /opt/airflow/dags/refrence_setup.py
[2025-12-29T04:28:04.923+0000] {processor.py:830} INFO - Processing file /opt/airflow/dags/refrence_setup.py for tasks to queue
[2025-12-29T04:28:04.925+0000] {logging_mixin.py:188} INFO - [2025-12-29T04:28:04.925+0000] {dagbag.py:545} INFO - Filling up the DagBag from /opt/airflow/dags/refrence_setup.py
[2025-12-29T04:28:04.940+0000] {processor.py:840} INFO - DAG(s) 'reference_setup' retrieved from /opt/airflow/dags/refrence_setup.py
[2025-12-29T04:28:04.969+0000] {logging_mixin.py:188} INFO - [2025-12-29T04:28:04.969+0000] {dag.py:3089} INFO - Sync 1 DAGs
[2025-12-29T04:28:04.992+0000] {logging_mixin.py:188} INFO - [2025-12-29T04:28:04.991+0000] {dag.py:3947} INFO - Setting next_dagrun for reference_setup to 2025-12-29 00:00:00+00:00, run_after=2025-12-30 00:00:00+00:00
[2025-12-29T04:28:05.007+0000] {processor.py:183} INFO - Processing /opt/airflow/dags/refrence_setup.py took 0.088 seconds
[2025-12-29T04:28:35.197+0000] {processor.py:161} INFO - Started process (PID=938) to work on /opt/airflow/dags/refrence_setup.py
[2025-12-29T04:28:35.198+0000] {processor.py:830} INFO - Processing file /opt/airflow/dags/refrence_setup.py for tasks to queue
[2025-12-29T04:28:35.200+0000] {logging_mixin.py:188} INFO - [2025-12-29T04:28:35.199+0000] {dagbag.py:545} INFO - Filling up the DagBag from /opt/airflow/dags/refrence_setup.py
[2025-12-29T04:28:35.215+0000] {processor.py:840} INFO - DAG(s) 'reference_setup' retrieved from /opt/airflow/dags/refrence_setup.py
[2025-12-29T04:28:35.239+0000] {logging_mixin.py:188} INFO - [2025-12-29T04:28:35.239+0000] {dag.py:3089} INFO - Sync 1 DAGs
[2025-12-29T04:28:35.259+0000] {logging_mixin.py:188} INFO - [2025-12-29T04:28:35.258+0000] {dag.py:3947} INFO - Setting next_dagrun for reference_setup to 2025-12-29 00:00:00+00:00, run_after=2025-12-30 00:00:00+00:00
[2025-12-29T04:28:35.276+0000] {processor.py:183} INFO - Processing /opt/airflow/dags/refrence_setup.py took 0.083 seconds
[2025-12-29T04:29:05.489+0000] {processor.py:161} INFO - Started process (PID=948) to work on /opt/airflow/dags/refrence_setup.py
[2025-12-29T04:29:05.490+0000] {processor.py:830} INFO - Processing file /opt/airflow/dags/refrence_setup.py for tasks to queue
[2025-12-29T04:29:05.491+0000] {logging_mixin.py:188} INFO - [2025-12-29T04:29:05.491+0000] {dagbag.py:545} INFO - Filling up the DagBag from /opt/airflow/dags/refrence_setup.py
[2025-12-29T04:29:05.506+0000] {processor.py:840} INFO - DAG(s) 'reference_setup' retrieved from /opt/airflow/dags/refrence_setup.py
[2025-12-29T04:29:05.531+0000] {logging_mixin.py:188} INFO - [2025-12-29T04:29:05.531+0000] {dag.py:3089} INFO - Sync 1 DAGs
[2025-12-29T04:29:05.552+0000] {logging_mixin.py:188} INFO - [2025-12-29T04:29:05.551+0000] {dag.py:3947} INFO - Setting next_dagrun for reference_setup to 2025-12-29 00:00:00+00:00, run_after=2025-12-30 00:00:00+00:00
[2025-12-29T04:29:05.567+0000] {processor.py:183} INFO - Processing /opt/airflow/dags/refrence_setup.py took 0.082 seconds
[2025-12-29T04:29:35.774+0000] {processor.py:161} INFO - Started process (PID=958) to work on /opt/airflow/dags/refrence_setup.py
[2025-12-29T04:29:35.775+0000] {processor.py:830} INFO - Processing file /opt/airflow/dags/refrence_setup.py for tasks to queue
[2025-12-29T04:29:35.776+0000] {logging_mixin.py:188} INFO - [2025-12-29T04:29:35.776+0000] {dagbag.py:545} INFO - Filling up the DagBag from /opt/airflow/dags/refrence_setup.py
[2025-12-29T04:29:35.790+0000] {processor.py:840} INFO - DAG(s) 'reference_setup' retrieved from /opt/airflow/dags/refrence_setup.py
[2025-12-29T04:29:35.813+0000] {logging_mixin.py:188} INFO - [2025-12-29T04:29:35.812+0000] {dag.py:3089} INFO - Sync 1 DAGs
[2025-12-29T04:29:35.831+0000] {logging_mixin.py:188} INFO - [2025-12-29T04:29:35.831+0000] {dag.py:3947} INFO - Setting next_dagrun for reference_setup to 2025-12-29 00:00:00+00:00, run_after=2025-12-30 00:00:00+00:00
[2025-12-29T04:29:35.846+0000] {processor.py:183} INFO - Processing /opt/airflow/dags/refrence_setup.py took 0.076 seconds
[2025-12-29T04:30:05.971+0000] {processor.py:161} INFO - Started process (PID=968) to work on /opt/airflow/dags/refrence_setup.py
[2025-12-29T04:30:05.972+0000] {processor.py:830} INFO - Processing file /opt/airflow/dags/refrence_setup.py for tasks to queue
[2025-12-29T04:30:05.973+0000] {logging_mixin.py:188} INFO - [2025-12-29T04:30:05.972+0000] {dagbag.py:545} INFO - Filling up the DagBag from /opt/airflow/dags/refrence_setup.py
[2025-12-29T04:30:05.986+0000] {processor.py:840} INFO - DAG(s) 'reference_setup' retrieved from /opt/airflow/dags/refrence_setup.py
[2025-12-29T04:30:06.010+0000] {logging_mixin.py:188} INFO - [2025-12-29T04:30:06.010+0000] {dag.py:3089} INFO - Sync 1 DAGs
[2025-12-29T04:30:06.032+0000] {logging_mixin.py:188} INFO - [2025-12-29T04:30:06.031+0000] {dag.py:3947} INFO - Setting next_dagrun for reference_setup to 2025-12-29 00:00:00+00:00, run_after=2025-12-30 00:00:00+00:00
[2025-12-29T04:30:06.051+0000] {processor.py:183} INFO - Processing /opt/airflow/dags/refrence_setup.py took 0.083 seconds
[2025-12-29T04:30:36.254+0000] {processor.py:161} INFO - Started process (PID=978) to work on /opt/airflow/dags/refrence_setup.py
[2025-12-29T04:30:36.255+0000] {processor.py:830} INFO - Processing file /opt/airflow/dags/refrence_setup.py for tasks to queue
[2025-12-29T04:30:36.256+0000] {logging_mixin.py:188} INFO - [2025-12-29T04:30:36.256+0000] {dagbag.py:545} INFO - Filling up the DagBag from /opt/airflow/dags/refrence_setup.py
[2025-12-29T04:30:36.270+0000] {processor.py:840} INFO - DAG(s) 'reference_setup' retrieved from /opt/airflow/dags/refrence_setup.py
[2025-12-29T04:30:36.293+0000] {logging_mixin.py:188} INFO - [2025-12-29T04:30:36.293+0000] {dag.py:3089} INFO - Sync 1 DAGs
[2025-12-29T04:30:36.313+0000] {logging_mixin.py:188} INFO - [2025-12-29T04:30:36.313+0000] {dag.py:3947} INFO - Setting next_dagrun for reference_setup to 2025-12-29 00:00:00+00:00, run_after=2025-12-30 00:00:00+00:00
[2025-12-29T04:30:36.331+0000] {processor.py:183} INFO - Processing /opt/airflow/dags/refrence_setup.py took 0.080 seconds
[2025-12-29T04:31:06.530+0000] {processor.py:161} INFO - Started process (PID=988) to work on /opt/airflow/dags/refrence_setup.py
[2025-12-29T04:31:06.531+0000] {processor.py:830} INFO - Processing file /opt/airflow/dags/refrence_setup.py for tasks to queue
[2025-12-29T04:31:06.532+0000] {logging_mixin.py:188} INFO - [2025-12-29T04:31:06.532+0000] {dagbag.py:545} INFO - Filling up the DagBag from /opt/airflow/dags/refrence_setup.py
[2025-12-29T04:31:06.547+0000] {processor.py:840} INFO - DAG(s) 'reference_setup' retrieved from /opt/airflow/dags/refrence_setup.py
[2025-12-29T04:31:06.570+0000] {logging_mixin.py:188} INFO - [2025-12-29T04:31:06.570+0000] {dag.py:3089} INFO - Sync 1 DAGs
[2025-12-29T04:31:06.589+0000] {logging_mixin.py:188} INFO - [2025-12-29T04:31:06.589+0000] {dag.py:3947} INFO - Setting next_dagrun for reference_setup to 2025-12-29 00:00:00+00:00, run_after=2025-12-30 00:00:00+00:00
[2025-12-29T04:31:06.605+0000] {processor.py:183} INFO - Processing /opt/airflow/dags/refrence_setup.py took 0.078 seconds
[2025-12-29T04:31:36.807+0000] {processor.py:161} INFO - Started process (PID=998) to work on /opt/airflow/dags/refrence_setup.py
[2025-12-29T04:31:36.808+0000] {processor.py:830} INFO - Processing file /opt/airflow/dags/refrence_setup.py for tasks to queue
[2025-12-29T04:31:36.809+0000] {logging_mixin.py:188} INFO - [2025-12-29T04:31:36.809+0000] {dagbag.py:545} INFO - Filling up the DagBag from /opt/airflow/dags/refrence_setup.py
[2025-12-29T04:31:36.823+0000] {processor.py:840} INFO - DAG(s) 'reference_setup' retrieved from /opt/airflow/dags/refrence_setup.py
[2025-12-29T04:31:36.849+0000] {logging_mixin.py:188} INFO - [2025-12-29T04:31:36.848+0000] {dag.py:3089} INFO - Sync 1 DAGs
[2025-12-29T04:31:36.867+0000] {logging_mixin.py:188} INFO - [2025-12-29T04:31:36.867+0000] {dag.py:3947} INFO - Setting next_dagrun for reference_setup to 2025-12-29 00:00:00+00:00, run_after=2025-12-30 00:00:00+00:00
[2025-12-29T04:31:36.882+0000] {processor.py:183} INFO - Processing /opt/airflow/dags/refrence_setup.py took 0.079 seconds
[2025-12-29T04:32:07.040+0000] {processor.py:161} INFO - Started process (PID=1008) to work on /opt/airflow/dags/refrence_setup.py
[2025-12-29T04:32:07.040+0000] {processor.py:830} INFO - Processing file /opt/airflow/dags/refrence_setup.py for tasks to queue
[2025-12-29T04:32:07.042+0000] {logging_mixin.py:188} INFO - [2025-12-29T04:32:07.041+0000] {dagbag.py:545} INFO - Filling up the DagBag from /opt/airflow/dags/refrence_setup.py
[2025-12-29T04:32:07.055+0000] {processor.py:840} INFO - DAG(s) 'reference_setup' retrieved from /opt/airflow/dags/refrence_setup.py
[2025-12-29T04:32:07.077+0000] {logging_mixin.py:188} INFO - [2025-12-29T04:32:07.077+0000] {dag.py:3089} INFO - Sync 1 DAGs
[2025-12-29T04:32:07.094+0000] {logging_mixin.py:188} INFO - [2025-12-29T04:32:07.094+0000] {dag.py:3947} INFO - Setting next_dagrun for reference_setup to 2025-12-29 00:00:00+00:00, run_after=2025-12-30 00:00:00+00:00
[2025-12-29T04:32:07.113+0000] {processor.py:183} INFO - Processing /opt/airflow/dags/refrence_setup.py took 0.077 seconds
[2025-12-29T04:32:37.246+0000] {processor.py:161} INFO - Started process (PID=1018) to work on /opt/airflow/dags/refrence_setup.py
[2025-12-29T04:32:37.247+0000] {processor.py:830} INFO - Processing file /opt/airflow/dags/refrence_setup.py for tasks to queue
[2025-12-29T04:32:37.248+0000] {logging_mixin.py:188} INFO - [2025-12-29T04:32:37.247+0000] {dagbag.py:545} INFO - Filling up the DagBag from /opt/airflow/dags/refrence_setup.py
[2025-12-29T04:32:37.262+0000] {processor.py:840} INFO - DAG(s) 'reference_setup' retrieved from /opt/airflow/dags/refrence_setup.py
[2025-12-29T04:32:37.285+0000] {logging_mixin.py:188} INFO - [2025-12-29T04:32:37.285+0000] {dag.py:3089} INFO - Sync 1 DAGs
[2025-12-29T04:32:37.303+0000] {logging_mixin.py:188} INFO - [2025-12-29T04:32:37.303+0000] {dag.py:3947} INFO - Setting next_dagrun for reference_setup to 2025-12-29 00:00:00+00:00, run_after=2025-12-30 00:00:00+00:00
[2025-12-29T04:32:37.318+0000] {processor.py:183} INFO - Processing /opt/airflow/dags/refrence_setup.py took 0.075 seconds
[2025-12-29T04:33:07.543+0000] {processor.py:161} INFO - Started process (PID=1028) to work on /opt/airflow/dags/refrence_setup.py
[2025-12-29T04:33:07.544+0000] {processor.py:830} INFO - Processing file /opt/airflow/dags/refrence_setup.py for tasks to queue
[2025-12-29T04:33:07.545+0000] {logging_mixin.py:188} INFO - [2025-12-29T04:33:07.545+0000] {dagbag.py:545} INFO - Filling up the DagBag from /opt/airflow/dags/refrence_setup.py
[2025-12-29T04:33:07.559+0000] {processor.py:840} INFO - DAG(s) 'reference_setup' retrieved from /opt/airflow/dags/refrence_setup.py
[2025-12-29T04:33:07.582+0000] {logging_mixin.py:188} INFO - [2025-12-29T04:33:07.582+0000] {dag.py:3089} INFO - Sync 1 DAGs
[2025-12-29T04:33:07.600+0000] {logging_mixin.py:188} INFO - [2025-12-29T04:33:07.600+0000] {dag.py:3947} INFO - Setting next_dagrun for reference_setup to 2025-12-29 00:00:00+00:00, run_after=2025-12-30 00:00:00+00:00
[2025-12-29T04:33:07.617+0000] {processor.py:183} INFO - Processing /opt/airflow/dags/refrence_setup.py took 0.078 seconds
[2025-12-29T04:33:37.836+0000] {processor.py:161} INFO - Started process (PID=1038) to work on /opt/airflow/dags/refrence_setup.py
[2025-12-29T04:33:37.837+0000] {processor.py:830} INFO - Processing file /opt/airflow/dags/refrence_setup.py for tasks to queue
[2025-12-29T04:33:37.838+0000] {logging_mixin.py:188} INFO - [2025-12-29T04:33:37.838+0000] {dagbag.py:545} INFO - Filling up the DagBag from /opt/airflow/dags/refrence_setup.py
[2025-12-29T04:33:37.852+0000] {processor.py:840} INFO - DAG(s) 'reference_setup' retrieved from /opt/airflow/dags/refrence_setup.py
[2025-12-29T04:33:37.878+0000] {logging_mixin.py:188} INFO - [2025-12-29T04:33:37.878+0000] {dag.py:3089} INFO - Sync 1 DAGs
[2025-12-29T04:33:37.896+0000] {logging_mixin.py:188} INFO - [2025-12-29T04:33:37.896+0000] {dag.py:3947} INFO - Setting next_dagrun for reference_setup to 2025-12-29 00:00:00+00:00, run_after=2025-12-30 00:00:00+00:00
[2025-12-29T04:33:37.911+0000] {processor.py:183} INFO - Processing /opt/airflow/dags/refrence_setup.py took 0.079 seconds
[2025-12-29T04:34:08.126+0000] {processor.py:161} INFO - Started process (PID=1048) to work on /opt/airflow/dags/refrence_setup.py
[2025-12-29T04:34:08.127+0000] {processor.py:830} INFO - Processing file /opt/airflow/dags/refrence_setup.py for tasks to queue
[2025-12-29T04:34:08.128+0000] {logging_mixin.py:188} INFO - [2025-12-29T04:34:08.128+0000] {dagbag.py:545} INFO - Filling up the DagBag from /opt/airflow/dags/refrence_setup.py
[2025-12-29T04:34:08.143+0000] {processor.py:840} INFO - DAG(s) 'reference_setup' retrieved from /opt/airflow/dags/refrence_setup.py
[2025-12-29T04:34:08.169+0000] {logging_mixin.py:188} INFO - [2025-12-29T04:34:08.168+0000] {dag.py:3089} INFO - Sync 1 DAGs
[2025-12-29T04:34:08.188+0000] {logging_mixin.py:188} INFO - [2025-12-29T04:34:08.188+0000] {dag.py:3947} INFO - Setting next_dagrun for reference_setup to 2025-12-29 00:00:00+00:00, run_after=2025-12-30 00:00:00+00:00
[2025-12-29T04:34:08.206+0000] {processor.py:183} INFO - Processing /opt/airflow/dags/refrence_setup.py took 0.084 seconds
[2025-12-29T04:34:38.417+0000] {processor.py:161} INFO - Started process (PID=1058) to work on /opt/airflow/dags/refrence_setup.py
[2025-12-29T04:34:38.418+0000] {processor.py:830} INFO - Processing file /opt/airflow/dags/refrence_setup.py for tasks to queue
[2025-12-29T04:34:38.419+0000] {logging_mixin.py:188} INFO - [2025-12-29T04:34:38.419+0000] {dagbag.py:545} INFO - Filling up the DagBag from /opt/airflow/dags/refrence_setup.py
[2025-12-29T04:34:38.434+0000] {processor.py:840} INFO - DAG(s) 'reference_setup' retrieved from /opt/airflow/dags/refrence_setup.py
[2025-12-29T04:34:38.458+0000] {logging_mixin.py:188} INFO - [2025-12-29T04:34:38.458+0000] {dag.py:3089} INFO - Sync 1 DAGs
[2025-12-29T04:34:38.476+0000] {logging_mixin.py:188} INFO - [2025-12-29T04:34:38.475+0000] {dag.py:3947} INFO - Setting next_dagrun for reference_setup to 2025-12-29 00:00:00+00:00, run_after=2025-12-30 00:00:00+00:00
[2025-12-29T04:34:38.492+0000] {processor.py:183} INFO - Processing /opt/airflow/dags/refrence_setup.py took 0.080 seconds
[2025-12-29T04:35:08.712+0000] {processor.py:161} INFO - Started process (PID=1068) to work on /opt/airflow/dags/refrence_setup.py
[2025-12-29T04:35:08.713+0000] {processor.py:830} INFO - Processing file /opt/airflow/dags/refrence_setup.py for tasks to queue
[2025-12-29T04:35:08.715+0000] {logging_mixin.py:188} INFO - [2025-12-29T04:35:08.714+0000] {dagbag.py:545} INFO - Filling up the DagBag from /opt/airflow/dags/refrence_setup.py
[2025-12-29T04:35:08.732+0000] {processor.py:840} INFO - DAG(s) 'reference_setup' retrieved from /opt/airflow/dags/refrence_setup.py
[2025-12-29T04:35:08.760+0000] {logging_mixin.py:188} INFO - [2025-12-29T04:35:08.760+0000] {dag.py:3089} INFO - Sync 1 DAGs
[2025-12-29T04:35:08.781+0000] {logging_mixin.py:188} INFO - [2025-12-29T04:35:08.781+0000] {dag.py:3947} INFO - Setting next_dagrun for reference_setup to 2025-12-29 00:00:00+00:00, run_after=2025-12-30 00:00:00+00:00
[2025-12-29T04:35:08.799+0000] {processor.py:183} INFO - Processing /opt/airflow/dags/refrence_setup.py took 0.091 seconds
[2025-12-29T04:35:38.914+0000] {processor.py:161} INFO - Started process (PID=1078) to work on /opt/airflow/dags/refrence_setup.py
[2025-12-29T04:35:38.915+0000] {processor.py:830} INFO - Processing file /opt/airflow/dags/refrence_setup.py for tasks to queue
[2025-12-29T04:35:38.917+0000] {logging_mixin.py:188} INFO - [2025-12-29T04:35:38.916+0000] {dagbag.py:545} INFO - Filling up the DagBag from /opt/airflow/dags/refrence_setup.py
[2025-12-29T04:35:38.932+0000] {processor.py:840} INFO - DAG(s) 'reference_setup' retrieved from /opt/airflow/dags/refrence_setup.py
[2025-12-29T04:35:38.959+0000] {logging_mixin.py:188} INFO - [2025-12-29T04:35:38.959+0000] {dag.py:3089} INFO - Sync 1 DAGs
[2025-12-29T04:35:38.981+0000] {logging_mixin.py:188} INFO - [2025-12-29T04:35:38.981+0000] {dag.py:3947} INFO - Setting next_dagrun for reference_setup to 2025-12-29 00:00:00+00:00, run_after=2025-12-30 00:00:00+00:00
[2025-12-29T04:35:38.998+0000] {processor.py:183} INFO - Processing /opt/airflow/dags/refrence_setup.py took 0.089 seconds
[2025-12-29T04:36:09.207+0000] {processor.py:161} INFO - Started process (PID=1088) to work on /opt/airflow/dags/refrence_setup.py
[2025-12-29T04:36:09.208+0000] {processor.py:830} INFO - Processing file /opt/airflow/dags/refrence_setup.py for tasks to queue
[2025-12-29T04:36:09.209+0000] {logging_mixin.py:188} INFO - [2025-12-29T04:36:09.209+0000] {dagbag.py:545} INFO - Filling up the DagBag from /opt/airflow/dags/refrence_setup.py
[2025-12-29T04:36:09.225+0000] {processor.py:840} INFO - DAG(s) 'reference_setup' retrieved from /opt/airflow/dags/refrence_setup.py
[2025-12-29T04:36:09.249+0000] {logging_mixin.py:188} INFO - [2025-12-29T04:36:09.249+0000] {dag.py:3089} INFO - Sync 1 DAGs
[2025-12-29T04:36:09.268+0000] {logging_mixin.py:188} INFO - [2025-12-29T04:36:09.267+0000] {dag.py:3947} INFO - Setting next_dagrun for reference_setup to 2025-12-29 00:00:00+00:00, run_after=2025-12-30 00:00:00+00:00
[2025-12-29T04:36:09.286+0000] {processor.py:183} INFO - Processing /opt/airflow/dags/refrence_setup.py took 0.082 seconds
[2025-12-29T04:36:39.487+0000] {processor.py:161} INFO - Started process (PID=1098) to work on /opt/airflow/dags/refrence_setup.py
[2025-12-29T04:36:39.488+0000] {processor.py:830} INFO - Processing file /opt/airflow/dags/refrence_setup.py for tasks to queue
[2025-12-29T04:36:39.489+0000] {logging_mixin.py:188} INFO - [2025-12-29T04:36:39.488+0000] {dagbag.py:545} INFO - Filling up the DagBag from /opt/airflow/dags/refrence_setup.py
[2025-12-29T04:36:39.504+0000] {processor.py:840} INFO - DAG(s) 'reference_setup' retrieved from /opt/airflow/dags/refrence_setup.py
[2025-12-29T04:36:39.531+0000] {logging_mixin.py:188} INFO - [2025-12-29T04:36:39.531+0000] {dag.py:3089} INFO - Sync 1 DAGs
[2025-12-29T04:36:39.548+0000] {logging_mixin.py:188} INFO - [2025-12-29T04:36:39.548+0000] {dag.py:3947} INFO - Setting next_dagrun for reference_setup to 2025-12-29 00:00:00+00:00, run_after=2025-12-30 00:00:00+00:00
[2025-12-29T04:36:39.564+0000] {processor.py:183} INFO - Processing /opt/airflow/dags/refrence_setup.py took 0.080 seconds
[2025-12-29T04:37:09.799+0000] {processor.py:161} INFO - Started process (PID=1108) to work on /opt/airflow/dags/refrence_setup.py
[2025-12-29T04:37:09.800+0000] {processor.py:830} INFO - Processing file /opt/airflow/dags/refrence_setup.py for tasks to queue
[2025-12-29T04:37:09.801+0000] {logging_mixin.py:188} INFO - [2025-12-29T04:37:09.801+0000] {dagbag.py:545} INFO - Filling up the DagBag from /opt/airflow/dags/refrence_setup.py
[2025-12-29T04:37:09.817+0000] {processor.py:840} INFO - DAG(s) 'reference_setup' retrieved from /opt/airflow/dags/refrence_setup.py
[2025-12-29T04:37:09.844+0000] {logging_mixin.py:188} INFO - [2025-12-29T04:37:09.844+0000] {dag.py:3089} INFO - Sync 1 DAGs
[2025-12-29T04:37:09.864+0000] {logging_mixin.py:188} INFO - [2025-12-29T04:37:09.864+0000] {dag.py:3947} INFO - Setting next_dagrun for reference_setup to 2025-12-29 00:00:00+00:00, run_after=2025-12-30 00:00:00+00:00
[2025-12-29T04:37:09.882+0000] {processor.py:183} INFO - Processing /opt/airflow/dags/refrence_setup.py took 0.087 seconds
[2025-12-29T04:37:40.095+0000] {processor.py:161} INFO - Started process (PID=1118) to work on /opt/airflow/dags/refrence_setup.py
[2025-12-29T04:37:40.096+0000] {processor.py:830} INFO - Processing file /opt/airflow/dags/refrence_setup.py for tasks to queue
[2025-12-29T04:37:40.097+0000] {logging_mixin.py:188} INFO - [2025-12-29T04:37:40.097+0000] {dagbag.py:545} INFO - Filling up the DagBag from /opt/airflow/dags/refrence_setup.py
[2025-12-29T04:37:40.113+0000] {processor.py:840} INFO - DAG(s) 'reference_setup' retrieved from /opt/airflow/dags/refrence_setup.py
[2025-12-29T04:37:40.140+0000] {logging_mixin.py:188} INFO - [2025-12-29T04:37:40.140+0000] {dag.py:3089} INFO - Sync 1 DAGs
[2025-12-29T04:37:40.160+0000] {logging_mixin.py:188} INFO - [2025-12-29T04:37:40.160+0000] {dag.py:3947} INFO - Setting next_dagrun for reference_setup to 2025-12-29 00:00:00+00:00, run_after=2025-12-30 00:00:00+00:00
[2025-12-29T04:37:40.176+0000] {processor.py:183} INFO - Processing /opt/airflow/dags/refrence_setup.py took 0.085 seconds
[2025-12-29T04:38:10.373+0000] {processor.py:161} INFO - Started process (PID=1128) to work on /opt/airflow/dags/refrence_setup.py
[2025-12-29T04:38:10.373+0000] {processor.py:830} INFO - Processing file /opt/airflow/dags/refrence_setup.py for tasks to queue
[2025-12-29T04:38:10.375+0000] {logging_mixin.py:188} INFO - [2025-12-29T04:38:10.374+0000] {dagbag.py:545} INFO - Filling up the DagBag from /opt/airflow/dags/refrence_setup.py
[2025-12-29T04:38:10.388+0000] {processor.py:840} INFO - DAG(s) 'reference_setup' retrieved from /opt/airflow/dags/refrence_setup.py
[2025-12-29T04:38:10.409+0000] {logging_mixin.py:188} INFO - [2025-12-29T04:38:10.409+0000] {dag.py:3089} INFO - Sync 1 DAGs
[2025-12-29T04:38:10.426+0000] {logging_mixin.py:188} INFO - [2025-12-29T04:38:10.426+0000] {dag.py:3947} INFO - Setting next_dagrun for reference_setup to 2025-12-29 00:00:00+00:00, run_after=2025-12-30 00:00:00+00:00
[2025-12-29T04:38:10.440+0000] {processor.py:183} INFO - Processing /opt/airflow/dags/refrence_setup.py took 0.071 seconds
[2025-12-29T04:38:40.579+0000] {processor.py:161} INFO - Started process (PID=1138) to work on /opt/airflow/dags/refrence_setup.py
[2025-12-29T04:38:40.579+0000] {processor.py:830} INFO - Processing file /opt/airflow/dags/refrence_setup.py for tasks to queue
[2025-12-29T04:38:40.581+0000] {logging_mixin.py:188} INFO - [2025-12-29T04:38:40.581+0000] {dagbag.py:545} INFO - Filling up the DagBag from /opt/airflow/dags/refrence_setup.py
[2025-12-29T04:38:40.596+0000] {processor.py:840} INFO - DAG(s) 'reference_setup' retrieved from /opt/airflow/dags/refrence_setup.py
[2025-12-29T04:38:40.619+0000] {logging_mixin.py:188} INFO - [2025-12-29T04:38:40.619+0000] {dag.py:3089} INFO - Sync 1 DAGs
[2025-12-29T04:38:40.637+0000] {logging_mixin.py:188} INFO - [2025-12-29T04:38:40.637+0000] {dag.py:3947} INFO - Setting next_dagrun for reference_setup to 2025-12-29 00:00:00+00:00, run_after=2025-12-30 00:00:00+00:00
[2025-12-29T04:38:40.655+0000] {processor.py:183} INFO - Processing /opt/airflow/dags/refrence_setup.py took 0.082 seconds
[2025-12-29T04:39:10.858+0000] {processor.py:161} INFO - Started process (PID=1148) to work on /opt/airflow/dags/refrence_setup.py
[2025-12-29T04:39:10.859+0000] {processor.py:830} INFO - Processing file /opt/airflow/dags/refrence_setup.py for tasks to queue
[2025-12-29T04:39:10.860+0000] {logging_mixin.py:188} INFO - [2025-12-29T04:39:10.860+0000] {dagbag.py:545} INFO - Filling up the DagBag from /opt/airflow/dags/refrence_setup.py
[2025-12-29T04:39:10.875+0000] {processor.py:840} INFO - DAG(s) 'reference_setup' retrieved from /opt/airflow/dags/refrence_setup.py
[2025-12-29T04:39:10.900+0000] {logging_mixin.py:188} INFO - [2025-12-29T04:39:10.900+0000] {dag.py:3089} INFO - Sync 1 DAGs
[2025-12-29T04:39:10.919+0000] {logging_mixin.py:188} INFO - [2025-12-29T04:39:10.919+0000] {dag.py:3947} INFO - Setting next_dagrun for reference_setup to 2025-12-29 00:00:00+00:00, run_after=2025-12-30 00:00:00+00:00
[2025-12-29T04:39:10.934+0000] {processor.py:183} INFO - Processing /opt/airflow/dags/refrence_setup.py took 0.081 seconds
[2025-12-29T04:39:41.137+0000] {processor.py:161} INFO - Started process (PID=1158) to work on /opt/airflow/dags/refrence_setup.py
[2025-12-29T04:39:41.138+0000] {processor.py:830} INFO - Processing file /opt/airflow/dags/refrence_setup.py for tasks to queue
[2025-12-29T04:39:41.139+0000] {logging_mixin.py:188} INFO - [2025-12-29T04:39:41.139+0000] {dagbag.py:545} INFO - Filling up the DagBag from /opt/airflow/dags/refrence_setup.py
[2025-12-29T04:39:41.152+0000] {processor.py:840} INFO - DAG(s) 'reference_setup' retrieved from /opt/airflow/dags/refrence_setup.py
[2025-12-29T04:39:41.175+0000] {logging_mixin.py:188} INFO - [2025-12-29T04:39:41.175+0000] {dag.py:3089} INFO - Sync 1 DAGs
[2025-12-29T04:39:41.195+0000] {logging_mixin.py:188} INFO - [2025-12-29T04:39:41.195+0000] {dag.py:3947} INFO - Setting next_dagrun for reference_setup to 2025-12-29 00:00:00+00:00, run_after=2025-12-30 00:00:00+00:00
[2025-12-29T04:39:41.210+0000] {processor.py:183} INFO - Processing /opt/airflow/dags/refrence_setup.py took 0.077 seconds
[2025-12-29T04:40:11.417+0000] {processor.py:161} INFO - Started process (PID=1168) to work on /opt/airflow/dags/refrence_setup.py
[2025-12-29T04:40:11.417+0000] {processor.py:830} INFO - Processing file /opt/airflow/dags/refrence_setup.py for tasks to queue
[2025-12-29T04:40:11.418+0000] {logging_mixin.py:188} INFO - [2025-12-29T04:40:11.418+0000] {dagbag.py:545} INFO - Filling up the DagBag from /opt/airflow/dags/refrence_setup.py
[2025-12-29T04:40:11.433+0000] {processor.py:840} INFO - DAG(s) 'reference_setup' retrieved from /opt/airflow/dags/refrence_setup.py
[2025-12-29T04:40:11.457+0000] {logging_mixin.py:188} INFO - [2025-12-29T04:40:11.456+0000] {dag.py:3089} INFO - Sync 1 DAGs
[2025-12-29T04:40:11.475+0000] {logging_mixin.py:188} INFO - [2025-12-29T04:40:11.474+0000] {dag.py:3947} INFO - Setting next_dagrun for reference_setup to 2025-12-29 00:00:00+00:00, run_after=2025-12-30 00:00:00+00:00
[2025-12-29T04:40:11.489+0000] {processor.py:183} INFO - Processing /opt/airflow/dags/refrence_setup.py took 0.076 seconds
[2025-12-29T04:40:41.614+0000] {processor.py:161} INFO - Started process (PID=1178) to work on /opt/airflow/dags/refrence_setup.py
[2025-12-29T04:40:41.614+0000] {processor.py:830} INFO - Processing file /opt/airflow/dags/refrence_setup.py for tasks to queue
[2025-12-29T04:40:41.616+0000] {logging_mixin.py:188} INFO - [2025-12-29T04:40:41.616+0000] {dagbag.py:545} INFO - Filling up the DagBag from /opt/airflow/dags/refrence_setup.py
[2025-12-29T04:40:41.632+0000] {processor.py:840} INFO - DAG(s) 'reference_setup' retrieved from /opt/airflow/dags/refrence_setup.py
[2025-12-29T04:40:41.658+0000] {logging_mixin.py:188} INFO - [2025-12-29T04:40:41.657+0000] {dag.py:3089} INFO - Sync 1 DAGs
[2025-12-29T04:40:41.677+0000] {logging_mixin.py:188} INFO - [2025-12-29T04:40:41.677+0000] {dag.py:3947} INFO - Setting next_dagrun for reference_setup to 2025-12-29 00:00:00+00:00, run_after=2025-12-30 00:00:00+00:00
[2025-12-29T04:40:41.693+0000] {processor.py:183} INFO - Processing /opt/airflow/dags/refrence_setup.py took 0.083 seconds
[2025-12-29T04:41:11.898+0000] {processor.py:161} INFO - Started process (PID=1188) to work on /opt/airflow/dags/refrence_setup.py
[2025-12-29T04:41:11.899+0000] {processor.py:830} INFO - Processing file /opt/airflow/dags/refrence_setup.py for tasks to queue
[2025-12-29T04:41:11.900+0000] {logging_mixin.py:188} INFO - [2025-12-29T04:41:11.900+0000] {dagbag.py:545} INFO - Filling up the DagBag from /opt/airflow/dags/refrence_setup.py
[2025-12-29T04:41:11.914+0000] {processor.py:840} INFO - DAG(s) 'reference_setup' retrieved from /opt/airflow/dags/refrence_setup.py
[2025-12-29T04:41:11.938+0000] {logging_mixin.py:188} INFO - [2025-12-29T04:41:11.938+0000] {dag.py:3089} INFO - Sync 1 DAGs
[2025-12-29T04:41:11.957+0000] {logging_mixin.py:188} INFO - [2025-12-29T04:41:11.956+0000] {dag.py:3947} INFO - Setting next_dagrun for reference_setup to 2025-12-29 00:00:00+00:00, run_after=2025-12-30 00:00:00+00:00
[2025-12-29T04:41:11.972+0000] {processor.py:183} INFO - Processing /opt/airflow/dags/refrence_setup.py took 0.078 seconds
[2025-12-29T04:41:42.182+0000] {processor.py:161} INFO - Started process (PID=1198) to work on /opt/airflow/dags/refrence_setup.py
[2025-12-29T04:41:42.183+0000] {processor.py:830} INFO - Processing file /opt/airflow/dags/refrence_setup.py for tasks to queue
[2025-12-29T04:41:42.184+0000] {logging_mixin.py:188} INFO - [2025-12-29T04:41:42.184+0000] {dagbag.py:545} INFO - Filling up the DagBag from /opt/airflow/dags/refrence_setup.py
[2025-12-29T04:41:42.199+0000] {processor.py:840} INFO - DAG(s) 'reference_setup' retrieved from /opt/airflow/dags/refrence_setup.py
[2025-12-29T04:41:42.226+0000] {logging_mixin.py:188} INFO - [2025-12-29T04:41:42.226+0000] {dag.py:3089} INFO - Sync 1 DAGs
[2025-12-29T04:41:42.245+0000] {logging_mixin.py:188} INFO - [2025-12-29T04:41:42.245+0000] {dag.py:3947} INFO - Setting next_dagrun for reference_setup to 2025-12-29 00:00:00+00:00, run_after=2025-12-30 00:00:00+00:00
[2025-12-29T04:41:42.263+0000] {processor.py:183} INFO - Processing /opt/airflow/dags/refrence_setup.py took 0.085 seconds
[2025-12-29T04:42:12.505+0000] {processor.py:161} INFO - Started process (PID=1208) to work on /opt/airflow/dags/refrence_setup.py
[2025-12-29T04:42:12.506+0000] {processor.py:830} INFO - Processing file /opt/airflow/dags/refrence_setup.py for tasks to queue
[2025-12-29T04:42:12.507+0000] {logging_mixin.py:188} INFO - [2025-12-29T04:42:12.507+0000] {dagbag.py:545} INFO - Filling up the DagBag from /opt/airflow/dags/refrence_setup.py
[2025-12-29T04:42:12.521+0000] {processor.py:840} INFO - DAG(s) 'reference_setup' retrieved from /opt/airflow/dags/refrence_setup.py
[2025-12-29T04:42:12.551+0000] {logging_mixin.py:188} INFO - [2025-12-29T04:42:12.551+0000] {dag.py:3089} INFO - Sync 1 DAGs
[2025-12-29T04:42:12.572+0000] {logging_mixin.py:188} INFO - [2025-12-29T04:42:12.572+0000] {dag.py:3947} INFO - Setting next_dagrun for reference_setup to 2025-12-29 00:00:00+00:00, run_after=2025-12-30 00:00:00+00:00
[2025-12-29T04:42:12.587+0000] {processor.py:183} INFO - Processing /opt/airflow/dags/refrence_setup.py took 0.086 seconds
[2025-12-29T04:42:42.793+0000] {processor.py:161} INFO - Started process (PID=1218) to work on /opt/airflow/dags/refrence_setup.py
[2025-12-29T04:42:42.794+0000] {processor.py:830} INFO - Processing file /opt/airflow/dags/refrence_setup.py for tasks to queue
[2025-12-29T04:42:42.795+0000] {logging_mixin.py:188} INFO - [2025-12-29T04:42:42.795+0000] {dagbag.py:545} INFO - Filling up the DagBag from /opt/airflow/dags/refrence_setup.py
[2025-12-29T04:42:42.808+0000] {processor.py:840} INFO - DAG(s) 'reference_setup' retrieved from /opt/airflow/dags/refrence_setup.py
[2025-12-29T04:42:42.834+0000] {logging_mixin.py:188} INFO - [2025-12-29T04:42:42.833+0000] {dag.py:3089} INFO - Sync 1 DAGs
[2025-12-29T04:42:42.850+0000] {logging_mixin.py:188} INFO - [2025-12-29T04:42:42.850+0000] {dag.py:3947} INFO - Setting next_dagrun for reference_setup to 2025-12-29 00:00:00+00:00, run_after=2025-12-30 00:00:00+00:00
[2025-12-29T04:42:42.865+0000] {processor.py:183} INFO - Processing /opt/airflow/dags/refrence_setup.py took 0.076 seconds
[2025-12-29T04:43:13.101+0000] {processor.py:161} INFO - Started process (PID=1228) to work on /opt/airflow/dags/refrence_setup.py
[2025-12-29T04:43:13.101+0000] {processor.py:830} INFO - Processing file /opt/airflow/dags/refrence_setup.py for tasks to queue
[2025-12-29T04:43:13.103+0000] {logging_mixin.py:188} INFO - [2025-12-29T04:43:13.103+0000] {dagbag.py:545} INFO - Filling up the DagBag from /opt/airflow/dags/refrence_setup.py
[2025-12-29T04:43:13.117+0000] {processor.py:840} INFO - DAG(s) 'reference_setup' retrieved from /opt/airflow/dags/refrence_setup.py
[2025-12-29T04:43:13.141+0000] {logging_mixin.py:188} INFO - [2025-12-29T04:43:13.141+0000] {dag.py:3089} INFO - Sync 1 DAGs
[2025-12-29T04:43:13.160+0000] {logging_mixin.py:188} INFO - [2025-12-29T04:43:13.160+0000] {dag.py:3947} INFO - Setting next_dagrun for reference_setup to 2025-12-29 00:00:00+00:00, run_after=2025-12-30 00:00:00+00:00
[2025-12-29T04:43:13.175+0000] {processor.py:183} INFO - Processing /opt/airflow/dags/refrence_setup.py took 0.078 seconds
[2025-12-29T04:43:43.295+0000] {processor.py:161} INFO - Started process (PID=1238) to work on /opt/airflow/dags/refrence_setup.py
[2025-12-29T04:43:43.296+0000] {processor.py:830} INFO - Processing file /opt/airflow/dags/refrence_setup.py for tasks to queue
[2025-12-29T04:43:43.297+0000] {logging_mixin.py:188} INFO - [2025-12-29T04:43:43.297+0000] {dagbag.py:545} INFO - Filling up the DagBag from /opt/airflow/dags/refrence_setup.py
[2025-12-29T04:43:43.313+0000] {processor.py:840} INFO - DAG(s) 'reference_setup' retrieved from /opt/airflow/dags/refrence_setup.py
[2025-12-29T04:43:43.340+0000] {logging_mixin.py:188} INFO - [2025-12-29T04:43:43.340+0000] {dag.py:3089} INFO - Sync 1 DAGs
[2025-12-29T04:43:43.361+0000] {logging_mixin.py:188} INFO - [2025-12-29T04:43:43.360+0000] {dag.py:3947} INFO - Setting next_dagrun for reference_setup to 2025-12-29 00:00:00+00:00, run_after=2025-12-30 00:00:00+00:00
[2025-12-29T04:43:43.380+0000] {processor.py:183} INFO - Processing /opt/airflow/dags/refrence_setup.py took 0.089 seconds
[2025-12-29T04:44:13.582+0000] {processor.py:161} INFO - Started process (PID=1248) to work on /opt/airflow/dags/refrence_setup.py
[2025-12-29T04:44:13.582+0000] {processor.py:830} INFO - Processing file /opt/airflow/dags/refrence_setup.py for tasks to queue
[2025-12-29T04:44:13.584+0000] {logging_mixin.py:188} INFO - [2025-12-29T04:44:13.583+0000] {dagbag.py:545} INFO - Filling up the DagBag from /opt/airflow/dags/refrence_setup.py
[2025-12-29T04:44:13.598+0000] {processor.py:840} INFO - DAG(s) 'reference_setup' retrieved from /opt/airflow/dags/refrence_setup.py
[2025-12-29T04:44:13.622+0000] {logging_mixin.py:188} INFO - [2025-12-29T04:44:13.622+0000] {dag.py:3089} INFO - Sync 1 DAGs
[2025-12-29T04:44:13.640+0000] {logging_mixin.py:188} INFO - [2025-12-29T04:44:13.640+0000] {dag.py:3947} INFO - Setting next_dagrun for reference_setup to 2025-12-29 00:00:00+00:00, run_after=2025-12-30 00:00:00+00:00
[2025-12-29T04:44:13.655+0000] {processor.py:183} INFO - Processing /opt/airflow/dags/refrence_setup.py took 0.078 seconds
[2025-12-29T04:44:43.780+0000] {processor.py:161} INFO - Started process (PID=1258) to work on /opt/airflow/dags/refrence_setup.py
[2025-12-29T04:44:43.781+0000] {processor.py:830} INFO - Processing file /opt/airflow/dags/refrence_setup.py for tasks to queue
[2025-12-29T04:44:43.782+0000] {logging_mixin.py:188} INFO - [2025-12-29T04:44:43.782+0000] {dagbag.py:545} INFO - Filling up the DagBag from /opt/airflow/dags/refrence_setup.py
[2025-12-29T04:44:43.798+0000] {processor.py:840} INFO - DAG(s) 'reference_setup' retrieved from /opt/airflow/dags/refrence_setup.py
[2025-12-29T04:44:43.824+0000] {logging_mixin.py:188} INFO - [2025-12-29T04:44:43.824+0000] {dag.py:3089} INFO - Sync 1 DAGs
[2025-12-29T04:44:43.843+0000] {logging_mixin.py:188} INFO - [2025-12-29T04:44:43.843+0000] {dag.py:3947} INFO - Setting next_dagrun for reference_setup to 2025-12-29 00:00:00+00:00, run_after=2025-12-30 00:00:00+00:00
[2025-12-29T04:44:43.862+0000] {processor.py:183} INFO - Processing /opt/airflow/dags/refrence_setup.py took 0.087 seconds
[2025-12-29T04:45:14.082+0000] {processor.py:161} INFO - Started process (PID=1268) to work on /opt/airflow/dags/refrence_setup.py
[2025-12-29T04:45:14.083+0000] {processor.py:830} INFO - Processing file /opt/airflow/dags/refrence_setup.py for tasks to queue
[2025-12-29T04:45:14.084+0000] {logging_mixin.py:188} INFO - [2025-12-29T04:45:14.084+0000] {dagbag.py:545} INFO - Filling up the DagBag from /opt/airflow/dags/refrence_setup.py
[2025-12-29T04:45:14.099+0000] {processor.py:840} INFO - DAG(s) 'reference_setup' retrieved from /opt/airflow/dags/refrence_setup.py
[2025-12-29T04:45:14.124+0000] {logging_mixin.py:188} INFO - [2025-12-29T04:45:14.123+0000] {dag.py:3089} INFO - Sync 1 DAGs
[2025-12-29T04:45:14.143+0000] {logging_mixin.py:188} INFO - [2025-12-29T04:45:14.143+0000] {dag.py:3947} INFO - Setting next_dagrun for reference_setup to 2025-12-29 00:00:00+00:00, run_after=2025-12-30 00:00:00+00:00
[2025-12-29T04:45:14.160+0000] {processor.py:183} INFO - Processing /opt/airflow/dags/refrence_setup.py took 0.082 seconds
[2025-12-29T04:45:44.278+0000] {processor.py:161} INFO - Started process (PID=1278) to work on /opt/airflow/dags/refrence_setup.py
[2025-12-29T04:45:44.279+0000] {processor.py:830} INFO - Processing file /opt/airflow/dags/refrence_setup.py for tasks to queue
[2025-12-29T04:45:44.280+0000] {logging_mixin.py:188} INFO - [2025-12-29T04:45:44.280+0000] {dagbag.py:545} INFO - Filling up the DagBag from /opt/airflow/dags/refrence_setup.py
[2025-12-29T04:45:44.293+0000] {processor.py:840} INFO - DAG(s) 'reference_setup' retrieved from /opt/airflow/dags/refrence_setup.py
[2025-12-29T04:45:44.317+0000] {logging_mixin.py:188} INFO - [2025-12-29T04:45:44.317+0000] {dag.py:3089} INFO - Sync 1 DAGs
[2025-12-29T04:45:44.334+0000] {logging_mixin.py:188} INFO - [2025-12-29T04:45:44.334+0000] {dag.py:3947} INFO - Setting next_dagrun for reference_setup to 2025-12-29 00:00:00+00:00, run_after=2025-12-30 00:00:00+00:00
[2025-12-29T04:45:44.349+0000] {processor.py:183} INFO - Processing /opt/airflow/dags/refrence_setup.py took 0.075 seconds
[2025-12-29T04:46:14.560+0000] {processor.py:161} INFO - Started process (PID=1288) to work on /opt/airflow/dags/refrence_setup.py
[2025-12-29T04:46:14.561+0000] {processor.py:830} INFO - Processing file /opt/airflow/dags/refrence_setup.py for tasks to queue
[2025-12-29T04:46:14.562+0000] {logging_mixin.py:188} INFO - [2025-12-29T04:46:14.562+0000] {dagbag.py:545} INFO - Filling up the DagBag from /opt/airflow/dags/refrence_setup.py
[2025-12-29T04:46:14.577+0000] {processor.py:840} INFO - DAG(s) 'reference_setup' retrieved from /opt/airflow/dags/refrence_setup.py
[2025-12-29T04:46:14.599+0000] {logging_mixin.py:188} INFO - [2025-12-29T04:46:14.599+0000] {dag.py:3089} INFO - Sync 1 DAGs
[2025-12-29T04:46:14.616+0000] {logging_mixin.py:188} INFO - [2025-12-29T04:46:14.616+0000] {dag.py:3947} INFO - Setting next_dagrun for reference_setup to 2025-12-29 00:00:00+00:00, run_after=2025-12-30 00:00:00+00:00
[2025-12-29T04:46:14.631+0000] {processor.py:183} INFO - Processing /opt/airflow/dags/refrence_setup.py took 0.075 seconds
[2025-12-29T04:46:44.848+0000] {processor.py:161} INFO - Started process (PID=1298) to work on /opt/airflow/dags/refrence_setup.py
[2025-12-29T04:46:44.848+0000] {processor.py:830} INFO - Processing file /opt/airflow/dags/refrence_setup.py for tasks to queue
[2025-12-29T04:46:44.851+0000] {logging_mixin.py:188} INFO - [2025-12-29T04:46:44.850+0000] {dagbag.py:545} INFO - Filling up the DagBag from /opt/airflow/dags/refrence_setup.py
[2025-12-29T04:46:44.873+0000] {processor.py:840} INFO - DAG(s) 'reference_setup' retrieved from /opt/airflow/dags/refrence_setup.py
[2025-12-29T04:46:44.903+0000] {logging_mixin.py:188} INFO - [2025-12-29T04:46:44.902+0000] {dag.py:3089} INFO - Sync 1 DAGs
[2025-12-29T04:46:44.923+0000] {logging_mixin.py:188} INFO - [2025-12-29T04:46:44.922+0000] {dag.py:3947} INFO - Setting next_dagrun for reference_setup to 2025-12-29 00:00:00+00:00, run_after=2025-12-30 00:00:00+00:00
[2025-12-29T04:46:44.941+0000] {processor.py:183} INFO - Processing /opt/airflow/dags/refrence_setup.py took 0.097 seconds
[2025-12-29T04:47:15.180+0000] {processor.py:161} INFO - Started process (PID=1308) to work on /opt/airflow/dags/refrence_setup.py
[2025-12-29T04:47:15.181+0000] {processor.py:830} INFO - Processing file /opt/airflow/dags/refrence_setup.py for tasks to queue
[2025-12-29T04:47:15.182+0000] {logging_mixin.py:188} INFO - [2025-12-29T04:47:15.182+0000] {dagbag.py:545} INFO - Filling up the DagBag from /opt/airflow/dags/refrence_setup.py
[2025-12-29T04:47:15.198+0000] {processor.py:840} INFO - DAG(s) 'reference_setup' retrieved from /opt/airflow/dags/refrence_setup.py
[2025-12-29T04:47:15.223+0000] {logging_mixin.py:188} INFO - [2025-12-29T04:47:15.223+0000] {dag.py:3089} INFO - Sync 1 DAGs
[2025-12-29T04:47:15.241+0000] {logging_mixin.py:188} INFO - [2025-12-29T04:47:15.240+0000] {dag.py:3947} INFO - Setting next_dagrun for reference_setup to 2025-12-29 00:00:00+00:00, run_after=2025-12-30 00:00:00+00:00
[2025-12-29T04:47:15.257+0000] {processor.py:183} INFO - Processing /opt/airflow/dags/refrence_setup.py took 0.081 seconds
[2025-12-29T04:47:45.380+0000] {processor.py:161} INFO - Started process (PID=1318) to work on /opt/airflow/dags/refrence_setup.py
[2025-12-29T04:47:45.380+0000] {processor.py:830} INFO - Processing file /opt/airflow/dags/refrence_setup.py for tasks to queue
[2025-12-29T04:47:45.381+0000] {logging_mixin.py:188} INFO - [2025-12-29T04:47:45.381+0000] {dagbag.py:545} INFO - Filling up the DagBag from /opt/airflow/dags/refrence_setup.py
[2025-12-29T04:47:45.397+0000] {processor.py:840} INFO - DAG(s) 'reference_setup' retrieved from /opt/airflow/dags/refrence_setup.py
[2025-12-29T04:47:45.424+0000] {logging_mixin.py:188} INFO - [2025-12-29T04:47:45.424+0000] {dag.py:3089} INFO - Sync 1 DAGs
[2025-12-29T04:47:45.443+0000] {logging_mixin.py:188} INFO - [2025-12-29T04:47:45.443+0000] {dag.py:3947} INFO - Setting next_dagrun for reference_setup to 2025-12-29 00:00:00+00:00, run_after=2025-12-30 00:00:00+00:00
[2025-12-29T04:47:45.460+0000] {processor.py:183} INFO - Processing /opt/airflow/dags/refrence_setup.py took 0.085 seconds
[2025-12-29T04:48:15.667+0000] {processor.py:161} INFO - Started process (PID=1328) to work on /opt/airflow/dags/refrence_setup.py
[2025-12-29T04:48:15.668+0000] {processor.py:830} INFO - Processing file /opt/airflow/dags/refrence_setup.py for tasks to queue
[2025-12-29T04:48:15.669+0000] {logging_mixin.py:188} INFO - [2025-12-29T04:48:15.669+0000] {dagbag.py:545} INFO - Filling up the DagBag from /opt/airflow/dags/refrence_setup.py
[2025-12-29T04:48:15.686+0000] {processor.py:840} INFO - DAG(s) 'reference_setup' retrieved from /opt/airflow/dags/refrence_setup.py
[2025-12-29T04:48:15.716+0000] {logging_mixin.py:188} INFO - [2025-12-29T04:48:15.715+0000] {dag.py:3089} INFO - Sync 1 DAGs
[2025-12-29T04:48:15.736+0000] {logging_mixin.py:188} INFO - [2025-12-29T04:48:15.735+0000] {dag.py:3947} INFO - Setting next_dagrun for reference_setup to 2025-12-29 00:00:00+00:00, run_after=2025-12-30 00:00:00+00:00
[2025-12-29T04:48:15.755+0000] {processor.py:183} INFO - Processing /opt/airflow/dags/refrence_setup.py took 0.092 seconds
[2025-12-29T04:48:45.952+0000] {processor.py:161} INFO - Started process (PID=1338) to work on /opt/airflow/dags/refrence_setup.py
[2025-12-29T04:48:45.952+0000] {processor.py:830} INFO - Processing file /opt/airflow/dags/refrence_setup.py for tasks to queue
[2025-12-29T04:48:45.954+0000] {logging_mixin.py:188} INFO - [2025-12-29T04:48:45.953+0000] {dagbag.py:545} INFO - Filling up the DagBag from /opt/airflow/dags/refrence_setup.py
[2025-12-29T04:48:45.968+0000] {processor.py:840} INFO - DAG(s) 'reference_setup' retrieved from /opt/airflow/dags/refrence_setup.py
[2025-12-29T04:48:45.992+0000] {logging_mixin.py:188} INFO - [2025-12-29T04:48:45.992+0000] {dag.py:3089} INFO - Sync 1 DAGs
[2025-12-29T04:48:46.009+0000] {logging_mixin.py:188} INFO - [2025-12-29T04:48:46.009+0000] {dag.py:3947} INFO - Setting next_dagrun for reference_setup to 2025-12-29 00:00:00+00:00, run_after=2025-12-30 00:00:00+00:00
[2025-12-29T04:48:46.024+0000] {processor.py:183} INFO - Processing /opt/airflow/dags/refrence_setup.py took 0.077 seconds
[2025-12-29T04:49:16.241+0000] {processor.py:161} INFO - Started process (PID=1348) to work on /opt/airflow/dags/refrence_setup.py
[2025-12-29T04:49:16.242+0000] {processor.py:830} INFO - Processing file /opt/airflow/dags/refrence_setup.py for tasks to queue
[2025-12-29T04:49:16.243+0000] {logging_mixin.py:188} INFO - [2025-12-29T04:49:16.243+0000] {dagbag.py:545} INFO - Filling up the DagBag from /opt/airflow/dags/refrence_setup.py
[2025-12-29T04:49:16.258+0000] {processor.py:840} INFO - DAG(s) 'reference_setup' retrieved from /opt/airflow/dags/refrence_setup.py
[2025-12-29T04:49:16.283+0000] {logging_mixin.py:188} INFO - [2025-12-29T04:49:16.282+0000] {dag.py:3089} INFO - Sync 1 DAGs
[2025-12-29T04:49:16.301+0000] {logging_mixin.py:188} INFO - [2025-12-29T04:49:16.301+0000] {dag.py:3947} INFO - Setting next_dagrun for reference_setup to 2025-12-29 00:00:00+00:00, run_after=2025-12-30 00:00:00+00:00
[2025-12-29T04:49:16.315+0000] {processor.py:183} INFO - Processing /opt/airflow/dags/refrence_setup.py took 0.078 seconds
[2025-12-29T04:49:46.438+0000] {processor.py:161} INFO - Started process (PID=1358) to work on /opt/airflow/dags/refrence_setup.py
[2025-12-29T04:49:46.438+0000] {processor.py:830} INFO - Processing file /opt/airflow/dags/refrence_setup.py for tasks to queue
[2025-12-29T04:49:46.439+0000] {logging_mixin.py:188} INFO - [2025-12-29T04:49:46.439+0000] {dagbag.py:545} INFO - Filling up the DagBag from /opt/airflow/dags/refrence_setup.py
[2025-12-29T04:49:46.457+0000] {processor.py:840} INFO - DAG(s) 'reference_setup' retrieved from /opt/airflow/dags/refrence_setup.py
[2025-12-29T04:49:46.488+0000] {logging_mixin.py:188} INFO - [2025-12-29T04:49:46.488+0000] {dag.py:3089} INFO - Sync 1 DAGs
[2025-12-29T04:49:46.512+0000] {logging_mixin.py:188} INFO - [2025-12-29T04:49:46.511+0000] {dag.py:3947} INFO - Setting next_dagrun for reference_setup to 2025-12-29 00:00:00+00:00, run_after=2025-12-30 00:00:00+00:00
[2025-12-29T04:49:46.532+0000] {processor.py:183} INFO - Processing /opt/airflow/dags/refrence_setup.py took 0.099 seconds
[2025-12-29T04:50:16.741+0000] {processor.py:161} INFO - Started process (PID=1368) to work on /opt/airflow/dags/refrence_setup.py
[2025-12-29T04:50:16.742+0000] {processor.py:830} INFO - Processing file /opt/airflow/dags/refrence_setup.py for tasks to queue
[2025-12-29T04:50:16.743+0000] {logging_mixin.py:188} INFO - [2025-12-29T04:50:16.743+0000] {dagbag.py:545} INFO - Filling up the DagBag from /opt/airflow/dags/refrence_setup.py
[2025-12-29T04:50:16.758+0000] {processor.py:840} INFO - DAG(s) 'reference_setup' retrieved from /opt/airflow/dags/refrence_setup.py
[2025-12-29T04:50:16.784+0000] {logging_mixin.py:188} INFO - [2025-12-29T04:50:16.784+0000] {dag.py:3089} INFO - Sync 1 DAGs
[2025-12-29T04:50:16.804+0000] {logging_mixin.py:188} INFO - [2025-12-29T04:50:16.804+0000] {dag.py:3947} INFO - Setting next_dagrun for reference_setup to 2025-12-29 00:00:00+00:00, run_after=2025-12-30 00:00:00+00:00
[2025-12-29T04:50:16.824+0000] {processor.py:183} INFO - Processing /opt/airflow/dags/refrence_setup.py took 0.087 seconds
[2025-12-29T04:50:47.034+0000] {processor.py:161} INFO - Started process (PID=1378) to work on /opt/airflow/dags/refrence_setup.py
[2025-12-29T04:50:47.034+0000] {processor.py:830} INFO - Processing file /opt/airflow/dags/refrence_setup.py for tasks to queue
[2025-12-29T04:50:47.036+0000] {logging_mixin.py:188} INFO - [2025-12-29T04:50:47.036+0000] {dagbag.py:545} INFO - Filling up the DagBag from /opt/airflow/dags/refrence_setup.py
[2025-12-29T04:50:47.054+0000] {processor.py:840} INFO - DAG(s) 'reference_setup' retrieved from /opt/airflow/dags/refrence_setup.py
[2025-12-29T04:50:47.079+0000] {logging_mixin.py:188} INFO - [2025-12-29T04:50:47.079+0000] {dag.py:3089} INFO - Sync 1 DAGs
[2025-12-29T04:50:47.098+0000] {logging_mixin.py:188} INFO - [2025-12-29T04:50:47.097+0000] {dag.py:3947} INFO - Setting next_dagrun for reference_setup to 2025-12-29 00:00:00+00:00, run_after=2025-12-30 00:00:00+00:00
[2025-12-29T04:50:47.113+0000] {processor.py:183} INFO - Processing /opt/airflow/dags/refrence_setup.py took 0.084 seconds
[2025-12-29T04:51:17.329+0000] {processor.py:161} INFO - Started process (PID=1388) to work on /opt/airflow/dags/refrence_setup.py
[2025-12-29T04:51:17.330+0000] {processor.py:830} INFO - Processing file /opt/airflow/dags/refrence_setup.py for tasks to queue
[2025-12-29T04:51:17.331+0000] {logging_mixin.py:188} INFO - [2025-12-29T04:51:17.331+0000] {dagbag.py:545} INFO - Filling up the DagBag from /opt/airflow/dags/refrence_setup.py
[2025-12-29T04:51:17.346+0000] {processor.py:840} INFO - DAG(s) 'reference_setup' retrieved from /opt/airflow/dags/refrence_setup.py
[2025-12-29T04:51:17.370+0000] {logging_mixin.py:188} INFO - [2025-12-29T04:51:17.370+0000] {dag.py:3089} INFO - Sync 1 DAGs
[2025-12-29T04:51:17.388+0000] {logging_mixin.py:188} INFO - [2025-12-29T04:51:17.388+0000] {dag.py:3947} INFO - Setting next_dagrun for reference_setup to 2025-12-29 00:00:00+00:00, run_after=2025-12-30 00:00:00+00:00
[2025-12-29T04:51:17.403+0000] {processor.py:183} INFO - Processing /opt/airflow/dags/refrence_setup.py took 0.078 seconds
[2025-12-29T04:51:47.622+0000] {processor.py:161} INFO - Started process (PID=1398) to work on /opt/airflow/dags/refrence_setup.py
[2025-12-29T04:51:47.623+0000] {processor.py:830} INFO - Processing file /opt/airflow/dags/refrence_setup.py for tasks to queue
[2025-12-29T04:51:47.624+0000] {logging_mixin.py:188} INFO - [2025-12-29T04:51:47.624+0000] {dagbag.py:545} INFO - Filling up the DagBag from /opt/airflow/dags/refrence_setup.py
[2025-12-29T04:51:47.640+0000] {processor.py:840} INFO - DAG(s) 'reference_setup' retrieved from /opt/airflow/dags/refrence_setup.py
[2025-12-29T04:51:47.667+0000] {logging_mixin.py:188} INFO - [2025-12-29T04:51:47.667+0000] {dag.py:3089} INFO - Sync 1 DAGs
[2025-12-29T04:51:47.685+0000] {logging_mixin.py:188} INFO - [2025-12-29T04:51:47.685+0000] {dag.py:3947} INFO - Setting next_dagrun for reference_setup to 2025-12-29 00:00:00+00:00, run_after=2025-12-30 00:00:00+00:00
[2025-12-29T04:51:47.701+0000] {processor.py:183} INFO - Processing /opt/airflow/dags/refrence_setup.py took 0.082 seconds
[2025-12-29T04:52:17.932+0000] {processor.py:161} INFO - Started process (PID=1408) to work on /opt/airflow/dags/refrence_setup.py
[2025-12-29T04:52:17.932+0000] {processor.py:830} INFO - Processing file /opt/airflow/dags/refrence_setup.py for tasks to queue
[2025-12-29T04:52:17.934+0000] {logging_mixin.py:188} INFO - [2025-12-29T04:52:17.933+0000] {dagbag.py:545} INFO - Filling up the DagBag from /opt/airflow/dags/refrence_setup.py
[2025-12-29T04:52:17.947+0000] {processor.py:840} INFO - DAG(s) 'reference_setup' retrieved from /opt/airflow/dags/refrence_setup.py
[2025-12-29T04:52:17.971+0000] {logging_mixin.py:188} INFO - [2025-12-29T04:52:17.971+0000] {dag.py:3089} INFO - Sync 1 DAGs
[2025-12-29T04:52:17.989+0000] {logging_mixin.py:188} INFO - [2025-12-29T04:52:17.989+0000] {dag.py:3947} INFO - Setting next_dagrun for reference_setup to 2025-12-29 00:00:00+00:00, run_after=2025-12-30 00:00:00+00:00
[2025-12-29T04:52:18.004+0000] {processor.py:183} INFO - Processing /opt/airflow/dags/refrence_setup.py took 0.076 seconds
[2025-12-29T04:52:48.208+0000] {processor.py:161} INFO - Started process (PID=1418) to work on /opt/airflow/dags/refrence_setup.py
[2025-12-29T04:52:48.209+0000] {processor.py:830} INFO - Processing file /opt/airflow/dags/refrence_setup.py for tasks to queue
[2025-12-29T04:52:48.210+0000] {logging_mixin.py:188} INFO - [2025-12-29T04:52:48.210+0000] {dagbag.py:545} INFO - Filling up the DagBag from /opt/airflow/dags/refrence_setup.py
[2025-12-29T04:52:48.224+0000] {processor.py:840} INFO - DAG(s) 'reference_setup' retrieved from /opt/airflow/dags/refrence_setup.py
[2025-12-29T04:52:48.250+0000] {logging_mixin.py:188} INFO - [2025-12-29T04:52:48.250+0000] {dag.py:3089} INFO - Sync 1 DAGs
[2025-12-29T04:52:48.269+0000] {logging_mixin.py:188} INFO - [2025-12-29T04:52:48.269+0000] {dag.py:3947} INFO - Setting next_dagrun for reference_setup to 2025-12-29 00:00:00+00:00, run_after=2025-12-30 00:00:00+00:00
[2025-12-29T04:52:48.290+0000] {processor.py:183} INFO - Processing /opt/airflow/dags/refrence_setup.py took 0.086 seconds
[2025-12-29T04:53:18.499+0000] {processor.py:161} INFO - Started process (PID=1428) to work on /opt/airflow/dags/refrence_setup.py
[2025-12-29T04:53:18.500+0000] {processor.py:830} INFO - Processing file /opt/airflow/dags/refrence_setup.py for tasks to queue
[2025-12-29T04:53:18.501+0000] {logging_mixin.py:188} INFO - [2025-12-29T04:53:18.501+0000] {dagbag.py:545} INFO - Filling up the DagBag from /opt/airflow/dags/refrence_setup.py
[2025-12-29T04:53:18.514+0000] {processor.py:840} INFO - DAG(s) 'reference_setup' retrieved from /opt/airflow/dags/refrence_setup.py
[2025-12-29T04:53:18.538+0000] {logging_mixin.py:188} INFO - [2025-12-29T04:53:18.538+0000] {dag.py:3089} INFO - Sync 1 DAGs
[2025-12-29T04:53:18.555+0000] {logging_mixin.py:188} INFO - [2025-12-29T04:53:18.555+0000] {dag.py:3947} INFO - Setting next_dagrun for reference_setup to 2025-12-29 00:00:00+00:00, run_after=2025-12-30 00:00:00+00:00
[2025-12-29T04:53:18.569+0000] {processor.py:183} INFO - Processing /opt/airflow/dags/refrence_setup.py took 0.074 seconds
[2025-12-29T04:53:48.703+0000] {processor.py:161} INFO - Started process (PID=1438) to work on /opt/airflow/dags/refrence_setup.py
[2025-12-29T04:53:48.703+0000] {processor.py:830} INFO - Processing file /opt/airflow/dags/refrence_setup.py for tasks to queue
[2025-12-29T04:53:48.705+0000] {logging_mixin.py:188} INFO - [2025-12-29T04:53:48.704+0000] {dagbag.py:545} INFO - Filling up the DagBag from /opt/airflow/dags/refrence_setup.py
[2025-12-29T04:53:48.722+0000] {processor.py:840} INFO - DAG(s) 'reference_setup' retrieved from /opt/airflow/dags/refrence_setup.py
[2025-12-29T04:53:48.750+0000] {logging_mixin.py:188} INFO - [2025-12-29T04:53:48.749+0000] {dag.py:3089} INFO - Sync 1 DAGs
[2025-12-29T04:53:48.772+0000] {logging_mixin.py:188} INFO - [2025-12-29T04:53:48.771+0000] {dag.py:3947} INFO - Setting next_dagrun for reference_setup to 2025-12-29 00:00:00+00:00, run_after=2025-12-30 00:00:00+00:00
[2025-12-29T04:53:48.789+0000] {processor.py:183} INFO - Processing /opt/airflow/dags/refrence_setup.py took 0.092 seconds
[2025-12-29T04:54:19.002+0000] {processor.py:161} INFO - Started process (PID=1448) to work on /opt/airflow/dags/refrence_setup.py
[2025-12-29T04:54:19.003+0000] {processor.py:830} INFO - Processing file /opt/airflow/dags/refrence_setup.py for tasks to queue
[2025-12-29T04:54:19.004+0000] {logging_mixin.py:188} INFO - [2025-12-29T04:54:19.004+0000] {dagbag.py:545} INFO - Filling up the DagBag from /opt/airflow/dags/refrence_setup.py
[2025-12-29T04:54:19.019+0000] {processor.py:840} INFO - DAG(s) 'reference_setup' retrieved from /opt/airflow/dags/refrence_setup.py
[2025-12-29T04:54:19.046+0000] {logging_mixin.py:188} INFO - [2025-12-29T04:54:19.046+0000] {dag.py:3089} INFO - Sync 1 DAGs
[2025-12-29T04:54:19.065+0000] {logging_mixin.py:188} INFO - [2025-12-29T04:54:19.065+0000] {dag.py:3947} INFO - Setting next_dagrun for reference_setup to 2025-12-29 00:00:00+00:00, run_after=2025-12-30 00:00:00+00:00
[2025-12-29T04:54:19.084+0000] {processor.py:183} INFO - Processing /opt/airflow/dags/refrence_setup.py took 0.086 seconds
[2025-12-29T04:54:49.291+0000] {processor.py:161} INFO - Started process (PID=1458) to work on /opt/airflow/dags/refrence_setup.py
[2025-12-29T04:54:49.292+0000] {processor.py:830} INFO - Processing file /opt/airflow/dags/refrence_setup.py for tasks to queue
[2025-12-29T04:54:49.293+0000] {logging_mixin.py:188} INFO - [2025-12-29T04:54:49.293+0000] {dagbag.py:545} INFO - Filling up the DagBag from /opt/airflow/dags/refrence_setup.py
[2025-12-29T04:54:49.307+0000] {processor.py:840} INFO - DAG(s) 'reference_setup' retrieved from /opt/airflow/dags/refrence_setup.py
[2025-12-29T04:54:49.331+0000] {logging_mixin.py:188} INFO - [2025-12-29T04:54:49.331+0000] {dag.py:3089} INFO - Sync 1 DAGs
[2025-12-29T04:54:49.348+0000] {logging_mixin.py:188} INFO - [2025-12-29T04:54:49.348+0000] {dag.py:3947} INFO - Setting next_dagrun for reference_setup to 2025-12-29 00:00:00+00:00, run_after=2025-12-30 00:00:00+00:00
[2025-12-29T04:54:49.364+0000] {processor.py:183} INFO - Processing /opt/airflow/dags/refrence_setup.py took 0.077 seconds
[2025-12-29T04:55:19.569+0000] {processor.py:161} INFO - Started process (PID=1468) to work on /opt/airflow/dags/refrence_setup.py
[2025-12-29T04:55:19.569+0000] {processor.py:830} INFO - Processing file /opt/airflow/dags/refrence_setup.py for tasks to queue
[2025-12-29T04:55:19.571+0000] {logging_mixin.py:188} INFO - [2025-12-29T04:55:19.570+0000] {dagbag.py:545} INFO - Filling up the DagBag from /opt/airflow/dags/refrence_setup.py
[2025-12-29T04:55:19.587+0000] {processor.py:840} INFO - DAG(s) 'reference_setup' retrieved from /opt/airflow/dags/refrence_setup.py
[2025-12-29T04:55:19.614+0000] {logging_mixin.py:188} INFO - [2025-12-29T04:55:19.614+0000] {dag.py:3089} INFO - Sync 1 DAGs
[2025-12-29T04:55:19.633+0000] {logging_mixin.py:188} INFO - [2025-12-29T04:55:19.633+0000] {dag.py:3947} INFO - Setting next_dagrun for reference_setup to 2025-12-29 00:00:00+00:00, run_after=2025-12-30 00:00:00+00:00
[2025-12-29T04:55:19.651+0000] {processor.py:183} INFO - Processing /opt/airflow/dags/refrence_setup.py took 0.086 seconds
[2025-12-29T04:55:49.859+0000] {processor.py:161} INFO - Started process (PID=1478) to work on /opt/airflow/dags/refrence_setup.py
[2025-12-29T04:55:49.860+0000] {processor.py:830} INFO - Processing file /opt/airflow/dags/refrence_setup.py for tasks to queue
[2025-12-29T04:55:49.861+0000] {logging_mixin.py:188} INFO - [2025-12-29T04:55:49.861+0000] {dagbag.py:545} INFO - Filling up the DagBag from /opt/airflow/dags/refrence_setup.py
[2025-12-29T04:55:49.877+0000] {processor.py:840} INFO - DAG(s) 'reference_setup' retrieved from /opt/airflow/dags/refrence_setup.py
[2025-12-29T04:55:49.904+0000] {logging_mixin.py:188} INFO - [2025-12-29T04:55:49.904+0000] {dag.py:3089} INFO - Sync 1 DAGs
[2025-12-29T04:55:49.923+0000] {logging_mixin.py:188} INFO - [2025-12-29T04:55:49.923+0000] {dag.py:3947} INFO - Setting next_dagrun for reference_setup to 2025-12-29 00:00:00+00:00, run_after=2025-12-30 00:00:00+00:00
[2025-12-29T04:55:49.941+0000] {processor.py:183} INFO - Processing /opt/airflow/dags/refrence_setup.py took 0.086 seconds
[2025-12-29T04:56:20.152+0000] {processor.py:161} INFO - Started process (PID=1488) to work on /opt/airflow/dags/refrence_setup.py
[2025-12-29T04:56:20.152+0000] {processor.py:830} INFO - Processing file /opt/airflow/dags/refrence_setup.py for tasks to queue
[2025-12-29T04:56:20.154+0000] {logging_mixin.py:188} INFO - [2025-12-29T04:56:20.154+0000] {dagbag.py:545} INFO - Filling up the DagBag from /opt/airflow/dags/refrence_setup.py
[2025-12-29T04:56:20.167+0000] {processor.py:840} INFO - DAG(s) 'reference_setup' retrieved from /opt/airflow/dags/refrence_setup.py
[2025-12-29T04:56:20.190+0000] {logging_mixin.py:188} INFO - [2025-12-29T04:56:20.190+0000] {dag.py:3089} INFO - Sync 1 DAGs
[2025-12-29T04:56:20.209+0000] {logging_mixin.py:188} INFO - [2025-12-29T04:56:20.209+0000] {dag.py:3947} INFO - Setting next_dagrun for reference_setup to 2025-12-29 00:00:00+00:00, run_after=2025-12-30 00:00:00+00:00
[2025-12-29T04:56:20.224+0000] {processor.py:183} INFO - Processing /opt/airflow/dags/refrence_setup.py took 0.076 seconds
[2025-12-29T04:56:50.424+0000] {processor.py:161} INFO - Started process (PID=1498) to work on /opt/airflow/dags/refrence_setup.py
[2025-12-29T04:56:50.424+0000] {processor.py:830} INFO - Processing file /opt/airflow/dags/refrence_setup.py for tasks to queue
[2025-12-29T04:56:50.426+0000] {logging_mixin.py:188} INFO - [2025-12-29T04:56:50.426+0000] {dagbag.py:545} INFO - Filling up the DagBag from /opt/airflow/dags/refrence_setup.py
[2025-12-29T04:56:50.441+0000] {processor.py:840} INFO - DAG(s) 'reference_setup' retrieved from /opt/airflow/dags/refrence_setup.py
[2025-12-29T04:56:50.466+0000] {logging_mixin.py:188} INFO - [2025-12-29T04:56:50.466+0000] {dag.py:3089} INFO - Sync 1 DAGs
[2025-12-29T04:56:50.484+0000] {logging_mixin.py:188} INFO - [2025-12-29T04:56:50.484+0000] {dag.py:3947} INFO - Setting next_dagrun for reference_setup to 2025-12-29 00:00:00+00:00, run_after=2025-12-30 00:00:00+00:00
[2025-12-29T04:56:50.500+0000] {processor.py:183} INFO - Processing /opt/airflow/dags/refrence_setup.py took 0.080 seconds
[2025-12-29T04:57:20.740+0000] {processor.py:161} INFO - Started process (PID=1508) to work on /opt/airflow/dags/refrence_setup.py
[2025-12-29T04:57:20.741+0000] {processor.py:830} INFO - Processing file /opt/airflow/dags/refrence_setup.py for tasks to queue
[2025-12-29T04:57:20.742+0000] {logging_mixin.py:188} INFO - [2025-12-29T04:57:20.742+0000] {dagbag.py:545} INFO - Filling up the DagBag from /opt/airflow/dags/refrence_setup.py
[2025-12-29T04:57:20.757+0000] {processor.py:840} INFO - DAG(s) 'reference_setup' retrieved from /opt/airflow/dags/refrence_setup.py
[2025-12-29T04:57:20.782+0000] {logging_mixin.py:188} INFO - [2025-12-29T04:57:20.781+0000] {dag.py:3089} INFO - Sync 1 DAGs
[2025-12-29T04:57:20.799+0000] {logging_mixin.py:188} INFO - [2025-12-29T04:57:20.799+0000] {dag.py:3947} INFO - Setting next_dagrun for reference_setup to 2025-12-29 00:00:00+00:00, run_after=2025-12-30 00:00:00+00:00
[2025-12-29T04:57:20.815+0000] {processor.py:183} INFO - Processing /opt/airflow/dags/refrence_setup.py took 0.078 seconds
[2025-12-29T04:57:51.019+0000] {processor.py:161} INFO - Started process (PID=1518) to work on /opt/airflow/dags/refrence_setup.py
[2025-12-29T04:57:51.019+0000] {processor.py:830} INFO - Processing file /opt/airflow/dags/refrence_setup.py for tasks to queue
[2025-12-29T04:57:51.021+0000] {logging_mixin.py:188} INFO - [2025-12-29T04:57:51.020+0000] {dagbag.py:545} INFO - Filling up the DagBag from /opt/airflow/dags/refrence_setup.py
[2025-12-29T04:57:51.035+0000] {processor.py:840} INFO - DAG(s) 'reference_setup' retrieved from /opt/airflow/dags/refrence_setup.py
[2025-12-29T04:57:51.058+0000] {logging_mixin.py:188} INFO - [2025-12-29T04:57:51.058+0000] {dag.py:3089} INFO - Sync 1 DAGs
[2025-12-29T04:57:51.076+0000] {logging_mixin.py:188} INFO - [2025-12-29T04:57:51.075+0000] {dag.py:3947} INFO - Setting next_dagrun for reference_setup to 2025-12-29 00:00:00+00:00, run_after=2025-12-30 00:00:00+00:00
[2025-12-29T04:57:51.092+0000] {processor.py:183} INFO - Processing /opt/airflow/dags/refrence_setup.py took 0.079 seconds
[2025-12-29T04:58:21.315+0000] {processor.py:161} INFO - Started process (PID=1528) to work on /opt/airflow/dags/refrence_setup.py
[2025-12-29T04:58:21.316+0000] {processor.py:830} INFO - Processing file /opt/airflow/dags/refrence_setup.py for tasks to queue
[2025-12-29T04:58:21.317+0000] {logging_mixin.py:188} INFO - [2025-12-29T04:58:21.316+0000] {dagbag.py:545} INFO - Filling up the DagBag from /opt/airflow/dags/refrence_setup.py
[2025-12-29T04:58:21.331+0000] {processor.py:840} INFO - DAG(s) 'reference_setup' retrieved from /opt/airflow/dags/refrence_setup.py
[2025-12-29T04:58:21.359+0000] {logging_mixin.py:188} INFO - [2025-12-29T04:58:21.359+0000] {dag.py:3089} INFO - Sync 1 DAGs
[2025-12-29T04:58:21.378+0000] {logging_mixin.py:188} INFO - [2025-12-29T04:58:21.377+0000] {dag.py:3947} INFO - Setting next_dagrun for reference_setup to 2025-12-29 00:00:00+00:00, run_after=2025-12-30 00:00:00+00:00
[2025-12-29T04:58:21.395+0000] {processor.py:183} INFO - Processing /opt/airflow/dags/refrence_setup.py took 0.084 seconds
[2025-12-29T04:58:51.616+0000] {processor.py:161} INFO - Started process (PID=1538) to work on /opt/airflow/dags/refrence_setup.py
[2025-12-29T04:58:51.617+0000] {processor.py:830} INFO - Processing file /opt/airflow/dags/refrence_setup.py for tasks to queue
[2025-12-29T04:58:51.618+0000] {logging_mixin.py:188} INFO - [2025-12-29T04:58:51.618+0000] {dagbag.py:545} INFO - Filling up the DagBag from /opt/airflow/dags/refrence_setup.py
[2025-12-29T04:58:51.634+0000] {processor.py:840} INFO - DAG(s) 'reference_setup' retrieved from /opt/airflow/dags/refrence_setup.py
[2025-12-29T04:58:51.661+0000] {logging_mixin.py:188} INFO - [2025-12-29T04:58:51.660+0000] {dag.py:3089} INFO - Sync 1 DAGs
[2025-12-29T04:58:51.680+0000] {logging_mixin.py:188} INFO - [2025-12-29T04:58:51.679+0000] {dag.py:3947} INFO - Setting next_dagrun for reference_setup to 2025-12-29 00:00:00+00:00, run_after=2025-12-30 00:00:00+00:00
[2025-12-29T04:58:51.697+0000] {processor.py:183} INFO - Processing /opt/airflow/dags/refrence_setup.py took 0.085 seconds
[2025-12-29T04:59:22.027+0000] {processor.py:161} INFO - Started process (PID=1548) to work on /opt/airflow/dags/refrence_setup.py
[2025-12-29T04:59:22.029+0000] {processor.py:830} INFO - Processing file /opt/airflow/dags/refrence_setup.py for tasks to queue
[2025-12-29T04:59:22.036+0000] {logging_mixin.py:188} INFO - [2025-12-29T04:59:22.034+0000] {dagbag.py:545} INFO - Filling up the DagBag from /opt/airflow/dags/refrence_setup.py
[2025-12-29T04:59:22.083+0000] {processor.py:840} INFO - DAG(s) 'reference_setup' retrieved from /opt/airflow/dags/refrence_setup.py
[2025-12-29T04:59:22.131+0000] {logging_mixin.py:188} INFO - [2025-12-29T04:59:22.130+0000] {dag.py:3089} INFO - Sync 1 DAGs
[2025-12-29T04:59:22.174+0000] {logging_mixin.py:188} INFO - [2025-12-29T04:59:22.173+0000] {dag.py:3947} INFO - Setting next_dagrun for reference_setup to 2025-12-29 00:00:00+00:00, run_after=2025-12-30 00:00:00+00:00
[2025-12-29T04:59:22.211+0000] {processor.py:183} INFO - Processing /opt/airflow/dags/refrence_setup.py took 0.193 seconds
[2025-12-29T04:59:52.416+0000] {processor.py:161} INFO - Started process (PID=1558) to work on /opt/airflow/dags/refrence_setup.py
[2025-12-29T04:59:52.417+0000] {processor.py:830} INFO - Processing file /opt/airflow/dags/refrence_setup.py for tasks to queue
[2025-12-29T04:59:52.418+0000] {logging_mixin.py:188} INFO - [2025-12-29T04:59:52.418+0000] {dagbag.py:545} INFO - Filling up the DagBag from /opt/airflow/dags/refrence_setup.py
[2025-12-29T04:59:52.438+0000] {processor.py:840} INFO - DAG(s) 'reference_setup' retrieved from /opt/airflow/dags/refrence_setup.py
[2025-12-29T04:59:52.468+0000] {logging_mixin.py:188} INFO - [2025-12-29T04:59:52.468+0000] {dag.py:3089} INFO - Sync 1 DAGs
[2025-12-29T04:59:52.488+0000] {logging_mixin.py:188} INFO - [2025-12-29T04:59:52.488+0000] {dag.py:3947} INFO - Setting next_dagrun for reference_setup to 2025-12-29 00:00:00+00:00, run_after=2025-12-30 00:00:00+00:00
[2025-12-29T04:59:52.509+0000] {processor.py:183} INFO - Processing /opt/airflow/dags/refrence_setup.py took 0.098 seconds
[2025-12-29T05:00:22.623+0000] {processor.py:161} INFO - Started process (PID=1568) to work on /opt/airflow/dags/refrence_setup.py
[2025-12-29T05:00:22.623+0000] {processor.py:830} INFO - Processing file /opt/airflow/dags/refrence_setup.py for tasks to queue
[2025-12-29T05:00:22.624+0000] {logging_mixin.py:188} INFO - [2025-12-29T05:00:22.624+0000] {dagbag.py:545} INFO - Filling up the DagBag from /opt/airflow/dags/refrence_setup.py
[2025-12-29T05:00:22.639+0000] {processor.py:840} INFO - DAG(s) 'reference_setup' retrieved from /opt/airflow/dags/refrence_setup.py
[2025-12-29T05:00:22.665+0000] {logging_mixin.py:188} INFO - [2025-12-29T05:00:22.665+0000] {dag.py:3089} INFO - Sync 1 DAGs
[2025-12-29T05:00:22.682+0000] {logging_mixin.py:188} INFO - [2025-12-29T05:00:22.682+0000] {dag.py:3947} INFO - Setting next_dagrun for reference_setup to 2025-12-29 00:00:00+00:00, run_after=2025-12-30 00:00:00+00:00
[2025-12-29T05:00:22.700+0000] {processor.py:183} INFO - Processing /opt/airflow/dags/refrence_setup.py took 0.082 seconds
[2025-12-29T05:00:52.877+0000] {processor.py:161} INFO - Started process (PID=1578) to work on /opt/airflow/dags/refrence_setup.py
[2025-12-29T05:00:52.878+0000] {processor.py:830} INFO - Processing file /opt/airflow/dags/refrence_setup.py for tasks to queue
[2025-12-29T05:00:52.879+0000] {logging_mixin.py:188} INFO - [2025-12-29T05:00:52.879+0000] {dagbag.py:545} INFO - Filling up the DagBag from /opt/airflow/dags/refrence_setup.py
[2025-12-29T05:00:52.892+0000] {processor.py:840} INFO - DAG(s) 'reference_setup' retrieved from /opt/airflow/dags/refrence_setup.py
[2025-12-29T05:00:52.916+0000] {logging_mixin.py:188} INFO - [2025-12-29T05:00:52.916+0000] {dag.py:3089} INFO - Sync 1 DAGs
[2025-12-29T05:00:52.934+0000] {logging_mixin.py:188} INFO - [2025-12-29T05:00:52.934+0000] {dag.py:3947} INFO - Setting next_dagrun for reference_setup to 2025-12-29 00:00:00+00:00, run_after=2025-12-30 00:00:00+00:00
[2025-12-29T05:00:52.949+0000] {processor.py:183} INFO - Processing /opt/airflow/dags/refrence_setup.py took 0.075 seconds
[2025-12-29T05:01:23.083+0000] {processor.py:161} INFO - Started process (PID=1588) to work on /opt/airflow/dags/refrence_setup.py
[2025-12-29T05:01:23.084+0000] {processor.py:830} INFO - Processing file /opt/airflow/dags/refrence_setup.py for tasks to queue
[2025-12-29T05:01:23.085+0000] {logging_mixin.py:188} INFO - [2025-12-29T05:01:23.085+0000] {dagbag.py:545} INFO - Filling up the DagBag from /opt/airflow/dags/refrence_setup.py
[2025-12-29T05:01:23.100+0000] {processor.py:840} INFO - DAG(s) 'reference_setup' retrieved from /opt/airflow/dags/refrence_setup.py
[2025-12-29T05:01:23.136+0000] {logging_mixin.py:188} INFO - [2025-12-29T05:01:23.135+0000] {dag.py:3089} INFO - Sync 1 DAGs
[2025-12-29T05:01:23.156+0000] {logging_mixin.py:188} INFO - [2025-12-29T05:01:23.156+0000] {dag.py:3947} INFO - Setting next_dagrun for reference_setup to 2025-12-29 00:00:00+00:00, run_after=2025-12-30 00:00:00+00:00
[2025-12-29T05:01:23.176+0000] {processor.py:183} INFO - Processing /opt/airflow/dags/refrence_setup.py took 0.097 seconds
[2025-12-29T05:01:53.326+0000] {processor.py:161} INFO - Started process (PID=1598) to work on /opt/airflow/dags/refrence_setup.py
[2025-12-29T05:01:53.327+0000] {processor.py:830} INFO - Processing file /opt/airflow/dags/refrence_setup.py for tasks to queue
[2025-12-29T05:01:53.328+0000] {logging_mixin.py:188} INFO - [2025-12-29T05:01:53.328+0000] {dagbag.py:545} INFO - Filling up the DagBag from /opt/airflow/dags/refrence_setup.py
[2025-12-29T05:01:53.342+0000] {processor.py:840} INFO - DAG(s) 'reference_setup' retrieved from /opt/airflow/dags/refrence_setup.py
[2025-12-29T05:01:53.367+0000] {logging_mixin.py:188} INFO - [2025-12-29T05:01:53.367+0000] {dag.py:3089} INFO - Sync 1 DAGs
[2025-12-29T05:01:53.387+0000] {logging_mixin.py:188} INFO - [2025-12-29T05:01:53.386+0000] {dag.py:3947} INFO - Setting next_dagrun for reference_setup to 2025-12-29 00:00:00+00:00, run_after=2025-12-30 00:00:00+00:00
[2025-12-29T05:01:53.403+0000] {processor.py:183} INFO - Processing /opt/airflow/dags/refrence_setup.py took 0.081 seconds
[2025-12-29T05:02:23.637+0000] {processor.py:161} INFO - Started process (PID=1608) to work on /opt/airflow/dags/refrence_setup.py
[2025-12-29T05:02:23.638+0000] {processor.py:830} INFO - Processing file /opt/airflow/dags/refrence_setup.py for tasks to queue
[2025-12-29T05:02:23.639+0000] {logging_mixin.py:188} INFO - [2025-12-29T05:02:23.639+0000] {dagbag.py:545} INFO - Filling up the DagBag from /opt/airflow/dags/refrence_setup.py
[2025-12-29T05:02:23.653+0000] {processor.py:840} INFO - DAG(s) 'reference_setup' retrieved from /opt/airflow/dags/refrence_setup.py
[2025-12-29T05:02:23.677+0000] {logging_mixin.py:188} INFO - [2025-12-29T05:02:23.676+0000] {dag.py:3089} INFO - Sync 1 DAGs
[2025-12-29T05:02:23.695+0000] {logging_mixin.py:188} INFO - [2025-12-29T05:02:23.694+0000] {dag.py:3947} INFO - Setting next_dagrun for reference_setup to 2025-12-29 00:00:00+00:00, run_after=2025-12-30 00:00:00+00:00
[2025-12-29T05:02:23.711+0000] {processor.py:183} INFO - Processing /opt/airflow/dags/refrence_setup.py took 0.077 seconds
[2025-12-29T05:02:53.915+0000] {processor.py:161} INFO - Started process (PID=1618) to work on /opt/airflow/dags/refrence_setup.py
[2025-12-29T05:02:53.915+0000] {processor.py:830} INFO - Processing file /opt/airflow/dags/refrence_setup.py for tasks to queue
[2025-12-29T05:02:53.916+0000] {logging_mixin.py:188} INFO - [2025-12-29T05:02:53.916+0000] {dagbag.py:545} INFO - Filling up the DagBag from /opt/airflow/dags/refrence_setup.py
[2025-12-29T05:02:53.933+0000] {processor.py:840} INFO - DAG(s) 'reference_setup' retrieved from /opt/airflow/dags/refrence_setup.py
[2025-12-29T05:02:53.959+0000] {logging_mixin.py:188} INFO - [2025-12-29T05:02:53.958+0000] {dag.py:3089} INFO - Sync 1 DAGs
[2025-12-29T05:02:53.977+0000] {logging_mixin.py:188} INFO - [2025-12-29T05:02:53.976+0000] {dag.py:3947} INFO - Setting next_dagrun for reference_setup to 2025-12-29 00:00:00+00:00, run_after=2025-12-30 00:00:00+00:00
[2025-12-29T05:02:53.994+0000] {processor.py:183} INFO - Processing /opt/airflow/dags/refrence_setup.py took 0.083 seconds
[2025-12-29T05:03:24.198+0000] {processor.py:161} INFO - Started process (PID=1628) to work on /opt/airflow/dags/refrence_setup.py
[2025-12-29T05:03:24.199+0000] {processor.py:830} INFO - Processing file /opt/airflow/dags/refrence_setup.py for tasks to queue
[2025-12-29T05:03:24.200+0000] {logging_mixin.py:188} INFO - [2025-12-29T05:03:24.200+0000] {dagbag.py:545} INFO - Filling up the DagBag from /opt/airflow/dags/refrence_setup.py
[2025-12-29T05:03:24.216+0000] {processor.py:840} INFO - DAG(s) 'reference_setup' retrieved from /opt/airflow/dags/refrence_setup.py
[2025-12-29T05:03:24.244+0000] {logging_mixin.py:188} INFO - [2025-12-29T05:03:24.243+0000] {dag.py:3089} INFO - Sync 1 DAGs
[2025-12-29T05:03:24.263+0000] {logging_mixin.py:188} INFO - [2025-12-29T05:03:24.262+0000] {dag.py:3947} INFO - Setting next_dagrun for reference_setup to 2025-12-29 00:00:00+00:00, run_after=2025-12-30 00:00:00+00:00
[2025-12-29T05:03:24.280+0000] {processor.py:183} INFO - Processing /opt/airflow/dags/refrence_setup.py took 0.086 seconds
[2025-12-29T05:03:54.480+0000] {processor.py:161} INFO - Started process (PID=1638) to work on /opt/airflow/dags/refrence_setup.py
[2025-12-29T05:03:54.481+0000] {processor.py:830} INFO - Processing file /opt/airflow/dags/refrence_setup.py for tasks to queue
[2025-12-29T05:03:54.482+0000] {logging_mixin.py:188} INFO - [2025-12-29T05:03:54.482+0000] {dagbag.py:545} INFO - Filling up the DagBag from /opt/airflow/dags/refrence_setup.py
[2025-12-29T05:03:54.497+0000] {processor.py:840} INFO - DAG(s) 'reference_setup' retrieved from /opt/airflow/dags/refrence_setup.py
[2025-12-29T05:03:54.521+0000] {logging_mixin.py:188} INFO - [2025-12-29T05:03:54.521+0000] {dag.py:3089} INFO - Sync 1 DAGs
[2025-12-29T05:03:54.539+0000] {logging_mixin.py:188} INFO - [2025-12-29T05:03:54.539+0000] {dag.py:3947} INFO - Setting next_dagrun for reference_setup to 2025-12-29 00:00:00+00:00, run_after=2025-12-30 00:00:00+00:00
[2025-12-29T05:03:54.555+0000] {processor.py:183} INFO - Processing /opt/airflow/dags/refrence_setup.py took 0.079 seconds
[2025-12-29T05:04:24.775+0000] {processor.py:161} INFO - Started process (PID=1648) to work on /opt/airflow/dags/refrence_setup.py
[2025-12-29T05:04:24.776+0000] {processor.py:830} INFO - Processing file /opt/airflow/dags/refrence_setup.py for tasks to queue
[2025-12-29T05:04:24.777+0000] {logging_mixin.py:188} INFO - [2025-12-29T05:04:24.777+0000] {dagbag.py:545} INFO - Filling up the DagBag from /opt/airflow/dags/refrence_setup.py
[2025-12-29T05:04:24.791+0000] {processor.py:840} INFO - DAG(s) 'reference_setup' retrieved from /opt/airflow/dags/refrence_setup.py
[2025-12-29T05:04:24.818+0000] {logging_mixin.py:188} INFO - [2025-12-29T05:04:24.818+0000] {dag.py:3089} INFO - Sync 1 DAGs
[2025-12-29T05:04:24.839+0000] {logging_mixin.py:188} INFO - [2025-12-29T05:04:24.839+0000] {dag.py:3947} INFO - Setting next_dagrun for reference_setup to 2025-12-29 00:00:00+00:00, run_after=2025-12-30 00:00:00+00:00
[2025-12-29T05:04:24.859+0000] {processor.py:183} INFO - Processing /opt/airflow/dags/refrence_setup.py took 0.089 seconds
[2025-12-29T05:04:54.971+0000] {processor.py:161} INFO - Started process (PID=1658) to work on /opt/airflow/dags/refrence_setup.py
[2025-12-29T05:04:54.972+0000] {processor.py:830} INFO - Processing file /opt/airflow/dags/refrence_setup.py for tasks to queue
[2025-12-29T05:04:54.973+0000] {logging_mixin.py:188} INFO - [2025-12-29T05:04:54.973+0000] {dagbag.py:545} INFO - Filling up the DagBag from /opt/airflow/dags/refrence_setup.py
[2025-12-29T05:04:54.989+0000] {processor.py:840} INFO - DAG(s) 'reference_setup' retrieved from /opt/airflow/dags/refrence_setup.py
[2025-12-29T05:04:55.015+0000] {logging_mixin.py:188} INFO - [2025-12-29T05:04:55.015+0000] {dag.py:3089} INFO - Sync 1 DAGs
[2025-12-29T05:04:55.034+0000] {logging_mixin.py:188} INFO - [2025-12-29T05:04:55.034+0000] {dag.py:3947} INFO - Setting next_dagrun for reference_setup to 2025-12-29 00:00:00+00:00, run_after=2025-12-30 00:00:00+00:00
[2025-12-29T05:04:55.050+0000] {processor.py:183} INFO - Processing /opt/airflow/dags/refrence_setup.py took 0.083 seconds
[2025-12-29T05:05:25.268+0000] {processor.py:161} INFO - Started process (PID=1668) to work on /opt/airflow/dags/refrence_setup.py
[2025-12-29T05:05:25.269+0000] {processor.py:830} INFO - Processing file /opt/airflow/dags/refrence_setup.py for tasks to queue
[2025-12-29T05:05:25.270+0000] {logging_mixin.py:188} INFO - [2025-12-29T05:05:25.270+0000] {dagbag.py:545} INFO - Filling up the DagBag from /opt/airflow/dags/refrence_setup.py
[2025-12-29T05:05:25.283+0000] {processor.py:840} INFO - DAG(s) 'reference_setup' retrieved from /opt/airflow/dags/refrence_setup.py
[2025-12-29T05:05:25.307+0000] {logging_mixin.py:188} INFO - [2025-12-29T05:05:25.307+0000] {dag.py:3089} INFO - Sync 1 DAGs
[2025-12-29T05:05:25.326+0000] {logging_mixin.py:188} INFO - [2025-12-29T05:05:25.326+0000] {dag.py:3947} INFO - Setting next_dagrun for reference_setup to 2025-12-29 00:00:00+00:00, run_after=2025-12-30 00:00:00+00:00
[2025-12-29T05:05:25.344+0000] {processor.py:183} INFO - Processing /opt/airflow/dags/refrence_setup.py took 0.079 seconds
[2025-12-29T05:05:55.470+0000] {processor.py:161} INFO - Started process (PID=1678) to work on /opt/airflow/dags/refrence_setup.py
[2025-12-29T05:05:55.471+0000] {processor.py:830} INFO - Processing file /opt/airflow/dags/refrence_setup.py for tasks to queue
[2025-12-29T05:05:55.472+0000] {logging_mixin.py:188} INFO - [2025-12-29T05:05:55.472+0000] {dagbag.py:545} INFO - Filling up the DagBag from /opt/airflow/dags/refrence_setup.py
[2025-12-29T05:05:55.486+0000] {processor.py:840} INFO - DAG(s) 'reference_setup' retrieved from /opt/airflow/dags/refrence_setup.py
[2025-12-29T05:05:55.510+0000] {logging_mixin.py:188} INFO - [2025-12-29T05:05:55.509+0000] {dag.py:3089} INFO - Sync 1 DAGs
[2025-12-29T05:05:55.527+0000] {logging_mixin.py:188} INFO - [2025-12-29T05:05:55.527+0000] {dag.py:3947} INFO - Setting next_dagrun for reference_setup to 2025-12-29 00:00:00+00:00, run_after=2025-12-30 00:00:00+00:00
[2025-12-29T05:05:55.542+0000] {processor.py:183} INFO - Processing /opt/airflow/dags/refrence_setup.py took 0.075 seconds
[2025-12-29T05:06:25.762+0000] {processor.py:161} INFO - Started process (PID=1688) to work on /opt/airflow/dags/refrence_setup.py
[2025-12-29T05:06:25.763+0000] {processor.py:830} INFO - Processing file /opt/airflow/dags/refrence_setup.py for tasks to queue
[2025-12-29T05:06:25.764+0000] {logging_mixin.py:188} INFO - [2025-12-29T05:06:25.764+0000] {dagbag.py:545} INFO - Filling up the DagBag from /opt/airflow/dags/refrence_setup.py
[2025-12-29T05:06:25.780+0000] {processor.py:840} INFO - DAG(s) 'reference_setup' retrieved from /opt/airflow/dags/refrence_setup.py
[2025-12-29T05:06:25.805+0000] {logging_mixin.py:188} INFO - [2025-12-29T05:06:25.804+0000] {dag.py:3089} INFO - Sync 1 DAGs
[2025-12-29T05:06:25.823+0000] {logging_mixin.py:188} INFO - [2025-12-29T05:06:25.822+0000] {dag.py:3947} INFO - Setting next_dagrun for reference_setup to 2025-12-29 00:00:00+00:00, run_after=2025-12-30 00:00:00+00:00
[2025-12-29T05:06:25.839+0000] {processor.py:183} INFO - Processing /opt/airflow/dags/refrence_setup.py took 0.081 seconds
[2025-12-29T05:06:56.069+0000] {processor.py:161} INFO - Started process (PID=1698) to work on /opt/airflow/dags/refrence_setup.py
[2025-12-29T05:06:56.069+0000] {processor.py:830} INFO - Processing file /opt/airflow/dags/refrence_setup.py for tasks to queue
[2025-12-29T05:06:56.070+0000] {logging_mixin.py:188} INFO - [2025-12-29T05:06:56.070+0000] {dagbag.py:545} INFO - Filling up the DagBag from /opt/airflow/dags/refrence_setup.py
[2025-12-29T05:06:56.085+0000] {processor.py:840} INFO - DAG(s) 'reference_setup' retrieved from /opt/airflow/dags/refrence_setup.py
[2025-12-29T05:06:56.109+0000] {logging_mixin.py:188} INFO - [2025-12-29T05:06:56.108+0000] {dag.py:3089} INFO - Sync 1 DAGs
[2025-12-29T05:06:56.126+0000] {logging_mixin.py:188} INFO - [2025-12-29T05:06:56.126+0000] {dag.py:3947} INFO - Setting next_dagrun for reference_setup to 2025-12-29 00:00:00+00:00, run_after=2025-12-30 00:00:00+00:00
[2025-12-29T05:06:56.142+0000] {processor.py:183} INFO - Processing /opt/airflow/dags/refrence_setup.py took 0.077 seconds
[2025-12-29T05:07:26.288+0000] {processor.py:161} INFO - Started process (PID=1708) to work on /opt/airflow/dags/refrence_setup.py
[2025-12-29T05:07:26.288+0000] {processor.py:830} INFO - Processing file /opt/airflow/dags/refrence_setup.py for tasks to queue
[2025-12-29T05:07:26.290+0000] {logging_mixin.py:188} INFO - [2025-12-29T05:07:26.290+0000] {dagbag.py:545} INFO - Filling up the DagBag from /opt/airflow/dags/refrence_setup.py
[2025-12-29T05:07:26.308+0000] {processor.py:840} INFO - DAG(s) 'reference_setup' retrieved from /opt/airflow/dags/refrence_setup.py
[2025-12-29T05:07:26.332+0000] {logging_mixin.py:188} INFO - [2025-12-29T05:07:26.331+0000] {dag.py:3089} INFO - Sync 1 DAGs
[2025-12-29T05:07:26.350+0000] {logging_mixin.py:188} INFO - [2025-12-29T05:07:26.349+0000] {dag.py:3947} INFO - Setting next_dagrun for reference_setup to 2025-12-29 00:00:00+00:00, run_after=2025-12-30 00:00:00+00:00
[2025-12-29T05:07:26.364+0000] {processor.py:183} INFO - Processing /opt/airflow/dags/refrence_setup.py took 0.080 seconds
[2025-12-29T05:07:56.514+0000] {processor.py:161} INFO - Started process (PID=1718) to work on /opt/airflow/dags/refrence_setup.py
[2025-12-29T05:07:56.515+0000] {processor.py:830} INFO - Processing file /opt/airflow/dags/refrence_setup.py for tasks to queue
[2025-12-29T05:07:56.516+0000] {logging_mixin.py:188} INFO - [2025-12-29T05:07:56.516+0000] {dagbag.py:545} INFO - Filling up the DagBag from /opt/airflow/dags/refrence_setup.py
[2025-12-29T05:07:56.531+0000] {processor.py:840} INFO - DAG(s) 'reference_setup' retrieved from /opt/airflow/dags/refrence_setup.py
[2025-12-29T05:07:56.555+0000] {logging_mixin.py:188} INFO - [2025-12-29T05:07:56.555+0000] {dag.py:3089} INFO - Sync 1 DAGs
[2025-12-29T05:07:56.574+0000] {logging_mixin.py:188} INFO - [2025-12-29T05:07:56.573+0000] {dag.py:3947} INFO - Setting next_dagrun for reference_setup to 2025-12-29 00:00:00+00:00, run_after=2025-12-30 00:00:00+00:00
[2025-12-29T05:07:56.589+0000] {processor.py:183} INFO - Processing /opt/airflow/dags/refrence_setup.py took 0.080 seconds
[2025-12-29T05:08:26.725+0000] {processor.py:161} INFO - Started process (PID=1728) to work on /opt/airflow/dags/refrence_setup.py
[2025-12-29T05:08:26.726+0000] {processor.py:830} INFO - Processing file /opt/airflow/dags/refrence_setup.py for tasks to queue
[2025-12-29T05:08:26.727+0000] {logging_mixin.py:188} INFO - [2025-12-29T05:08:26.727+0000] {dagbag.py:545} INFO - Filling up the DagBag from /opt/airflow/dags/refrence_setup.py
[2025-12-29T05:08:26.742+0000] {processor.py:840} INFO - DAG(s) 'reference_setup' retrieved from /opt/airflow/dags/refrence_setup.py
[2025-12-29T05:08:26.768+0000] {logging_mixin.py:188} INFO - [2025-12-29T05:08:26.768+0000] {dag.py:3089} INFO - Sync 1 DAGs
[2025-12-29T05:08:26.787+0000] {logging_mixin.py:188} INFO - [2025-12-29T05:08:26.786+0000] {dag.py:3947} INFO - Setting next_dagrun for reference_setup to 2025-12-29 00:00:00+00:00, run_after=2025-12-30 00:00:00+00:00
[2025-12-29T05:08:26.802+0000] {processor.py:183} INFO - Processing /opt/airflow/dags/refrence_setup.py took 0.082 seconds
[2025-12-29T05:08:57.008+0000] {processor.py:161} INFO - Started process (PID=1738) to work on /opt/airflow/dags/refrence_setup.py
[2025-12-29T05:08:57.008+0000] {processor.py:830} INFO - Processing file /opt/airflow/dags/refrence_setup.py for tasks to queue
[2025-12-29T05:08:57.010+0000] {logging_mixin.py:188} INFO - [2025-12-29T05:08:57.009+0000] {dagbag.py:545} INFO - Filling up the DagBag from /opt/airflow/dags/refrence_setup.py
[2025-12-29T05:08:57.023+0000] {processor.py:840} INFO - DAG(s) 'reference_setup' retrieved from /opt/airflow/dags/refrence_setup.py
[2025-12-29T05:08:57.047+0000] {logging_mixin.py:188} INFO - [2025-12-29T05:08:57.047+0000] {dag.py:3089} INFO - Sync 1 DAGs
[2025-12-29T05:08:57.064+0000] {logging_mixin.py:188} INFO - [2025-12-29T05:08:57.064+0000] {dag.py:3947} INFO - Setting next_dagrun for reference_setup to 2025-12-29 00:00:00+00:00, run_after=2025-12-30 00:00:00+00:00
[2025-12-29T05:08:57.079+0000] {processor.py:183} INFO - Processing /opt/airflow/dags/refrence_setup.py took 0.076 seconds
[2025-12-29T05:09:27.217+0000] {processor.py:161} INFO - Started process (PID=1748) to work on /opt/airflow/dags/refrence_setup.py
[2025-12-29T05:09:27.217+0000] {processor.py:830} INFO - Processing file /opt/airflow/dags/refrence_setup.py for tasks to queue
[2025-12-29T05:09:27.218+0000] {logging_mixin.py:188} INFO - [2025-12-29T05:09:27.218+0000] {dagbag.py:545} INFO - Filling up the DagBag from /opt/airflow/dags/refrence_setup.py
[2025-12-29T05:09:27.233+0000] {processor.py:840} INFO - DAG(s) 'reference_setup' retrieved from /opt/airflow/dags/refrence_setup.py
[2025-12-29T05:09:27.257+0000] {logging_mixin.py:188} INFO - [2025-12-29T05:09:27.256+0000] {dag.py:3089} INFO - Sync 1 DAGs
[2025-12-29T05:09:27.274+0000] {logging_mixin.py:188} INFO - [2025-12-29T05:09:27.274+0000] {dag.py:3947} INFO - Setting next_dagrun for reference_setup to 2025-12-29 00:00:00+00:00, run_after=2025-12-30 00:00:00+00:00
[2025-12-29T05:09:27.290+0000] {processor.py:183} INFO - Processing /opt/airflow/dags/refrence_setup.py took 0.078 seconds
[2025-12-29T05:09:57.495+0000] {processor.py:161} INFO - Started process (PID=1758) to work on /opt/airflow/dags/refrence_setup.py
[2025-12-29T05:09:57.496+0000] {processor.py:830} INFO - Processing file /opt/airflow/dags/refrence_setup.py for tasks to queue
[2025-12-29T05:09:57.497+0000] {logging_mixin.py:188} INFO - [2025-12-29T05:09:57.497+0000] {dagbag.py:545} INFO - Filling up the DagBag from /opt/airflow/dags/refrence_setup.py
[2025-12-29T05:09:57.513+0000] {processor.py:840} INFO - DAG(s) 'reference_setup' retrieved from /opt/airflow/dags/refrence_setup.py
[2025-12-29T05:09:57.536+0000] {logging_mixin.py:188} INFO - [2025-12-29T05:09:57.536+0000] {dag.py:3089} INFO - Sync 1 DAGs
[2025-12-29T05:09:57.552+0000] {logging_mixin.py:188} INFO - [2025-12-29T05:09:57.552+0000] {dag.py:3947} INFO - Setting next_dagrun for reference_setup to 2025-12-29 00:00:00+00:00, run_after=2025-12-30 00:00:00+00:00
[2025-12-29T05:09:57.569+0000] {processor.py:183} INFO - Processing /opt/airflow/dags/refrence_setup.py took 0.078 seconds
[2025-12-29T05:10:27.785+0000] {processor.py:161} INFO - Started process (PID=1768) to work on /opt/airflow/dags/refrence_setup.py
[2025-12-29T05:10:27.785+0000] {processor.py:830} INFO - Processing file /opt/airflow/dags/refrence_setup.py for tasks to queue
[2025-12-29T05:10:27.786+0000] {logging_mixin.py:188} INFO - [2025-12-29T05:10:27.786+0000] {dagbag.py:545} INFO - Filling up the DagBag from /opt/airflow/dags/refrence_setup.py
[2025-12-29T05:10:27.800+0000] {processor.py:840} INFO - DAG(s) 'reference_setup' retrieved from /opt/airflow/dags/refrence_setup.py
[2025-12-29T05:10:27.823+0000] {logging_mixin.py:188} INFO - [2025-12-29T05:10:27.823+0000] {dag.py:3089} INFO - Sync 1 DAGs
[2025-12-29T05:10:27.841+0000] {logging_mixin.py:188} INFO - [2025-12-29T05:10:27.841+0000] {dag.py:3947} INFO - Setting next_dagrun for reference_setup to 2025-12-29 00:00:00+00:00, run_after=2025-12-30 00:00:00+00:00
[2025-12-29T05:10:27.857+0000] {processor.py:183} INFO - Processing /opt/airflow/dags/refrence_setup.py took 0.076 seconds
[2025-12-29T05:10:58.071+0000] {processor.py:161} INFO - Started process (PID=1778) to work on /opt/airflow/dags/refrence_setup.py
[2025-12-29T05:10:58.072+0000] {processor.py:830} INFO - Processing file /opt/airflow/dags/refrence_setup.py for tasks to queue
[2025-12-29T05:10:58.073+0000] {logging_mixin.py:188} INFO - [2025-12-29T05:10:58.073+0000] {dagbag.py:545} INFO - Filling up the DagBag from /opt/airflow/dags/refrence_setup.py
[2025-12-29T05:10:58.093+0000] {processor.py:840} INFO - DAG(s) 'reference_setup' retrieved from /opt/airflow/dags/refrence_setup.py
[2025-12-29T05:10:58.124+0000] {logging_mixin.py:188} INFO - [2025-12-29T05:10:58.124+0000] {dag.py:3089} INFO - Sync 1 DAGs
[2025-12-29T05:10:58.153+0000] {logging_mixin.py:188} INFO - [2025-12-29T05:10:58.152+0000] {dag.py:3947} INFO - Setting next_dagrun for reference_setup to 2025-12-29 00:00:00+00:00, run_after=2025-12-30 00:00:00+00:00
[2025-12-29T05:10:58.176+0000] {processor.py:183} INFO - Processing /opt/airflow/dags/refrence_setup.py took 0.111 seconds
[2025-12-29T05:11:28.383+0000] {processor.py:161} INFO - Started process (PID=1788) to work on /opt/airflow/dags/refrence_setup.py
[2025-12-29T05:11:28.384+0000] {processor.py:830} INFO - Processing file /opt/airflow/dags/refrence_setup.py for tasks to queue
[2025-12-29T05:11:28.385+0000] {logging_mixin.py:188} INFO - [2025-12-29T05:11:28.385+0000] {dagbag.py:545} INFO - Filling up the DagBag from /opt/airflow/dags/refrence_setup.py
[2025-12-29T05:11:28.400+0000] {processor.py:840} INFO - DAG(s) 'reference_setup' retrieved from /opt/airflow/dags/refrence_setup.py
[2025-12-29T05:11:28.424+0000] {logging_mixin.py:188} INFO - [2025-12-29T05:11:28.424+0000] {dag.py:3089} INFO - Sync 1 DAGs
[2025-12-29T05:11:28.441+0000] {logging_mixin.py:188} INFO - [2025-12-29T05:11:28.441+0000] {dag.py:3947} INFO - Setting next_dagrun for reference_setup to 2025-12-29 00:00:00+00:00, run_after=2025-12-30 00:00:00+00:00
[2025-12-29T05:11:28.457+0000] {processor.py:183} INFO - Processing /opt/airflow/dags/refrence_setup.py took 0.078 seconds
[2025-12-29T05:11:58.702+0000] {processor.py:161} INFO - Started process (PID=1798) to work on /opt/airflow/dags/refrence_setup.py
[2025-12-29T05:11:58.703+0000] {processor.py:830} INFO - Processing file /opt/airflow/dags/refrence_setup.py for tasks to queue
[2025-12-29T05:11:58.706+0000] {logging_mixin.py:188} INFO - [2025-12-29T05:11:58.706+0000] {dagbag.py:545} INFO - Filling up the DagBag from /opt/airflow/dags/refrence_setup.py
[2025-12-29T05:11:58.731+0000] {processor.py:840} INFO - DAG(s) 'reference_setup' retrieved from /opt/airflow/dags/refrence_setup.py
[2025-12-29T05:11:58.772+0000] {logging_mixin.py:188} INFO - [2025-12-29T05:11:58.771+0000] {dag.py:3089} INFO - Sync 1 DAGs
[2025-12-29T05:11:58.800+0000] {logging_mixin.py:188} INFO - [2025-12-29T05:11:58.799+0000] {dag.py:3947} INFO - Setting next_dagrun for reference_setup to 2025-12-29 00:00:00+00:00, run_after=2025-12-30 00:00:00+00:00
[2025-12-29T05:11:58.830+0000] {processor.py:183} INFO - Processing /opt/airflow/dags/refrence_setup.py took 0.136 seconds
[2025-12-29T05:12:29.034+0000] {processor.py:161} INFO - Started process (PID=1808) to work on /opt/airflow/dags/refrence_setup.py
[2025-12-29T05:12:29.034+0000] {processor.py:830} INFO - Processing file /opt/airflow/dags/refrence_setup.py for tasks to queue
[2025-12-29T05:12:29.036+0000] {logging_mixin.py:188} INFO - [2025-12-29T05:12:29.036+0000] {dagbag.py:545} INFO - Filling up the DagBag from /opt/airflow/dags/refrence_setup.py
[2025-12-29T05:12:29.051+0000] {processor.py:840} INFO - DAG(s) 'reference_setup' retrieved from /opt/airflow/dags/refrence_setup.py
[2025-12-29T05:12:29.076+0000] {logging_mixin.py:188} INFO - [2025-12-29T05:12:29.076+0000] {dag.py:3089} INFO - Sync 1 DAGs
[2025-12-29T05:12:29.094+0000] {logging_mixin.py:188} INFO - [2025-12-29T05:12:29.094+0000] {dag.py:3947} INFO - Setting next_dagrun for reference_setup to 2025-12-29 00:00:00+00:00, run_after=2025-12-30 00:00:00+00:00
[2025-12-29T05:12:29.110+0000] {processor.py:183} INFO - Processing /opt/airflow/dags/refrence_setup.py took 0.081 seconds
[2025-12-29T05:12:59.318+0000] {processor.py:161} INFO - Started process (PID=1818) to work on /opt/airflow/dags/refrence_setup.py
[2025-12-29T05:12:59.319+0000] {processor.py:830} INFO - Processing file /opt/airflow/dags/refrence_setup.py for tasks to queue
[2025-12-29T05:12:59.320+0000] {logging_mixin.py:188} INFO - [2025-12-29T05:12:59.320+0000] {dagbag.py:545} INFO - Filling up the DagBag from /opt/airflow/dags/refrence_setup.py
[2025-12-29T05:12:59.333+0000] {processor.py:840} INFO - DAG(s) 'reference_setup' retrieved from /opt/airflow/dags/refrence_setup.py
[2025-12-29T05:12:59.355+0000] {logging_mixin.py:188} INFO - [2025-12-29T05:12:59.355+0000] {dag.py:3089} INFO - Sync 1 DAGs
[2025-12-29T05:12:59.371+0000] {logging_mixin.py:188} INFO - [2025-12-29T05:12:59.371+0000] {dag.py:3947} INFO - Setting next_dagrun for reference_setup to 2025-12-29 00:00:00+00:00, run_after=2025-12-30 00:00:00+00:00
[2025-12-29T05:12:59.388+0000] {processor.py:183} INFO - Processing /opt/airflow/dags/refrence_setup.py took 0.074 seconds
[2025-12-29T05:13:29.525+0000] {processor.py:161} INFO - Started process (PID=1828) to work on /opt/airflow/dags/refrence_setup.py
[2025-12-29T05:13:29.526+0000] {processor.py:830} INFO - Processing file /opt/airflow/dags/refrence_setup.py for tasks to queue
[2025-12-29T05:13:29.527+0000] {logging_mixin.py:188} INFO - [2025-12-29T05:13:29.527+0000] {dagbag.py:545} INFO - Filling up the DagBag from /opt/airflow/dags/refrence_setup.py
[2025-12-29T05:13:29.541+0000] {processor.py:840} INFO - DAG(s) 'reference_setup' retrieved from /opt/airflow/dags/refrence_setup.py
[2025-12-29T05:13:29.565+0000] {logging_mixin.py:188} INFO - [2025-12-29T05:13:29.565+0000] {dag.py:3089} INFO - Sync 1 DAGs
[2025-12-29T05:13:29.584+0000] {logging_mixin.py:188} INFO - [2025-12-29T05:13:29.583+0000] {dag.py:3947} INFO - Setting next_dagrun for reference_setup to 2025-12-29 00:00:00+00:00, run_after=2025-12-30 00:00:00+00:00
[2025-12-29T05:13:29.599+0000] {processor.py:183} INFO - Processing /opt/airflow/dags/refrence_setup.py took 0.077 seconds
[2025-12-29T05:13:59.817+0000] {processor.py:161} INFO - Started process (PID=1838) to work on /opt/airflow/dags/refrence_setup.py
[2025-12-29T05:13:59.818+0000] {processor.py:830} INFO - Processing file /opt/airflow/dags/refrence_setup.py for tasks to queue
[2025-12-29T05:13:59.819+0000] {logging_mixin.py:188} INFO - [2025-12-29T05:13:59.819+0000] {dagbag.py:545} INFO - Filling up the DagBag from /opt/airflow/dags/refrence_setup.py
[2025-12-29T05:13:59.835+0000] {processor.py:840} INFO - DAG(s) 'reference_setup' retrieved from /opt/airflow/dags/refrence_setup.py
[2025-12-29T05:13:59.862+0000] {logging_mixin.py:188} INFO - [2025-12-29T05:13:59.861+0000] {dag.py:3089} INFO - Sync 1 DAGs
[2025-12-29T05:13:59.879+0000] {logging_mixin.py:188} INFO - [2025-12-29T05:13:59.879+0000] {dag.py:3947} INFO - Setting next_dagrun for reference_setup to 2025-12-29 00:00:00+00:00, run_after=2025-12-30 00:00:00+00:00
[2025-12-29T05:13:59.896+0000] {processor.py:183} INFO - Processing /opt/airflow/dags/refrence_setup.py took 0.083 seconds
[2025-12-29T05:14:30.031+0000] {processor.py:161} INFO - Started process (PID=1848) to work on /opt/airflow/dags/refrence_setup.py
[2025-12-29T05:14:30.032+0000] {processor.py:830} INFO - Processing file /opt/airflow/dags/refrence_setup.py for tasks to queue
[2025-12-29T05:14:30.033+0000] {logging_mixin.py:188} INFO - [2025-12-29T05:14:30.033+0000] {dagbag.py:545} INFO - Filling up the DagBag from /opt/airflow/dags/refrence_setup.py
[2025-12-29T05:14:30.049+0000] {processor.py:840} INFO - DAG(s) 'reference_setup' retrieved from /opt/airflow/dags/refrence_setup.py
[2025-12-29T05:14:30.074+0000] {logging_mixin.py:188} INFO - [2025-12-29T05:14:30.074+0000] {dag.py:3089} INFO - Sync 1 DAGs
[2025-12-29T05:14:30.093+0000] {logging_mixin.py:188} INFO - [2025-12-29T05:14:30.093+0000] {dag.py:3947} INFO - Setting next_dagrun for reference_setup to 2025-12-29 00:00:00+00:00, run_after=2025-12-30 00:00:00+00:00
[2025-12-29T05:14:30.110+0000] {processor.py:183} INFO - Processing /opt/airflow/dags/refrence_setup.py took 0.083 seconds
[2025-12-29T05:15:00.269+0000] {processor.py:161} INFO - Started process (PID=1858) to work on /opt/airflow/dags/refrence_setup.py
[2025-12-29T05:15:00.269+0000] {processor.py:830} INFO - Processing file /opt/airflow/dags/refrence_setup.py for tasks to queue
[2025-12-29T05:15:00.270+0000] {logging_mixin.py:188} INFO - [2025-12-29T05:15:00.270+0000] {dagbag.py:545} INFO - Filling up the DagBag from /opt/airflow/dags/refrence_setup.py
[2025-12-29T05:15:00.284+0000] {processor.py:840} INFO - DAG(s) 'reference_setup' retrieved from /opt/airflow/dags/refrence_setup.py
[2025-12-29T05:15:00.307+0000] {logging_mixin.py:188} INFO - [2025-12-29T05:15:00.306+0000] {dag.py:3089} INFO - Sync 1 DAGs
[2025-12-29T05:15:00.324+0000] {logging_mixin.py:188} INFO - [2025-12-29T05:15:00.324+0000] {dag.py:3947} INFO - Setting next_dagrun for reference_setup to 2025-12-29 00:00:00+00:00, run_after=2025-12-30 00:00:00+00:00
[2025-12-29T05:15:00.338+0000] {processor.py:183} INFO - Processing /opt/airflow/dags/refrence_setup.py took 0.073 seconds
[2025-12-29T05:15:30.548+0000] {processor.py:161} INFO - Started process (PID=1876) to work on /opt/airflow/dags/refrence_setup.py
[2025-12-29T05:15:30.549+0000] {processor.py:830} INFO - Processing file /opt/airflow/dags/refrence_setup.py for tasks to queue
[2025-12-29T05:15:30.550+0000] {logging_mixin.py:188} INFO - [2025-12-29T05:15:30.550+0000] {dagbag.py:545} INFO - Filling up the DagBag from /opt/airflow/dags/refrence_setup.py
[2025-12-29T05:15:30.565+0000] {processor.py:840} INFO - DAG(s) 'reference_setup' retrieved from /opt/airflow/dags/refrence_setup.py
[2025-12-29T05:15:30.592+0000] {logging_mixin.py:188} INFO - [2025-12-29T05:15:30.592+0000] {dag.py:3089} INFO - Sync 1 DAGs
[2025-12-29T05:15:30.612+0000] {logging_mixin.py:188} INFO - [2025-12-29T05:15:30.612+0000] {dag.py:3947} INFO - Setting next_dagrun for reference_setup to 2025-12-29 00:00:00+00:00, run_after=2025-12-30 00:00:00+00:00
[2025-12-29T05:15:30.628+0000] {processor.py:183} INFO - Processing /opt/airflow/dags/refrence_setup.py took 0.084 seconds
[2025-12-29T05:16:00.848+0000] {processor.py:161} INFO - Started process (PID=1886) to work on /opt/airflow/dags/refrence_setup.py
[2025-12-29T05:16:00.849+0000] {processor.py:830} INFO - Processing file /opt/airflow/dags/refrence_setup.py for tasks to queue
[2025-12-29T05:16:00.850+0000] {logging_mixin.py:188} INFO - [2025-12-29T05:16:00.850+0000] {dagbag.py:545} INFO - Filling up the DagBag from /opt/airflow/dags/refrence_setup.py
[2025-12-29T05:16:00.866+0000] {processor.py:840} INFO - DAG(s) 'reference_setup' retrieved from /opt/airflow/dags/refrence_setup.py
[2025-12-29T05:16:00.893+0000] {logging_mixin.py:188} INFO - [2025-12-29T05:16:00.892+0000] {dag.py:3089} INFO - Sync 1 DAGs
[2025-12-29T05:16:00.912+0000] {logging_mixin.py:188} INFO - [2025-12-29T05:16:00.912+0000] {dag.py:3947} INFO - Setting next_dagrun for reference_setup to 2025-12-29 00:00:00+00:00, run_after=2025-12-30 00:00:00+00:00
[2025-12-29T05:16:00.931+0000] {processor.py:183} INFO - Processing /opt/airflow/dags/refrence_setup.py took 0.088 seconds
[2025-12-29T05:16:31.156+0000] {processor.py:161} INFO - Started process (PID=1896) to work on /opt/airflow/dags/refrence_setup.py
[2025-12-29T05:16:31.157+0000] {processor.py:830} INFO - Processing file /opt/airflow/dags/refrence_setup.py for tasks to queue
[2025-12-29T05:16:31.158+0000] {logging_mixin.py:188} INFO - [2025-12-29T05:16:31.158+0000] {dagbag.py:545} INFO - Filling up the DagBag from /opt/airflow/dags/refrence_setup.py
[2025-12-29T05:16:31.172+0000] {processor.py:840} INFO - DAG(s) 'reference_setup' retrieved from /opt/airflow/dags/refrence_setup.py
[2025-12-29T05:16:31.197+0000] {logging_mixin.py:188} INFO - [2025-12-29T05:16:31.197+0000] {dag.py:3089} INFO - Sync 1 DAGs
[2025-12-29T05:16:31.215+0000] {logging_mixin.py:188} INFO - [2025-12-29T05:16:31.215+0000] {dag.py:3947} INFO - Setting next_dagrun for reference_setup to 2025-12-29 00:00:00+00:00, run_after=2025-12-30 00:00:00+00:00
[2025-12-29T05:16:31.231+0000] {processor.py:183} INFO - Processing /opt/airflow/dags/refrence_setup.py took 0.079 seconds
[2025-12-29T05:17:01.390+0000] {processor.py:161} INFO - Started process (PID=1906) to work on /opt/airflow/dags/refrence_setup.py
[2025-12-29T05:17:01.390+0000] {processor.py:830} INFO - Processing file /opt/airflow/dags/refrence_setup.py for tasks to queue
[2025-12-29T05:17:01.391+0000] {logging_mixin.py:188} INFO - [2025-12-29T05:17:01.391+0000] {dagbag.py:545} INFO - Filling up the DagBag from /opt/airflow/dags/refrence_setup.py
[2025-12-29T05:17:01.405+0000] {processor.py:840} INFO - DAG(s) 'reference_setup' retrieved from /opt/airflow/dags/refrence_setup.py
[2025-12-29T05:17:01.428+0000] {logging_mixin.py:188} INFO - [2025-12-29T05:17:01.428+0000] {dag.py:3089} INFO - Sync 1 DAGs
[2025-12-29T05:17:01.446+0000] {logging_mixin.py:188} INFO - [2025-12-29T05:17:01.446+0000] {dag.py:3947} INFO - Setting next_dagrun for reference_setup to 2025-12-29 00:00:00+00:00, run_after=2025-12-30 00:00:00+00:00
[2025-12-29T05:17:01.460+0000] {processor.py:183} INFO - Processing /opt/airflow/dags/refrence_setup.py took 0.074 seconds
[2025-12-29T05:17:31.670+0000] {processor.py:161} INFO - Started process (PID=1916) to work on /opt/airflow/dags/refrence_setup.py
[2025-12-29T05:17:31.670+0000] {processor.py:830} INFO - Processing file /opt/airflow/dags/refrence_setup.py for tasks to queue
[2025-12-29T05:17:31.671+0000] {logging_mixin.py:188} INFO - [2025-12-29T05:17:31.671+0000] {dagbag.py:545} INFO - Filling up the DagBag from /opt/airflow/dags/refrence_setup.py
[2025-12-29T05:17:31.689+0000] {processor.py:840} INFO - DAG(s) 'reference_setup' retrieved from /opt/airflow/dags/refrence_setup.py
[2025-12-29T05:17:31.714+0000] {logging_mixin.py:188} INFO - [2025-12-29T05:17:31.714+0000] {dag.py:3089} INFO - Sync 1 DAGs
[2025-12-29T05:17:31.734+0000] {logging_mixin.py:188} INFO - [2025-12-29T05:17:31.734+0000] {dag.py:3947} INFO - Setting next_dagrun for reference_setup to 2025-12-29 00:00:00+00:00, run_after=2025-12-30 00:00:00+00:00
[2025-12-29T05:17:31.751+0000] {processor.py:183} INFO - Processing /opt/airflow/dags/refrence_setup.py took 0.085 seconds
[2025-12-29T05:18:01.973+0000] {processor.py:161} INFO - Started process (PID=1926) to work on /opt/airflow/dags/refrence_setup.py
[2025-12-29T05:18:01.974+0000] {processor.py:830} INFO - Processing file /opt/airflow/dags/refrence_setup.py for tasks to queue
[2025-12-29T05:18:01.976+0000] {logging_mixin.py:188} INFO - [2025-12-29T05:18:01.975+0000] {dagbag.py:545} INFO - Filling up the DagBag from /opt/airflow/dags/refrence_setup.py
[2025-12-29T05:18:01.992+0000] {processor.py:840} INFO - DAG(s) 'reference_setup' retrieved from /opt/airflow/dags/refrence_setup.py
[2025-12-29T05:18:02.029+0000] {logging_mixin.py:188} INFO - [2025-12-29T05:18:02.029+0000] {dag.py:3089} INFO - Sync 1 DAGs
[2025-12-29T05:18:02.052+0000] {logging_mixin.py:188} INFO - [2025-12-29T05:18:02.052+0000] {dag.py:3947} INFO - Setting next_dagrun for reference_setup to 2025-12-29 00:00:00+00:00, run_after=2025-12-30 00:00:00+00:00
[2025-12-29T05:18:02.077+0000] {processor.py:183} INFO - Processing /opt/airflow/dags/refrence_setup.py took 0.110 seconds
[2025-12-29T05:18:32.178+0000] {processor.py:161} INFO - Started process (PID=1936) to work on /opt/airflow/dags/refrence_setup.py
[2025-12-29T05:18:32.178+0000] {processor.py:830} INFO - Processing file /opt/airflow/dags/refrence_setup.py for tasks to queue
[2025-12-29T05:18:32.180+0000] {logging_mixin.py:188} INFO - [2025-12-29T05:18:32.179+0000] {dagbag.py:545} INFO - Filling up the DagBag from /opt/airflow/dags/refrence_setup.py
[2025-12-29T05:18:32.195+0000] {processor.py:840} INFO - DAG(s) 'reference_setup' retrieved from /opt/airflow/dags/refrence_setup.py
[2025-12-29T05:18:32.220+0000] {logging_mixin.py:188} INFO - [2025-12-29T05:18:32.220+0000] {dag.py:3089} INFO - Sync 1 DAGs
[2025-12-29T05:18:32.240+0000] {logging_mixin.py:188} INFO - [2025-12-29T05:18:32.240+0000] {dag.py:3947} INFO - Setting next_dagrun for reference_setup to 2025-12-29 00:00:00+00:00, run_after=2025-12-30 00:00:00+00:00
[2025-12-29T05:18:32.257+0000] {processor.py:183} INFO - Processing /opt/airflow/dags/refrence_setup.py took 0.084 seconds
