[2025-12-29T01:40:10.470+0000] {processor.py:161} INFO - Started process (PID=189) to work on /opt/airflow/dags/weather_hourly.py
[2025-12-29T01:40:10.471+0000] {processor.py:830} INFO - Processing file /opt/airflow/dags/weather_hourly.py for tasks to queue
[2025-12-29T01:40:10.473+0000] {logging_mixin.py:188} INFO - [2025-12-29T01:40:10.473+0000] {dagbag.py:545} INFO - Filling up the DagBag from /opt/airflow/dags/weather_hourly.py
[2025-12-29T01:40:10.497+0000] {logging_mixin.py:188} INFO - [2025-12-29T01:40:10.493+0000] {dagbag.py:355} ERROR - Failed to import: /opt/airflow/dags/weather_hourly.py
Traceback (most recent call last):
  File "/home/airflow/.local/lib/python3.11/site-packages/airflow/models/dagbag.py", line 351, in parse
    loader.exec_module(new_module)
  File "<frozen importlib._bootstrap_external>", line 940, in exec_module
  File "<frozen importlib._bootstrap>", line 241, in _call_with_frames_removed
  File "/opt/airflow/dags/weather_hourly.py", line 62, in <module>
    wait_for_reference = PythonSensor(
                         ^^^^^^^^^^^^
NameError: name 'PythonSensor' is not defined
[2025-12-29T01:40:10.499+0000] {processor.py:842} WARNING - No viable dags retrieved from /opt/airflow/dags/weather_hourly.py
[2025-12-29T01:40:10.521+0000] {processor.py:183} INFO - Processing /opt/airflow/dags/weather_hourly.py took 0.058 seconds
[2025-12-29T01:40:40.874+0000] {processor.py:161} INFO - Started process (PID=199) to work on /opt/airflow/dags/weather_hourly.py
[2025-12-29T01:40:40.875+0000] {processor.py:830} INFO - Processing file /opt/airflow/dags/weather_hourly.py for tasks to queue
[2025-12-29T01:40:40.877+0000] {logging_mixin.py:188} INFO - [2025-12-29T01:40:40.876+0000] {dagbag.py:545} INFO - Filling up the DagBag from /opt/airflow/dags/weather_hourly.py
[2025-12-29T01:40:40.893+0000] {logging_mixin.py:188} INFO - [2025-12-29T01:40:40.889+0000] {dagbag.py:355} ERROR - Failed to import: /opt/airflow/dags/weather_hourly.py
Traceback (most recent call last):
  File "/home/airflow/.local/lib/python3.11/site-packages/airflow/models/dagbag.py", line 351, in parse
    loader.exec_module(new_module)
  File "<frozen importlib._bootstrap_external>", line 940, in exec_module
  File "<frozen importlib._bootstrap>", line 241, in _call_with_frames_removed
  File "/opt/airflow/dags/weather_hourly.py", line 62, in <module>
    wait_for_reference = PythonSensor(
                         ^^^^^^^^^^^^
NameError: name 'PythonSensor' is not defined
[2025-12-29T01:40:40.894+0000] {processor.py:842} WARNING - No viable dags retrieved from /opt/airflow/dags/weather_hourly.py
[2025-12-29T01:40:40.916+0000] {processor.py:183} INFO - Processing /opt/airflow/dags/weather_hourly.py took 0.049 seconds
[2025-12-29T01:41:11.125+0000] {processor.py:161} INFO - Started process (PID=209) to work on /opt/airflow/dags/weather_hourly.py
[2025-12-29T01:41:11.126+0000] {processor.py:830} INFO - Processing file /opt/airflow/dags/weather_hourly.py for tasks to queue
[2025-12-29T01:41:11.127+0000] {logging_mixin.py:188} INFO - [2025-12-29T01:41:11.127+0000] {dagbag.py:545} INFO - Filling up the DagBag from /opt/airflow/dags/weather_hourly.py
[2025-12-29T01:41:11.140+0000] {logging_mixin.py:188} INFO - [2025-12-29T01:41:11.137+0000] {dagbag.py:355} ERROR - Failed to import: /opt/airflow/dags/weather_hourly.py
Traceback (most recent call last):
  File "/home/airflow/.local/lib/python3.11/site-packages/airflow/models/dagbag.py", line 351, in parse
    loader.exec_module(new_module)
  File "<frozen importlib._bootstrap_external>", line 940, in exec_module
  File "<frozen importlib._bootstrap>", line 241, in _call_with_frames_removed
  File "/opt/airflow/dags/weather_hourly.py", line 62, in <module>
    wait_for_reference = PythonSensor(
                         ^^^^^^^^^^^^
NameError: name 'PythonSensor' is not defined
[2025-12-29T01:41:11.141+0000] {processor.py:842} WARNING - No viable dags retrieved from /opt/airflow/dags/weather_hourly.py
[2025-12-29T01:41:11.160+0000] {processor.py:183} INFO - Processing /opt/airflow/dags/weather_hourly.py took 0.039 seconds
[2025-12-29T01:41:41.362+0000] {processor.py:161} INFO - Started process (PID=219) to work on /opt/airflow/dags/weather_hourly.py
[2025-12-29T01:41:41.363+0000] {processor.py:830} INFO - Processing file /opt/airflow/dags/weather_hourly.py for tasks to queue
[2025-12-29T01:41:41.364+0000] {logging_mixin.py:188} INFO - [2025-12-29T01:41:41.364+0000] {dagbag.py:545} INFO - Filling up the DagBag from /opt/airflow/dags/weather_hourly.py
[2025-12-29T01:41:41.381+0000] {logging_mixin.py:188} INFO - [2025-12-29T01:41:41.378+0000] {dagbag.py:355} ERROR - Failed to import: /opt/airflow/dags/weather_hourly.py
Traceback (most recent call last):
  File "/home/airflow/.local/lib/python3.11/site-packages/airflow/models/dagbag.py", line 351, in parse
    loader.exec_module(new_module)
  File "<frozen importlib._bootstrap_external>", line 940, in exec_module
  File "<frozen importlib._bootstrap>", line 241, in _call_with_frames_removed
  File "/opt/airflow/dags/weather_hourly.py", line 62, in <module>
    wait_for_reference = PythonSensor(
                         ^^^^^^^^^^^^
NameError: name 'PythonSensor' is not defined
[2025-12-29T01:41:41.383+0000] {processor.py:842} WARNING - No viable dags retrieved from /opt/airflow/dags/weather_hourly.py
[2025-12-29T01:41:41.402+0000] {processor.py:183} INFO - Processing /opt/airflow/dags/weather_hourly.py took 0.045 seconds
[2025-12-29T01:42:11.616+0000] {processor.py:161} INFO - Started process (PID=229) to work on /opt/airflow/dags/weather_hourly.py
[2025-12-29T01:42:11.617+0000] {processor.py:830} INFO - Processing file /opt/airflow/dags/weather_hourly.py for tasks to queue
[2025-12-29T01:42:11.619+0000] {logging_mixin.py:188} INFO - [2025-12-29T01:42:11.618+0000] {dagbag.py:545} INFO - Filling up the DagBag from /opt/airflow/dags/weather_hourly.py
[2025-12-29T01:42:11.633+0000] {logging_mixin.py:188} INFO - [2025-12-29T01:42:11.629+0000] {dagbag.py:355} ERROR - Failed to import: /opt/airflow/dags/weather_hourly.py
Traceback (most recent call last):
  File "/home/airflow/.local/lib/python3.11/site-packages/airflow/models/dagbag.py", line 351, in parse
    loader.exec_module(new_module)
  File "<frozen importlib._bootstrap_external>", line 940, in exec_module
  File "<frozen importlib._bootstrap>", line 241, in _call_with_frames_removed
  File "/opt/airflow/dags/weather_hourly.py", line 62, in <module>
    wait_for_reference = PythonSensor(
                         ^^^^^^^^^^^^
NameError: name 'PythonSensor' is not defined
[2025-12-29T01:42:11.634+0000] {processor.py:842} WARNING - No viable dags retrieved from /opt/airflow/dags/weather_hourly.py
[2025-12-29T01:42:11.659+0000] {processor.py:183} INFO - Processing /opt/airflow/dags/weather_hourly.py took 0.048 seconds
[2025-12-29T01:42:41.872+0000] {processor.py:161} INFO - Started process (PID=239) to work on /opt/airflow/dags/weather_hourly.py
[2025-12-29T01:42:41.873+0000] {processor.py:830} INFO - Processing file /opt/airflow/dags/weather_hourly.py for tasks to queue
[2025-12-29T01:42:41.875+0000] {logging_mixin.py:188} INFO - [2025-12-29T01:42:41.875+0000] {dagbag.py:545} INFO - Filling up the DagBag from /opt/airflow/dags/weather_hourly.py
[2025-12-29T01:42:41.890+0000] {logging_mixin.py:188} INFO - [2025-12-29T01:42:41.887+0000] {dagbag.py:355} ERROR - Failed to import: /opt/airflow/dags/weather_hourly.py
Traceback (most recent call last):
  File "/home/airflow/.local/lib/python3.11/site-packages/airflow/models/dagbag.py", line 351, in parse
    loader.exec_module(new_module)
  File "<frozen importlib._bootstrap_external>", line 940, in exec_module
  File "<frozen importlib._bootstrap>", line 241, in _call_with_frames_removed
  File "/opt/airflow/dags/weather_hourly.py", line 62, in <module>
    wait_for_reference = PythonSensor(
                         ^^^^^^^^^^^^
NameError: name 'PythonSensor' is not defined
[2025-12-29T01:42:41.891+0000] {processor.py:842} WARNING - No viable dags retrieved from /opt/airflow/dags/weather_hourly.py
[2025-12-29T01:42:41.911+0000] {processor.py:183} INFO - Processing /opt/airflow/dags/weather_hourly.py took 0.044 seconds
[2025-12-29T01:43:12.129+0000] {processor.py:161} INFO - Started process (PID=249) to work on /opt/airflow/dags/weather_hourly.py
[2025-12-29T01:43:12.130+0000] {processor.py:830} INFO - Processing file /opt/airflow/dags/weather_hourly.py for tasks to queue
[2025-12-29T01:43:12.131+0000] {logging_mixin.py:188} INFO - [2025-12-29T01:43:12.131+0000] {dagbag.py:545} INFO - Filling up the DagBag from /opt/airflow/dags/weather_hourly.py
[2025-12-29T01:43:12.145+0000] {logging_mixin.py:188} INFO - [2025-12-29T01:43:12.142+0000] {dagbag.py:355} ERROR - Failed to import: /opt/airflow/dags/weather_hourly.py
Traceback (most recent call last):
  File "/home/airflow/.local/lib/python3.11/site-packages/airflow/models/dagbag.py", line 351, in parse
    loader.exec_module(new_module)
  File "<frozen importlib._bootstrap_external>", line 940, in exec_module
  File "<frozen importlib._bootstrap>", line 241, in _call_with_frames_removed
  File "/opt/airflow/dags/weather_hourly.py", line 62, in <module>
    wait_for_reference = PythonSensor(
                         ^^^^^^^^^^^^
NameError: name 'PythonSensor' is not defined
[2025-12-29T01:43:12.146+0000] {processor.py:842} WARNING - No viable dags retrieved from /opt/airflow/dags/weather_hourly.py
[2025-12-29T01:43:12.166+0000] {processor.py:183} INFO - Processing /opt/airflow/dags/weather_hourly.py took 0.043 seconds
[2025-12-29T01:43:42.380+0000] {processor.py:161} INFO - Started process (PID=259) to work on /opt/airflow/dags/weather_hourly.py
[2025-12-29T01:43:42.381+0000] {processor.py:830} INFO - Processing file /opt/airflow/dags/weather_hourly.py for tasks to queue
[2025-12-29T01:43:42.383+0000] {logging_mixin.py:188} INFO - [2025-12-29T01:43:42.382+0000] {dagbag.py:545} INFO - Filling up the DagBag from /opt/airflow/dags/weather_hourly.py
[2025-12-29T01:43:42.398+0000] {logging_mixin.py:188} INFO - [2025-12-29T01:43:42.395+0000] {dagbag.py:355} ERROR - Failed to import: /opt/airflow/dags/weather_hourly.py
Traceback (most recent call last):
  File "/home/airflow/.local/lib/python3.11/site-packages/airflow/models/dagbag.py", line 351, in parse
    loader.exec_module(new_module)
  File "<frozen importlib._bootstrap_external>", line 940, in exec_module
  File "<frozen importlib._bootstrap>", line 241, in _call_with_frames_removed
  File "/opt/airflow/dags/weather_hourly.py", line 62, in <module>
    wait_for_reference = PythonSensor(
                         ^^^^^^^^^^^^
NameError: name 'PythonSensor' is not defined
[2025-12-29T01:43:42.399+0000] {processor.py:842} WARNING - No viable dags retrieved from /opt/airflow/dags/weather_hourly.py
[2025-12-29T01:43:42.423+0000] {processor.py:183} INFO - Processing /opt/airflow/dags/weather_hourly.py took 0.049 seconds
[2025-12-29T01:44:12.632+0000] {processor.py:161} INFO - Started process (PID=269) to work on /opt/airflow/dags/weather_hourly.py
[2025-12-29T01:44:12.633+0000] {processor.py:830} INFO - Processing file /opt/airflow/dags/weather_hourly.py for tasks to queue
[2025-12-29T01:44:12.634+0000] {logging_mixin.py:188} INFO - [2025-12-29T01:44:12.634+0000] {dagbag.py:545} INFO - Filling up the DagBag from /opt/airflow/dags/weather_hourly.py
[2025-12-29T01:44:12.649+0000] {logging_mixin.py:188} INFO - [2025-12-29T01:44:12.646+0000] {dagbag.py:355} ERROR - Failed to import: /opt/airflow/dags/weather_hourly.py
Traceback (most recent call last):
  File "/home/airflow/.local/lib/python3.11/site-packages/airflow/models/dagbag.py", line 351, in parse
    loader.exec_module(new_module)
  File "<frozen importlib._bootstrap_external>", line 940, in exec_module
  File "<frozen importlib._bootstrap>", line 241, in _call_with_frames_removed
  File "/opt/airflow/dags/weather_hourly.py", line 62, in <module>
    wait_for_reference = PythonSensor(
                         ^^^^^^^^^^^^
NameError: name 'PythonSensor' is not defined
[2025-12-29T01:44:12.650+0000] {processor.py:842} WARNING - No viable dags retrieved from /opt/airflow/dags/weather_hourly.py
[2025-12-29T01:44:12.668+0000] {processor.py:183} INFO - Processing /opt/airflow/dags/weather_hourly.py took 0.041 seconds
[2025-12-29T01:44:42.873+0000] {processor.py:161} INFO - Started process (PID=279) to work on /opt/airflow/dags/weather_hourly.py
[2025-12-29T01:44:42.874+0000] {processor.py:830} INFO - Processing file /opt/airflow/dags/weather_hourly.py for tasks to queue
[2025-12-29T01:44:42.875+0000] {logging_mixin.py:188} INFO - [2025-12-29T01:44:42.875+0000] {dagbag.py:545} INFO - Filling up the DagBag from /opt/airflow/dags/weather_hourly.py
[2025-12-29T01:44:42.887+0000] {logging_mixin.py:188} INFO - [2025-12-29T01:44:42.884+0000] {dagbag.py:355} ERROR - Failed to import: /opt/airflow/dags/weather_hourly.py
Traceback (most recent call last):
  File "/home/airflow/.local/lib/python3.11/site-packages/airflow/models/dagbag.py", line 351, in parse
    loader.exec_module(new_module)
  File "<frozen importlib._bootstrap_external>", line 940, in exec_module
  File "<frozen importlib._bootstrap>", line 241, in _call_with_frames_removed
  File "/opt/airflow/dags/weather_hourly.py", line 62, in <module>
    wait_for_reference = PythonSensor(
                         ^^^^^^^^^^^^
NameError: name 'PythonSensor' is not defined
[2025-12-29T01:44:42.888+0000] {processor.py:842} WARNING - No viable dags retrieved from /opt/airflow/dags/weather_hourly.py
[2025-12-29T01:44:42.903+0000] {processor.py:183} INFO - Processing /opt/airflow/dags/weather_hourly.py took 0.034 seconds
[2025-12-29T01:45:13.148+0000] {processor.py:161} INFO - Started process (PID=289) to work on /opt/airflow/dags/weather_hourly.py
[2025-12-29T01:45:13.148+0000] {processor.py:830} INFO - Processing file /opt/airflow/dags/weather_hourly.py for tasks to queue
[2025-12-29T01:45:13.150+0000] {logging_mixin.py:188} INFO - [2025-12-29T01:45:13.150+0000] {dagbag.py:545} INFO - Filling up the DagBag from /opt/airflow/dags/weather_hourly.py
[2025-12-29T01:45:13.163+0000] {logging_mixin.py:188} INFO - [2025-12-29T01:45:13.160+0000] {dagbag.py:355} ERROR - Failed to import: /opt/airflow/dags/weather_hourly.py
Traceback (most recent call last):
  File "/home/airflow/.local/lib/python3.11/site-packages/airflow/models/dagbag.py", line 351, in parse
    loader.exec_module(new_module)
  File "<frozen importlib._bootstrap_external>", line 940, in exec_module
  File "<frozen importlib._bootstrap>", line 241, in _call_with_frames_removed
  File "/opt/airflow/dags/weather_hourly.py", line 62, in <module>
    wait_for_reference = PythonSensor(
                         ^^^^^^^^^^^^
NameError: name 'PythonSensor' is not defined
[2025-12-29T01:45:13.163+0000] {processor.py:842} WARNING - No viable dags retrieved from /opt/airflow/dags/weather_hourly.py
[2025-12-29T01:45:13.182+0000] {processor.py:183} INFO - Processing /opt/airflow/dags/weather_hourly.py took 0.039 seconds
[2025-12-29T01:45:43.385+0000] {processor.py:161} INFO - Started process (PID=299) to work on /opt/airflow/dags/weather_hourly.py
[2025-12-29T01:45:43.386+0000] {processor.py:830} INFO - Processing file /opt/airflow/dags/weather_hourly.py for tasks to queue
[2025-12-29T01:45:43.387+0000] {logging_mixin.py:188} INFO - [2025-12-29T01:45:43.387+0000] {dagbag.py:545} INFO - Filling up the DagBag from /opt/airflow/dags/weather_hourly.py
[2025-12-29T01:45:43.399+0000] {logging_mixin.py:188} INFO - [2025-12-29T01:45:43.396+0000] {dagbag.py:355} ERROR - Failed to import: /opt/airflow/dags/weather_hourly.py
Traceback (most recent call last):
  File "/home/airflow/.local/lib/python3.11/site-packages/airflow/models/dagbag.py", line 351, in parse
    loader.exec_module(new_module)
  File "<frozen importlib._bootstrap_external>", line 940, in exec_module
  File "<frozen importlib._bootstrap>", line 241, in _call_with_frames_removed
  File "/opt/airflow/dags/weather_hourly.py", line 62, in <module>
    wait_for_reference = PythonSensor(
                         ^^^^^^^^^^^^
NameError: name 'PythonSensor' is not defined
[2025-12-29T01:45:43.400+0000] {processor.py:842} WARNING - No viable dags retrieved from /opt/airflow/dags/weather_hourly.py
[2025-12-29T01:45:43.418+0000] {processor.py:183} INFO - Processing /opt/airflow/dags/weather_hourly.py took 0.037 seconds
[2025-12-29T01:46:24.313+0000] {processor.py:161} INFO - Started process (PID=189) to work on /opt/airflow/dags/weather_hourly.py
[2025-12-29T01:46:24.314+0000] {processor.py:830} INFO - Processing file /opt/airflow/dags/weather_hourly.py for tasks to queue
[2025-12-29T01:46:24.316+0000] {logging_mixin.py:188} INFO - [2025-12-29T01:46:24.315+0000] {dagbag.py:545} INFO - Filling up the DagBag from /opt/airflow/dags/weather_hourly.py
[2025-12-29T01:46:24.332+0000] {logging_mixin.py:188} INFO - [2025-12-29T01:46:24.329+0000] {dagbag.py:355} ERROR - Failed to import: /opt/airflow/dags/weather_hourly.py
Traceback (most recent call last):
  File "/home/airflow/.local/lib/python3.11/site-packages/airflow/models/dagbag.py", line 351, in parse
    loader.exec_module(new_module)
  File "<frozen importlib._bootstrap_external>", line 940, in exec_module
  File "<frozen importlib._bootstrap>", line 241, in _call_with_frames_removed
  File "/opt/airflow/dags/weather_hourly.py", line 62, in <module>
    wait_for_reference = PythonSensor(
                         ^^^^^^^^^^^^
NameError: name 'PythonSensor' is not defined
[2025-12-29T01:46:24.333+0000] {processor.py:842} WARNING - No viable dags retrieved from /opt/airflow/dags/weather_hourly.py
[2025-12-29T01:46:24.354+0000] {processor.py:183} INFO - Processing /opt/airflow/dags/weather_hourly.py took 0.047 seconds
[2025-12-29T01:46:54.704+0000] {processor.py:161} INFO - Started process (PID=199) to work on /opt/airflow/dags/weather_hourly.py
[2025-12-29T01:46:54.705+0000] {processor.py:830} INFO - Processing file /opt/airflow/dags/weather_hourly.py for tasks to queue
[2025-12-29T01:46:54.706+0000] {logging_mixin.py:188} INFO - [2025-12-29T01:46:54.706+0000] {dagbag.py:545} INFO - Filling up the DagBag from /opt/airflow/dags/weather_hourly.py
[2025-12-29T01:46:54.721+0000] {logging_mixin.py:188} INFO - [2025-12-29T01:46:54.717+0000] {dagbag.py:355} ERROR - Failed to import: /opt/airflow/dags/weather_hourly.py
Traceback (most recent call last):
  File "/home/airflow/.local/lib/python3.11/site-packages/airflow/models/dagbag.py", line 351, in parse
    loader.exec_module(new_module)
  File "<frozen importlib._bootstrap_external>", line 940, in exec_module
  File "<frozen importlib._bootstrap>", line 241, in _call_with_frames_removed
  File "/opt/airflow/dags/weather_hourly.py", line 62, in <module>
    wait_for_reference = PythonSensor(
                         ^^^^^^^^^^^^
NameError: name 'PythonSensor' is not defined
[2025-12-29T01:46:54.722+0000] {processor.py:842} WARNING - No viable dags retrieved from /opt/airflow/dags/weather_hourly.py
[2025-12-29T01:46:54.741+0000] {processor.py:183} INFO - Processing /opt/airflow/dags/weather_hourly.py took 0.043 seconds
[2025-12-29T01:47:24.940+0000] {processor.py:161} INFO - Started process (PID=209) to work on /opt/airflow/dags/weather_hourly.py
[2025-12-29T01:47:24.941+0000] {processor.py:830} INFO - Processing file /opt/airflow/dags/weather_hourly.py for tasks to queue
[2025-12-29T01:47:24.942+0000] {logging_mixin.py:188} INFO - [2025-12-29T01:47:24.942+0000] {dagbag.py:545} INFO - Filling up the DagBag from /opt/airflow/dags/weather_hourly.py
[2025-12-29T01:47:24.954+0000] {logging_mixin.py:188} INFO - [2025-12-29T01:47:24.952+0000] {dagbag.py:355} ERROR - Failed to import: /opt/airflow/dags/weather_hourly.py
Traceback (most recent call last):
  File "/home/airflow/.local/lib/python3.11/site-packages/airflow/models/dagbag.py", line 351, in parse
    loader.exec_module(new_module)
  File "<frozen importlib._bootstrap_external>", line 940, in exec_module
  File "<frozen importlib._bootstrap>", line 241, in _call_with_frames_removed
  File "/opt/airflow/dags/weather_hourly.py", line 62, in <module>
    wait_for_reference = PythonSensor(
                         ^^^^^^^^^^^^
NameError: name 'PythonSensor' is not defined
[2025-12-29T01:47:24.956+0000] {processor.py:842} WARNING - No viable dags retrieved from /opt/airflow/dags/weather_hourly.py
[2025-12-29T01:47:24.975+0000] {processor.py:183} INFO - Processing /opt/airflow/dags/weather_hourly.py took 0.039 seconds
[2025-12-29T01:47:55.175+0000] {processor.py:161} INFO - Started process (PID=219) to work on /opt/airflow/dags/weather_hourly.py
[2025-12-29T01:47:55.176+0000] {processor.py:830} INFO - Processing file /opt/airflow/dags/weather_hourly.py for tasks to queue
[2025-12-29T01:47:55.177+0000] {logging_mixin.py:188} INFO - [2025-12-29T01:47:55.177+0000] {dagbag.py:545} INFO - Filling up the DagBag from /opt/airflow/dags/weather_hourly.py
[2025-12-29T01:47:55.188+0000] {logging_mixin.py:188} INFO - [2025-12-29T01:47:55.186+0000] {dagbag.py:355} ERROR - Failed to import: /opt/airflow/dags/weather_hourly.py
Traceback (most recent call last):
  File "/home/airflow/.local/lib/python3.11/site-packages/airflow/models/dagbag.py", line 351, in parse
    loader.exec_module(new_module)
  File "<frozen importlib._bootstrap_external>", line 940, in exec_module
  File "<frozen importlib._bootstrap>", line 241, in _call_with_frames_removed
  File "/opt/airflow/dags/weather_hourly.py", line 62, in <module>
    wait_for_reference = PythonSensor(
                         ^^^^^^^^^^^^
NameError: name 'PythonSensor' is not defined
[2025-12-29T01:47:55.189+0000] {processor.py:842} WARNING - No viable dags retrieved from /opt/airflow/dags/weather_hourly.py
[2025-12-29T01:47:55.207+0000] {processor.py:183} INFO - Processing /opt/airflow/dags/weather_hourly.py took 0.036 seconds
[2025-12-29T01:48:25.411+0000] {processor.py:161} INFO - Started process (PID=229) to work on /opt/airflow/dags/weather_hourly.py
[2025-12-29T01:48:25.412+0000] {processor.py:830} INFO - Processing file /opt/airflow/dags/weather_hourly.py for tasks to queue
[2025-12-29T01:48:25.413+0000] {logging_mixin.py:188} INFO - [2025-12-29T01:48:25.413+0000] {dagbag.py:545} INFO - Filling up the DagBag from /opt/airflow/dags/weather_hourly.py
[2025-12-29T01:48:25.426+0000] {logging_mixin.py:188} INFO - [2025-12-29T01:48:25.422+0000] {dagbag.py:355} ERROR - Failed to import: /opt/airflow/dags/weather_hourly.py
Traceback (most recent call last):
  File "/home/airflow/.local/lib/python3.11/site-packages/airflow/models/dagbag.py", line 351, in parse
    loader.exec_module(new_module)
  File "<frozen importlib._bootstrap_external>", line 940, in exec_module
  File "<frozen importlib._bootstrap>", line 241, in _call_with_frames_removed
  File "/opt/airflow/dags/weather_hourly.py", line 62, in <module>
    wait_for_reference = PythonSensor(
                         ^^^^^^^^^^^^
NameError: name 'PythonSensor' is not defined
[2025-12-29T01:48:25.427+0000] {processor.py:842} WARNING - No viable dags retrieved from /opt/airflow/dags/weather_hourly.py
[2025-12-29T01:48:25.444+0000] {processor.py:183} INFO - Processing /opt/airflow/dags/weather_hourly.py took 0.037 seconds
[2025-12-29T01:48:55.650+0000] {processor.py:161} INFO - Started process (PID=239) to work on /opt/airflow/dags/weather_hourly.py
[2025-12-29T01:48:55.651+0000] {processor.py:830} INFO - Processing file /opt/airflow/dags/weather_hourly.py for tasks to queue
[2025-12-29T01:48:55.652+0000] {logging_mixin.py:188} INFO - [2025-12-29T01:48:55.652+0000] {dagbag.py:545} INFO - Filling up the DagBag from /opt/airflow/dags/weather_hourly.py
[2025-12-29T01:48:55.664+0000] {logging_mixin.py:188} INFO - [2025-12-29T01:48:55.661+0000] {dagbag.py:355} ERROR - Failed to import: /opt/airflow/dags/weather_hourly.py
Traceback (most recent call last):
  File "/home/airflow/.local/lib/python3.11/site-packages/airflow/models/dagbag.py", line 351, in parse
    loader.exec_module(new_module)
  File "<frozen importlib._bootstrap_external>", line 940, in exec_module
  File "<frozen importlib._bootstrap>", line 241, in _call_with_frames_removed
  File "/opt/airflow/dags/weather_hourly.py", line 62, in <module>
    wait_for_reference = PythonSensor(
                         ^^^^^^^^^^^^
NameError: name 'PythonSensor' is not defined
[2025-12-29T01:48:55.665+0000] {processor.py:842} WARNING - No viable dags retrieved from /opt/airflow/dags/weather_hourly.py
[2025-12-29T01:48:55.685+0000] {processor.py:183} INFO - Processing /opt/airflow/dags/weather_hourly.py took 0.039 seconds
[2025-12-29T01:49:25.893+0000] {processor.py:161} INFO - Started process (PID=249) to work on /opt/airflow/dags/weather_hourly.py
[2025-12-29T01:49:25.894+0000] {processor.py:830} INFO - Processing file /opt/airflow/dags/weather_hourly.py for tasks to queue
[2025-12-29T01:49:25.895+0000] {logging_mixin.py:188} INFO - [2025-12-29T01:49:25.895+0000] {dagbag.py:545} INFO - Filling up the DagBag from /opt/airflow/dags/weather_hourly.py
[2025-12-29T01:49:25.909+0000] {logging_mixin.py:188} INFO - [2025-12-29T01:49:25.906+0000] {dagbag.py:355} ERROR - Failed to import: /opt/airflow/dags/weather_hourly.py
Traceback (most recent call last):
  File "/home/airflow/.local/lib/python3.11/site-packages/airflow/models/dagbag.py", line 351, in parse
    loader.exec_module(new_module)
  File "<frozen importlib._bootstrap_external>", line 940, in exec_module
  File "<frozen importlib._bootstrap>", line 241, in _call_with_frames_removed
  File "/opt/airflow/dags/weather_hourly.py", line 62, in <module>
    wait_for_reference = PythonSensor(
                         ^^^^^^^^^^^^
NameError: name 'PythonSensor' is not defined
[2025-12-29T01:49:25.911+0000] {processor.py:842} WARNING - No viable dags retrieved from /opt/airflow/dags/weather_hourly.py
[2025-12-29T01:49:25.930+0000] {processor.py:183} INFO - Processing /opt/airflow/dags/weather_hourly.py took 0.043 seconds
[2025-12-29T01:49:56.132+0000] {processor.py:161} INFO - Started process (PID=259) to work on /opt/airflow/dags/weather_hourly.py
[2025-12-29T01:49:56.133+0000] {processor.py:830} INFO - Processing file /opt/airflow/dags/weather_hourly.py for tasks to queue
[2025-12-29T01:49:56.134+0000] {logging_mixin.py:188} INFO - [2025-12-29T01:49:56.134+0000] {dagbag.py:545} INFO - Filling up the DagBag from /opt/airflow/dags/weather_hourly.py
[2025-12-29T01:49:56.146+0000] {logging_mixin.py:188} INFO - [2025-12-29T01:49:56.143+0000] {dagbag.py:355} ERROR - Failed to import: /opt/airflow/dags/weather_hourly.py
Traceback (most recent call last):
  File "/home/airflow/.local/lib/python3.11/site-packages/airflow/models/dagbag.py", line 351, in parse
    loader.exec_module(new_module)
  File "<frozen importlib._bootstrap_external>", line 940, in exec_module
  File "<frozen importlib._bootstrap>", line 241, in _call_with_frames_removed
  File "/opt/airflow/dags/weather_hourly.py", line 62, in <module>
    wait_for_reference = PythonSensor(
                         ^^^^^^^^^^^^
NameError: name 'PythonSensor' is not defined
[2025-12-29T01:49:56.147+0000] {processor.py:842} WARNING - No viable dags retrieved from /opt/airflow/dags/weather_hourly.py
[2025-12-29T01:49:56.162+0000] {processor.py:183} INFO - Processing /opt/airflow/dags/weather_hourly.py took 0.033 seconds
[2025-12-29T01:50:26.369+0000] {processor.py:161} INFO - Started process (PID=269) to work on /opt/airflow/dags/weather_hourly.py
[2025-12-29T01:50:26.369+0000] {processor.py:830} INFO - Processing file /opt/airflow/dags/weather_hourly.py for tasks to queue
[2025-12-29T01:50:26.371+0000] {logging_mixin.py:188} INFO - [2025-12-29T01:50:26.371+0000] {dagbag.py:545} INFO - Filling up the DagBag from /opt/airflow/dags/weather_hourly.py
[2025-12-29T01:50:26.385+0000] {logging_mixin.py:188} INFO - [2025-12-29T01:50:26.382+0000] {dagbag.py:355} ERROR - Failed to import: /opt/airflow/dags/weather_hourly.py
Traceback (most recent call last):
  File "/home/airflow/.local/lib/python3.11/site-packages/airflow/models/dagbag.py", line 351, in parse
    loader.exec_module(new_module)
  File "<frozen importlib._bootstrap_external>", line 940, in exec_module
  File "<frozen importlib._bootstrap>", line 241, in _call_with_frames_removed
  File "/opt/airflow/dags/weather_hourly.py", line 62, in <module>
    wait_for_reference = PythonSensor(
                         ^^^^^^^^^^^^
NameError: name 'PythonSensor' is not defined
[2025-12-29T01:50:26.386+0000] {processor.py:842} WARNING - No viable dags retrieved from /opt/airflow/dags/weather_hourly.py
[2025-12-29T01:50:26.406+0000] {processor.py:183} INFO - Processing /opt/airflow/dags/weather_hourly.py took 0.043 seconds
[2025-12-29T01:50:56.621+0000] {processor.py:161} INFO - Started process (PID=279) to work on /opt/airflow/dags/weather_hourly.py
[2025-12-29T01:50:56.622+0000] {processor.py:830} INFO - Processing file /opt/airflow/dags/weather_hourly.py for tasks to queue
[2025-12-29T01:50:56.623+0000] {logging_mixin.py:188} INFO - [2025-12-29T01:50:56.623+0000] {dagbag.py:545} INFO - Filling up the DagBag from /opt/airflow/dags/weather_hourly.py
[2025-12-29T01:50:56.639+0000] {logging_mixin.py:188} INFO - [2025-12-29T01:50:56.636+0000] {dagbag.py:355} ERROR - Failed to import: /opt/airflow/dags/weather_hourly.py
Traceback (most recent call last):
  File "/home/airflow/.local/lib/python3.11/site-packages/airflow/models/dagbag.py", line 351, in parse
    loader.exec_module(new_module)
  File "<frozen importlib._bootstrap_external>", line 940, in exec_module
  File "<frozen importlib._bootstrap>", line 241, in _call_with_frames_removed
  File "/opt/airflow/dags/weather_hourly.py", line 62, in <module>
    wait_for_reference = PythonSensor(
                         ^^^^^^^^^^^^
NameError: name 'PythonSensor' is not defined
[2025-12-29T01:50:56.640+0000] {processor.py:842} WARNING - No viable dags retrieved from /opt/airflow/dags/weather_hourly.py
[2025-12-29T01:50:56.659+0000] {processor.py:183} INFO - Processing /opt/airflow/dags/weather_hourly.py took 0.044 seconds
[2025-12-29T01:51:26.888+0000] {processor.py:161} INFO - Started process (PID=289) to work on /opt/airflow/dags/weather_hourly.py
[2025-12-29T01:51:26.889+0000] {processor.py:830} INFO - Processing file /opt/airflow/dags/weather_hourly.py for tasks to queue
[2025-12-29T01:51:26.891+0000] {logging_mixin.py:188} INFO - [2025-12-29T01:51:26.890+0000] {dagbag.py:545} INFO - Filling up the DagBag from /opt/airflow/dags/weather_hourly.py
[2025-12-29T01:51:26.903+0000] {logging_mixin.py:188} INFO - [2025-12-29T01:51:26.900+0000] {dagbag.py:355} ERROR - Failed to import: /opt/airflow/dags/weather_hourly.py
Traceback (most recent call last):
  File "/home/airflow/.local/lib/python3.11/site-packages/airflow/models/dagbag.py", line 351, in parse
    loader.exec_module(new_module)
  File "<frozen importlib._bootstrap_external>", line 940, in exec_module
  File "<frozen importlib._bootstrap>", line 241, in _call_with_frames_removed
  File "/opt/airflow/dags/weather_hourly.py", line 62, in <module>
    wait_for_reference = PythonSensor(
                         ^^^^^^^^^^^^
NameError: name 'PythonSensor' is not defined
[2025-12-29T01:51:26.904+0000] {processor.py:842} WARNING - No viable dags retrieved from /opt/airflow/dags/weather_hourly.py
[2025-12-29T01:51:26.920+0000] {processor.py:183} INFO - Processing /opt/airflow/dags/weather_hourly.py took 0.036 seconds
[2025-12-29T01:51:57.124+0000] {processor.py:161} INFO - Started process (PID=299) to work on /opt/airflow/dags/weather_hourly.py
[2025-12-29T01:51:57.124+0000] {processor.py:830} INFO - Processing file /opt/airflow/dags/weather_hourly.py for tasks to queue
[2025-12-29T01:51:57.125+0000] {logging_mixin.py:188} INFO - [2025-12-29T01:51:57.125+0000] {dagbag.py:545} INFO - Filling up the DagBag from /opt/airflow/dags/weather_hourly.py
[2025-12-29T01:51:57.137+0000] {logging_mixin.py:188} INFO - [2025-12-29T01:51:57.135+0000] {dagbag.py:355} ERROR - Failed to import: /opt/airflow/dags/weather_hourly.py
Traceback (most recent call last):
  File "/home/airflow/.local/lib/python3.11/site-packages/airflow/models/dagbag.py", line 351, in parse
    loader.exec_module(new_module)
  File "<frozen importlib._bootstrap_external>", line 940, in exec_module
  File "<frozen importlib._bootstrap>", line 241, in _call_with_frames_removed
  File "/opt/airflow/dags/weather_hourly.py", line 62, in <module>
    wait_for_reference = PythonSensor(
                         ^^^^^^^^^^^^
NameError: name 'PythonSensor' is not defined
[2025-12-29T01:51:57.138+0000] {processor.py:842} WARNING - No viable dags retrieved from /opt/airflow/dags/weather_hourly.py
[2025-12-29T01:51:57.153+0000] {processor.py:183} INFO - Processing /opt/airflow/dags/weather_hourly.py took 0.034 seconds
[2025-12-29T01:52:27.358+0000] {processor.py:161} INFO - Started process (PID=309) to work on /opt/airflow/dags/weather_hourly.py
[2025-12-29T01:52:27.359+0000] {processor.py:830} INFO - Processing file /opt/airflow/dags/weather_hourly.py for tasks to queue
[2025-12-29T01:52:27.360+0000] {logging_mixin.py:188} INFO - [2025-12-29T01:52:27.360+0000] {dagbag.py:545} INFO - Filling up the DagBag from /opt/airflow/dags/weather_hourly.py
[2025-12-29T01:52:27.373+0000] {logging_mixin.py:188} INFO - [2025-12-29T01:52:27.370+0000] {dagbag.py:355} ERROR - Failed to import: /opt/airflow/dags/weather_hourly.py
Traceback (most recent call last):
  File "/home/airflow/.local/lib/python3.11/site-packages/airflow/models/dagbag.py", line 351, in parse
    loader.exec_module(new_module)
  File "<frozen importlib._bootstrap_external>", line 940, in exec_module
  File "<frozen importlib._bootstrap>", line 241, in _call_with_frames_removed
  File "/opt/airflow/dags/weather_hourly.py", line 62, in <module>
    wait_for_reference = PythonSensor(
                         ^^^^^^^^^^^^
NameError: name 'PythonSensor' is not defined
[2025-12-29T01:52:27.374+0000] {processor.py:842} WARNING - No viable dags retrieved from /opt/airflow/dags/weather_hourly.py
[2025-12-29T01:52:27.391+0000] {processor.py:183} INFO - Processing /opt/airflow/dags/weather_hourly.py took 0.037 seconds
[2025-12-29T01:52:57.608+0000] {processor.py:161} INFO - Started process (PID=319) to work on /opt/airflow/dags/weather_hourly.py
[2025-12-29T01:52:57.608+0000] {processor.py:830} INFO - Processing file /opt/airflow/dags/weather_hourly.py for tasks to queue
[2025-12-29T01:52:57.610+0000] {logging_mixin.py:188} INFO - [2025-12-29T01:52:57.609+0000] {dagbag.py:545} INFO - Filling up the DagBag from /opt/airflow/dags/weather_hourly.py
[2025-12-29T01:52:57.622+0000] {logging_mixin.py:188} INFO - [2025-12-29T01:52:57.619+0000] {dagbag.py:355} ERROR - Failed to import: /opt/airflow/dags/weather_hourly.py
Traceback (most recent call last):
  File "/home/airflow/.local/lib/python3.11/site-packages/airflow/models/dagbag.py", line 351, in parse
    loader.exec_module(new_module)
  File "<frozen importlib._bootstrap_external>", line 940, in exec_module
  File "<frozen importlib._bootstrap>", line 241, in _call_with_frames_removed
  File "/opt/airflow/dags/weather_hourly.py", line 62, in <module>
    wait_for_reference = PythonSensor(
                         ^^^^^^^^^^^^
NameError: name 'PythonSensor' is not defined
[2025-12-29T01:52:57.623+0000] {processor.py:842} WARNING - No viable dags retrieved from /opt/airflow/dags/weather_hourly.py
[2025-12-29T01:52:57.640+0000] {processor.py:183} INFO - Processing /opt/airflow/dags/weather_hourly.py took 0.037 seconds
[2025-12-29T01:53:27.866+0000] {processor.py:161} INFO - Started process (PID=329) to work on /opt/airflow/dags/weather_hourly.py
[2025-12-29T01:53:27.866+0000] {processor.py:830} INFO - Processing file /opt/airflow/dags/weather_hourly.py for tasks to queue
[2025-12-29T01:53:27.868+0000] {logging_mixin.py:188} INFO - [2025-12-29T01:53:27.868+0000] {dagbag.py:545} INFO - Filling up the DagBag from /opt/airflow/dags/weather_hourly.py
[2025-12-29T01:53:27.882+0000] {logging_mixin.py:188} INFO - [2025-12-29T01:53:27.879+0000] {dagbag.py:355} ERROR - Failed to import: /opt/airflow/dags/weather_hourly.py
Traceback (most recent call last):
  File "/home/airflow/.local/lib/python3.11/site-packages/airflow/models/dagbag.py", line 351, in parse
    loader.exec_module(new_module)
  File "<frozen importlib._bootstrap_external>", line 940, in exec_module
  File "<frozen importlib._bootstrap>", line 241, in _call_with_frames_removed
  File "/opt/airflow/dags/weather_hourly.py", line 62, in <module>
    wait_for_reference = PythonSensor(
                         ^^^^^^^^^^^^
NameError: name 'PythonSensor' is not defined
[2025-12-29T01:53:27.883+0000] {processor.py:842} WARNING - No viable dags retrieved from /opt/airflow/dags/weather_hourly.py
[2025-12-29T01:53:27.902+0000] {processor.py:183} INFO - Processing /opt/airflow/dags/weather_hourly.py took 0.042 seconds
[2025-12-29T01:53:58.114+0000] {processor.py:161} INFO - Started process (PID=339) to work on /opt/airflow/dags/weather_hourly.py
[2025-12-29T01:53:58.115+0000] {processor.py:830} INFO - Processing file /opt/airflow/dags/weather_hourly.py for tasks to queue
[2025-12-29T01:53:58.116+0000] {logging_mixin.py:188} INFO - [2025-12-29T01:53:58.116+0000] {dagbag.py:545} INFO - Filling up the DagBag from /opt/airflow/dags/weather_hourly.py
[2025-12-29T01:53:58.128+0000] {logging_mixin.py:188} INFO - [2025-12-29T01:53:58.125+0000] {dagbag.py:355} ERROR - Failed to import: /opt/airflow/dags/weather_hourly.py
Traceback (most recent call last):
  File "/home/airflow/.local/lib/python3.11/site-packages/airflow/models/dagbag.py", line 351, in parse
    loader.exec_module(new_module)
  File "<frozen importlib._bootstrap_external>", line 940, in exec_module
  File "<frozen importlib._bootstrap>", line 241, in _call_with_frames_removed
  File "/opt/airflow/dags/weather_hourly.py", line 62, in <module>
    wait_for_reference = PythonSensor(
                         ^^^^^^^^^^^^
NameError: name 'PythonSensor' is not defined
[2025-12-29T01:53:58.129+0000] {processor.py:842} WARNING - No viable dags retrieved from /opt/airflow/dags/weather_hourly.py
[2025-12-29T01:53:58.146+0000] {processor.py:183} INFO - Processing /opt/airflow/dags/weather_hourly.py took 0.036 seconds
[2025-12-29T01:54:28.371+0000] {processor.py:161} INFO - Started process (PID=349) to work on /opt/airflow/dags/weather_hourly.py
[2025-12-29T01:54:28.372+0000] {processor.py:830} INFO - Processing file /opt/airflow/dags/weather_hourly.py for tasks to queue
[2025-12-29T01:54:28.374+0000] {logging_mixin.py:188} INFO - [2025-12-29T01:54:28.373+0000] {dagbag.py:545} INFO - Filling up the DagBag from /opt/airflow/dags/weather_hourly.py
[2025-12-29T01:54:28.389+0000] {logging_mixin.py:188} INFO - [2025-12-29T01:54:28.386+0000] {dagbag.py:355} ERROR - Failed to import: /opt/airflow/dags/weather_hourly.py
Traceback (most recent call last):
  File "/home/airflow/.local/lib/python3.11/site-packages/airflow/models/dagbag.py", line 351, in parse
    loader.exec_module(new_module)
  File "<frozen importlib._bootstrap_external>", line 940, in exec_module
  File "<frozen importlib._bootstrap>", line 241, in _call_with_frames_removed
  File "/opt/airflow/dags/weather_hourly.py", line 62, in <module>
    wait_for_reference = PythonSensor(
                         ^^^^^^^^^^^^
NameError: name 'PythonSensor' is not defined
[2025-12-29T01:54:28.390+0000] {processor.py:842} WARNING - No viable dags retrieved from /opt/airflow/dags/weather_hourly.py
[2025-12-29T01:54:28.407+0000] {processor.py:183} INFO - Processing /opt/airflow/dags/weather_hourly.py took 0.041 seconds
[2025-12-29T01:54:58.613+0000] {processor.py:161} INFO - Started process (PID=359) to work on /opt/airflow/dags/weather_hourly.py
[2025-12-29T01:54:58.614+0000] {processor.py:830} INFO - Processing file /opt/airflow/dags/weather_hourly.py for tasks to queue
[2025-12-29T01:54:58.615+0000] {logging_mixin.py:188} INFO - [2025-12-29T01:54:58.615+0000] {dagbag.py:545} INFO - Filling up the DagBag from /opt/airflow/dags/weather_hourly.py
[2025-12-29T01:54:58.628+0000] {logging_mixin.py:188} INFO - [2025-12-29T01:54:58.625+0000] {dagbag.py:355} ERROR - Failed to import: /opt/airflow/dags/weather_hourly.py
Traceback (most recent call last):
  File "/home/airflow/.local/lib/python3.11/site-packages/airflow/models/dagbag.py", line 351, in parse
    loader.exec_module(new_module)
  File "<frozen importlib._bootstrap_external>", line 940, in exec_module
  File "<frozen importlib._bootstrap>", line 241, in _call_with_frames_removed
  File "/opt/airflow/dags/weather_hourly.py", line 62, in <module>
    wait_for_reference = PythonSensor(
                         ^^^^^^^^^^^^
NameError: name 'PythonSensor' is not defined
[2025-12-29T01:54:58.629+0000] {processor.py:842} WARNING - No viable dags retrieved from /opt/airflow/dags/weather_hourly.py
[2025-12-29T01:54:58.647+0000] {processor.py:183} INFO - Processing /opt/airflow/dags/weather_hourly.py took 0.039 seconds
[2025-12-29T01:55:28.857+0000] {processor.py:161} INFO - Started process (PID=369) to work on /opt/airflow/dags/weather_hourly.py
[2025-12-29T01:55:28.858+0000] {processor.py:830} INFO - Processing file /opt/airflow/dags/weather_hourly.py for tasks to queue
[2025-12-29T01:55:28.859+0000] {logging_mixin.py:188} INFO - [2025-12-29T01:55:28.859+0000] {dagbag.py:545} INFO - Filling up the DagBag from /opt/airflow/dags/weather_hourly.py
[2025-12-29T01:55:28.873+0000] {logging_mixin.py:188} INFO - [2025-12-29T01:55:28.870+0000] {dagbag.py:355} ERROR - Failed to import: /opt/airflow/dags/weather_hourly.py
Traceback (most recent call last):
  File "/home/airflow/.local/lib/python3.11/site-packages/airflow/models/dagbag.py", line 351, in parse
    loader.exec_module(new_module)
  File "<frozen importlib._bootstrap_external>", line 940, in exec_module
  File "<frozen importlib._bootstrap>", line 241, in _call_with_frames_removed
  File "/opt/airflow/dags/weather_hourly.py", line 62, in <module>
    wait_for_reference = PythonSensor(
                         ^^^^^^^^^^^^
NameError: name 'PythonSensor' is not defined
[2025-12-29T01:55:28.874+0000] {processor.py:842} WARNING - No viable dags retrieved from /opt/airflow/dags/weather_hourly.py
[2025-12-29T01:55:28.891+0000] {processor.py:183} INFO - Processing /opt/airflow/dags/weather_hourly.py took 0.039 seconds
[2025-12-29T01:55:59.099+0000] {processor.py:161} INFO - Started process (PID=379) to work on /opt/airflow/dags/weather_hourly.py
[2025-12-29T01:55:59.100+0000] {processor.py:830} INFO - Processing file /opt/airflow/dags/weather_hourly.py for tasks to queue
[2025-12-29T01:55:59.102+0000] {logging_mixin.py:188} INFO - [2025-12-29T01:55:59.102+0000] {dagbag.py:545} INFO - Filling up the DagBag from /opt/airflow/dags/weather_hourly.py
[2025-12-29T01:55:59.115+0000] {logging_mixin.py:188} INFO - [2025-12-29T01:55:59.112+0000] {dagbag.py:355} ERROR - Failed to import: /opt/airflow/dags/weather_hourly.py
Traceback (most recent call last):
  File "/home/airflow/.local/lib/python3.11/site-packages/airflow/models/dagbag.py", line 351, in parse
    loader.exec_module(new_module)
  File "<frozen importlib._bootstrap_external>", line 940, in exec_module
  File "<frozen importlib._bootstrap>", line 241, in _call_with_frames_removed
  File "/opt/airflow/dags/weather_hourly.py", line 62, in <module>
    wait_for_reference = PythonSensor(
                         ^^^^^^^^^^^^
NameError: name 'PythonSensor' is not defined
[2025-12-29T01:55:59.116+0000] {processor.py:842} WARNING - No viable dags retrieved from /opt/airflow/dags/weather_hourly.py
[2025-12-29T01:55:59.135+0000] {processor.py:183} INFO - Processing /opt/airflow/dags/weather_hourly.py took 0.040 seconds
[2025-12-29T01:56:29.364+0000] {processor.py:161} INFO - Started process (PID=389) to work on /opt/airflow/dags/weather_hourly.py
[2025-12-29T01:56:29.365+0000] {processor.py:830} INFO - Processing file /opt/airflow/dags/weather_hourly.py for tasks to queue
[2025-12-29T01:56:29.366+0000] {logging_mixin.py:188} INFO - [2025-12-29T01:56:29.366+0000] {dagbag.py:545} INFO - Filling up the DagBag from /opt/airflow/dags/weather_hourly.py
[2025-12-29T01:56:29.379+0000] {logging_mixin.py:188} INFO - [2025-12-29T01:56:29.376+0000] {dagbag.py:355} ERROR - Failed to import: /opt/airflow/dags/weather_hourly.py
Traceback (most recent call last):
  File "/home/airflow/.local/lib/python3.11/site-packages/airflow/models/dagbag.py", line 351, in parse
    loader.exec_module(new_module)
  File "<frozen importlib._bootstrap_external>", line 940, in exec_module
  File "<frozen importlib._bootstrap>", line 241, in _call_with_frames_removed
  File "/opt/airflow/dags/weather_hourly.py", line 62, in <module>
    wait_for_reference = PythonSensor(
                         ^^^^^^^^^^^^
NameError: name 'PythonSensor' is not defined
[2025-12-29T01:56:29.380+0000] {processor.py:842} WARNING - No viable dags retrieved from /opt/airflow/dags/weather_hourly.py
[2025-12-29T01:56:29.397+0000] {processor.py:183} INFO - Processing /opt/airflow/dags/weather_hourly.py took 0.037 seconds
[2025-12-29T01:56:59.598+0000] {processor.py:161} INFO - Started process (PID=399) to work on /opt/airflow/dags/weather_hourly.py
[2025-12-29T01:56:59.599+0000] {processor.py:830} INFO - Processing file /opt/airflow/dags/weather_hourly.py for tasks to queue
[2025-12-29T01:56:59.601+0000] {logging_mixin.py:188} INFO - [2025-12-29T01:56:59.601+0000] {dagbag.py:545} INFO - Filling up the DagBag from /opt/airflow/dags/weather_hourly.py
[2025-12-29T01:56:59.614+0000] {logging_mixin.py:188} INFO - [2025-12-29T01:56:59.611+0000] {dagbag.py:355} ERROR - Failed to import: /opt/airflow/dags/weather_hourly.py
Traceback (most recent call last):
  File "/home/airflow/.local/lib/python3.11/site-packages/airflow/models/dagbag.py", line 351, in parse
    loader.exec_module(new_module)
  File "<frozen importlib._bootstrap_external>", line 940, in exec_module
  File "<frozen importlib._bootstrap>", line 241, in _call_with_frames_removed
  File "/opt/airflow/dags/weather_hourly.py", line 62, in <module>
    wait_for_reference = PythonSensor(
                         ^^^^^^^^^^^^
NameError: name 'PythonSensor' is not defined
[2025-12-29T01:56:59.615+0000] {processor.py:842} WARNING - No viable dags retrieved from /opt/airflow/dags/weather_hourly.py
[2025-12-29T01:56:59.633+0000] {processor.py:183} INFO - Processing /opt/airflow/dags/weather_hourly.py took 0.040 seconds
[2025-12-29T01:57:29.841+0000] {processor.py:161} INFO - Started process (PID=409) to work on /opt/airflow/dags/weather_hourly.py
[2025-12-29T01:57:29.842+0000] {processor.py:830} INFO - Processing file /opt/airflow/dags/weather_hourly.py for tasks to queue
[2025-12-29T01:57:29.843+0000] {logging_mixin.py:188} INFO - [2025-12-29T01:57:29.843+0000] {dagbag.py:545} INFO - Filling up the DagBag from /opt/airflow/dags/weather_hourly.py
[2025-12-29T01:57:29.855+0000] {logging_mixin.py:188} INFO - [2025-12-29T01:57:29.853+0000] {dagbag.py:355} ERROR - Failed to import: /opt/airflow/dags/weather_hourly.py
Traceback (most recent call last):
  File "/home/airflow/.local/lib/python3.11/site-packages/airflow/models/dagbag.py", line 351, in parse
    loader.exec_module(new_module)
  File "<frozen importlib._bootstrap_external>", line 940, in exec_module
  File "<frozen importlib._bootstrap>", line 241, in _call_with_frames_removed
  File "/opt/airflow/dags/weather_hourly.py", line 62, in <module>
    wait_for_reference = PythonSensor(
                         ^^^^^^^^^^^^
NameError: name 'PythonSensor' is not defined
[2025-12-29T01:57:29.856+0000] {processor.py:842} WARNING - No viable dags retrieved from /opt/airflow/dags/weather_hourly.py
[2025-12-29T01:57:29.874+0000] {processor.py:183} INFO - Processing /opt/airflow/dags/weather_hourly.py took 0.037 seconds
[2025-12-29T01:58:00.084+0000] {processor.py:161} INFO - Started process (PID=419) to work on /opt/airflow/dags/weather_hourly.py
[2025-12-29T01:58:00.085+0000] {processor.py:830} INFO - Processing file /opt/airflow/dags/weather_hourly.py for tasks to queue
[2025-12-29T01:58:00.087+0000] {logging_mixin.py:188} INFO - [2025-12-29T01:58:00.086+0000] {dagbag.py:545} INFO - Filling up the DagBag from /opt/airflow/dags/weather_hourly.py
[2025-12-29T01:58:00.099+0000] {logging_mixin.py:188} INFO - [2025-12-29T01:58:00.096+0000] {dagbag.py:355} ERROR - Failed to import: /opt/airflow/dags/weather_hourly.py
Traceback (most recent call last):
  File "/home/airflow/.local/lib/python3.11/site-packages/airflow/models/dagbag.py", line 351, in parse
    loader.exec_module(new_module)
  File "<frozen importlib._bootstrap_external>", line 940, in exec_module
  File "<frozen importlib._bootstrap>", line 241, in _call_with_frames_removed
  File "/opt/airflow/dags/weather_hourly.py", line 62, in <module>
    wait_for_reference = PythonSensor(
                         ^^^^^^^^^^^^
NameError: name 'PythonSensor' is not defined
[2025-12-29T01:58:00.100+0000] {processor.py:842} WARNING - No viable dags retrieved from /opt/airflow/dags/weather_hourly.py
[2025-12-29T01:58:00.116+0000] {processor.py:183} INFO - Processing /opt/airflow/dags/weather_hourly.py took 0.036 seconds
[2025-12-29T01:58:30.326+0000] {processor.py:161} INFO - Started process (PID=429) to work on /opt/airflow/dags/weather_hourly.py
[2025-12-29T01:58:30.327+0000] {processor.py:830} INFO - Processing file /opt/airflow/dags/weather_hourly.py for tasks to queue
[2025-12-29T01:58:30.329+0000] {logging_mixin.py:188} INFO - [2025-12-29T01:58:30.328+0000] {dagbag.py:545} INFO - Filling up the DagBag from /opt/airflow/dags/weather_hourly.py
[2025-12-29T01:58:30.342+0000] {logging_mixin.py:188} INFO - [2025-12-29T01:58:30.339+0000] {dagbag.py:355} ERROR - Failed to import: /opt/airflow/dags/weather_hourly.py
Traceback (most recent call last):
  File "/home/airflow/.local/lib/python3.11/site-packages/airflow/models/dagbag.py", line 351, in parse
    loader.exec_module(new_module)
  File "<frozen importlib._bootstrap_external>", line 940, in exec_module
  File "<frozen importlib._bootstrap>", line 241, in _call_with_frames_removed
  File "/opt/airflow/dags/weather_hourly.py", line 62, in <module>
    wait_for_reference = PythonSensor(
                         ^^^^^^^^^^^^
NameError: name 'PythonSensor' is not defined
[2025-12-29T01:58:30.343+0000] {processor.py:842} WARNING - No viable dags retrieved from /opt/airflow/dags/weather_hourly.py
[2025-12-29T01:58:30.361+0000] {processor.py:183} INFO - Processing /opt/airflow/dags/weather_hourly.py took 0.040 seconds
[2025-12-29T01:59:00.570+0000] {processor.py:161} INFO - Started process (PID=439) to work on /opt/airflow/dags/weather_hourly.py
[2025-12-29T01:59:00.571+0000] {processor.py:830} INFO - Processing file /opt/airflow/dags/weather_hourly.py for tasks to queue
[2025-12-29T01:59:00.573+0000] {logging_mixin.py:188} INFO - [2025-12-29T01:59:00.572+0000] {dagbag.py:545} INFO - Filling up the DagBag from /opt/airflow/dags/weather_hourly.py
[2025-12-29T01:59:00.590+0000] {logging_mixin.py:188} INFO - [2025-12-29T01:59:00.587+0000] {dagbag.py:355} ERROR - Failed to import: /opt/airflow/dags/weather_hourly.py
Traceback (most recent call last):
  File "/home/airflow/.local/lib/python3.11/site-packages/airflow/models/dagbag.py", line 351, in parse
    loader.exec_module(new_module)
  File "<frozen importlib._bootstrap_external>", line 940, in exec_module
  File "<frozen importlib._bootstrap>", line 241, in _call_with_frames_removed
  File "/opt/airflow/dags/weather_hourly.py", line 62, in <module>
    wait_for_reference = PythonSensor(
                         ^^^^^^^^^^^^
NameError: name 'PythonSensor' is not defined
[2025-12-29T01:59:00.591+0000] {processor.py:842} WARNING - No viable dags retrieved from /opt/airflow/dags/weather_hourly.py
[2025-12-29T01:59:00.613+0000] {processor.py:183} INFO - Processing /opt/airflow/dags/weather_hourly.py took 0.050 seconds
[2025-12-29T01:59:30.829+0000] {processor.py:161} INFO - Started process (PID=449) to work on /opt/airflow/dags/weather_hourly.py
[2025-12-29T01:59:30.829+0000] {processor.py:830} INFO - Processing file /opt/airflow/dags/weather_hourly.py for tasks to queue
[2025-12-29T01:59:30.831+0000] {logging_mixin.py:188} INFO - [2025-12-29T01:59:30.831+0000] {dagbag.py:545} INFO - Filling up the DagBag from /opt/airflow/dags/weather_hourly.py
[2025-12-29T01:59:30.845+0000] {logging_mixin.py:188} INFO - [2025-12-29T01:59:30.842+0000] {dagbag.py:355} ERROR - Failed to import: /opt/airflow/dags/weather_hourly.py
Traceback (most recent call last):
  File "/home/airflow/.local/lib/python3.11/site-packages/airflow/models/dagbag.py", line 351, in parse
    loader.exec_module(new_module)
  File "<frozen importlib._bootstrap_external>", line 940, in exec_module
  File "<frozen importlib._bootstrap>", line 241, in _call_with_frames_removed
  File "/opt/airflow/dags/weather_hourly.py", line 62, in <module>
    wait_for_reference = PythonSensor(
                         ^^^^^^^^^^^^
NameError: name 'PythonSensor' is not defined
[2025-12-29T01:59:30.846+0000] {processor.py:842} WARNING - No viable dags retrieved from /opt/airflow/dags/weather_hourly.py
[2025-12-29T01:59:30.862+0000] {processor.py:183} INFO - Processing /opt/airflow/dags/weather_hourly.py took 0.038 seconds
[2025-12-29T02:00:01.064+0000] {processor.py:161} INFO - Started process (PID=459) to work on /opt/airflow/dags/weather_hourly.py
[2025-12-29T02:00:01.065+0000] {processor.py:830} INFO - Processing file /opt/airflow/dags/weather_hourly.py for tasks to queue
[2025-12-29T02:00:01.066+0000] {logging_mixin.py:188} INFO - [2025-12-29T02:00:01.066+0000] {dagbag.py:545} INFO - Filling up the DagBag from /opt/airflow/dags/weather_hourly.py
[2025-12-29T02:00:01.079+0000] {logging_mixin.py:188} INFO - [2025-12-29T02:00:01.077+0000] {dagbag.py:355} ERROR - Failed to import: /opt/airflow/dags/weather_hourly.py
Traceback (most recent call last):
  File "/home/airflow/.local/lib/python3.11/site-packages/airflow/models/dagbag.py", line 351, in parse
    loader.exec_module(new_module)
  File "<frozen importlib._bootstrap_external>", line 940, in exec_module
  File "<frozen importlib._bootstrap>", line 241, in _call_with_frames_removed
  File "/opt/airflow/dags/weather_hourly.py", line 62, in <module>
    wait_for_reference = PythonSensor(
                         ^^^^^^^^^^^^
NameError: name 'PythonSensor' is not defined
[2025-12-29T02:00:01.080+0000] {processor.py:842} WARNING - No viable dags retrieved from /opt/airflow/dags/weather_hourly.py
[2025-12-29T02:00:01.099+0000] {processor.py:183} INFO - Processing /opt/airflow/dags/weather_hourly.py took 0.040 seconds
[2025-12-29T02:00:31.305+0000] {processor.py:161} INFO - Started process (PID=469) to work on /opt/airflow/dags/weather_hourly.py
[2025-12-29T02:00:31.306+0000] {processor.py:830} INFO - Processing file /opt/airflow/dags/weather_hourly.py for tasks to queue
[2025-12-29T02:00:31.308+0000] {logging_mixin.py:188} INFO - [2025-12-29T02:00:31.308+0000] {dagbag.py:545} INFO - Filling up the DagBag from /opt/airflow/dags/weather_hourly.py
[2025-12-29T02:00:31.324+0000] {logging_mixin.py:188} INFO - [2025-12-29T02:00:31.320+0000] {dagbag.py:355} ERROR - Failed to import: /opt/airflow/dags/weather_hourly.py
Traceback (most recent call last):
  File "/home/airflow/.local/lib/python3.11/site-packages/airflow/models/dagbag.py", line 351, in parse
    loader.exec_module(new_module)
  File "<frozen importlib._bootstrap_external>", line 940, in exec_module
  File "<frozen importlib._bootstrap>", line 241, in _call_with_frames_removed
  File "/opt/airflow/dags/weather_hourly.py", line 62, in <module>
    wait_for_reference = PythonSensor(
                         ^^^^^^^^^^^^
NameError: name 'PythonSensor' is not defined
[2025-12-29T02:00:31.325+0000] {processor.py:842} WARNING - No viable dags retrieved from /opt/airflow/dags/weather_hourly.py
[2025-12-29T02:00:31.345+0000] {processor.py:183} INFO - Processing /opt/airflow/dags/weather_hourly.py took 0.045 seconds
[2025-12-29T02:01:01.550+0000] {processor.py:161} INFO - Started process (PID=479) to work on /opt/airflow/dags/weather_hourly.py
[2025-12-29T02:01:01.550+0000] {processor.py:830} INFO - Processing file /opt/airflow/dags/weather_hourly.py for tasks to queue
[2025-12-29T02:01:01.552+0000] {logging_mixin.py:188} INFO - [2025-12-29T02:01:01.551+0000] {dagbag.py:545} INFO - Filling up the DagBag from /opt/airflow/dags/weather_hourly.py
[2025-12-29T02:01:01.565+0000] {logging_mixin.py:188} INFO - [2025-12-29T02:01:01.562+0000] {dagbag.py:355} ERROR - Failed to import: /opt/airflow/dags/weather_hourly.py
Traceback (most recent call last):
  File "/home/airflow/.local/lib/python3.11/site-packages/airflow/models/dagbag.py", line 351, in parse
    loader.exec_module(new_module)
  File "<frozen importlib._bootstrap_external>", line 940, in exec_module
  File "<frozen importlib._bootstrap>", line 241, in _call_with_frames_removed
  File "/opt/airflow/dags/weather_hourly.py", line 62, in <module>
    wait_for_reference = PythonSensor(
                         ^^^^^^^^^^^^
NameError: name 'PythonSensor' is not defined
[2025-12-29T02:01:01.566+0000] {processor.py:842} WARNING - No viable dags retrieved from /opt/airflow/dags/weather_hourly.py
[2025-12-29T02:01:01.582+0000] {processor.py:183} INFO - Processing /opt/airflow/dags/weather_hourly.py took 0.036 seconds
[2025-12-29T02:01:31.816+0000] {processor.py:161} INFO - Started process (PID=489) to work on /opt/airflow/dags/weather_hourly.py
[2025-12-29T02:01:31.817+0000] {processor.py:830} INFO - Processing file /opt/airflow/dags/weather_hourly.py for tasks to queue
[2025-12-29T02:01:31.818+0000] {logging_mixin.py:188} INFO - [2025-12-29T02:01:31.818+0000] {dagbag.py:545} INFO - Filling up the DagBag from /opt/airflow/dags/weather_hourly.py
[2025-12-29T02:01:31.831+0000] {logging_mixin.py:188} INFO - [2025-12-29T02:01:31.829+0000] {dagbag.py:355} ERROR - Failed to import: /opt/airflow/dags/weather_hourly.py
Traceback (most recent call last):
  File "/home/airflow/.local/lib/python3.11/site-packages/airflow/models/dagbag.py", line 351, in parse
    loader.exec_module(new_module)
  File "<frozen importlib._bootstrap_external>", line 940, in exec_module
  File "<frozen importlib._bootstrap>", line 241, in _call_with_frames_removed
  File "/opt/airflow/dags/weather_hourly.py", line 62, in <module>
    wait_for_reference = PythonSensor(
                         ^^^^^^^^^^^^
NameError: name 'PythonSensor' is not defined
[2025-12-29T02:01:31.832+0000] {processor.py:842} WARNING - No viable dags retrieved from /opt/airflow/dags/weather_hourly.py
[2025-12-29T02:01:31.850+0000] {processor.py:183} INFO - Processing /opt/airflow/dags/weather_hourly.py took 0.038 seconds
[2025-12-29T02:08:35.264+0000] {processor.py:161} INFO - Started process (PID=189) to work on /opt/airflow/dags/weather_hourly.py
[2025-12-29T02:08:35.265+0000] {processor.py:830} INFO - Processing file /opt/airflow/dags/weather_hourly.py for tasks to queue
[2025-12-29T02:08:35.267+0000] {logging_mixin.py:188} INFO - [2025-12-29T02:08:35.267+0000] {dagbag.py:545} INFO - Filling up the DagBag from /opt/airflow/dags/weather_hourly.py
[2025-12-29T02:08:35.282+0000] {logging_mixin.py:188} INFO - [2025-12-29T02:08:35.279+0000] {dagbag.py:355} ERROR - Failed to import: /opt/airflow/dags/weather_hourly.py
Traceback (most recent call last):
  File "/home/airflow/.local/lib/python3.11/site-packages/airflow/models/dagbag.py", line 351, in parse
    loader.exec_module(new_module)
  File "<frozen importlib._bootstrap_external>", line 940, in exec_module
  File "<frozen importlib._bootstrap>", line 241, in _call_with_frames_removed
  File "/opt/airflow/dags/weather_hourly.py", line 62, in <module>
    wait_for_reference = PythonSensor(
                         ^^^^^^^^^^^^
NameError: name 'PythonSensor' is not defined
[2025-12-29T02:08:35.283+0000] {processor.py:842} WARNING - No viable dags retrieved from /opt/airflow/dags/weather_hourly.py
[2025-12-29T02:08:35.305+0000] {processor.py:183} INFO - Processing /opt/airflow/dags/weather_hourly.py took 0.045 seconds
[2025-12-29T02:09:05.648+0000] {processor.py:161} INFO - Started process (PID=199) to work on /opt/airflow/dags/weather_hourly.py
[2025-12-29T02:09:05.650+0000] {processor.py:830} INFO - Processing file /opt/airflow/dags/weather_hourly.py for tasks to queue
[2025-12-29T02:09:05.651+0000] {logging_mixin.py:188} INFO - [2025-12-29T02:09:05.651+0000] {dagbag.py:545} INFO - Filling up the DagBag from /opt/airflow/dags/weather_hourly.py
[2025-12-29T02:09:05.665+0000] {logging_mixin.py:188} INFO - [2025-12-29T02:09:05.661+0000] {dagbag.py:355} ERROR - Failed to import: /opt/airflow/dags/weather_hourly.py
Traceback (most recent call last):
  File "/home/airflow/.local/lib/python3.11/site-packages/airflow/models/dagbag.py", line 351, in parse
    loader.exec_module(new_module)
  File "<frozen importlib._bootstrap_external>", line 940, in exec_module
  File "<frozen importlib._bootstrap>", line 241, in _call_with_frames_removed
  File "/opt/airflow/dags/weather_hourly.py", line 62, in <module>
    wait_for_reference = PythonSensor(
                         ^^^^^^^^^^^^
NameError: name 'PythonSensor' is not defined
[2025-12-29T02:09:05.666+0000] {processor.py:842} WARNING - No viable dags retrieved from /opt/airflow/dags/weather_hourly.py
[2025-12-29T02:09:05.686+0000] {processor.py:183} INFO - Processing /opt/airflow/dags/weather_hourly.py took 0.042 seconds
[2025-12-29T02:09:35.890+0000] {processor.py:161} INFO - Started process (PID=209) to work on /opt/airflow/dags/weather_hourly.py
[2025-12-29T02:09:35.891+0000] {processor.py:830} INFO - Processing file /opt/airflow/dags/weather_hourly.py for tasks to queue
[2025-12-29T02:09:35.893+0000] {logging_mixin.py:188} INFO - [2025-12-29T02:09:35.893+0000] {dagbag.py:545} INFO - Filling up the DagBag from /opt/airflow/dags/weather_hourly.py
[2025-12-29T02:09:35.905+0000] {logging_mixin.py:188} INFO - [2025-12-29T02:09:35.903+0000] {dagbag.py:355} ERROR - Failed to import: /opt/airflow/dags/weather_hourly.py
Traceback (most recent call last):
  File "/home/airflow/.local/lib/python3.11/site-packages/airflow/models/dagbag.py", line 351, in parse
    loader.exec_module(new_module)
  File "<frozen importlib._bootstrap_external>", line 940, in exec_module
  File "<frozen importlib._bootstrap>", line 241, in _call_with_frames_removed
  File "/opt/airflow/dags/weather_hourly.py", line 62, in <module>
    wait_for_reference = PythonSensor(
                         ^^^^^^^^^^^^
NameError: name 'PythonSensor' is not defined
[2025-12-29T02:09:35.906+0000] {processor.py:842} WARNING - No viable dags retrieved from /opt/airflow/dags/weather_hourly.py
[2025-12-29T02:09:35.923+0000] {processor.py:183} INFO - Processing /opt/airflow/dags/weather_hourly.py took 0.038 seconds
[2025-12-29T02:10:06.126+0000] {processor.py:161} INFO - Started process (PID=219) to work on /opt/airflow/dags/weather_hourly.py
[2025-12-29T02:10:06.127+0000] {processor.py:830} INFO - Processing file /opt/airflow/dags/weather_hourly.py for tasks to queue
[2025-12-29T02:10:06.129+0000] {logging_mixin.py:188} INFO - [2025-12-29T02:10:06.129+0000] {dagbag.py:545} INFO - Filling up the DagBag from /opt/airflow/dags/weather_hourly.py
[2025-12-29T02:10:06.144+0000] {logging_mixin.py:188} INFO - [2025-12-29T02:10:06.141+0000] {dagbag.py:355} ERROR - Failed to import: /opt/airflow/dags/weather_hourly.py
Traceback (most recent call last):
  File "/home/airflow/.local/lib/python3.11/site-packages/airflow/models/dagbag.py", line 351, in parse
    loader.exec_module(new_module)
  File "<frozen importlib._bootstrap_external>", line 940, in exec_module
  File "<frozen importlib._bootstrap>", line 241, in _call_with_frames_removed
  File "/opt/airflow/dags/weather_hourly.py", line 62, in <module>
    wait_for_reference = PythonSensor(
                         ^^^^^^^^^^^^
NameError: name 'PythonSensor' is not defined
[2025-12-29T02:10:06.145+0000] {processor.py:842} WARNING - No viable dags retrieved from /opt/airflow/dags/weather_hourly.py
[2025-12-29T02:10:06.165+0000] {processor.py:183} INFO - Processing /opt/airflow/dags/weather_hourly.py took 0.043 seconds
[2025-12-29T02:11:10.858+0000] {processor.py:161} INFO - Started process (PID=189) to work on /opt/airflow/dags/weather_hourly.py
[2025-12-29T02:11:10.859+0000] {processor.py:830} INFO - Processing file /opt/airflow/dags/weather_hourly.py for tasks to queue
[2025-12-29T02:11:10.861+0000] {logging_mixin.py:188} INFO - [2025-12-29T02:11:10.860+0000] {dagbag.py:545} INFO - Filling up the DagBag from /opt/airflow/dags/weather_hourly.py
[2025-12-29T02:11:10.875+0000] {logging_mixin.py:188} INFO - [2025-12-29T02:11:10.872+0000] {dagbag.py:355} ERROR - Failed to import: /opt/airflow/dags/weather_hourly.py
Traceback (most recent call last):
  File "/home/airflow/.local/lib/python3.11/site-packages/airflow/models/dagbag.py", line 351, in parse
    loader.exec_module(new_module)
  File "<frozen importlib._bootstrap_external>", line 940, in exec_module
  File "<frozen importlib._bootstrap>", line 241, in _call_with_frames_removed
  File "/opt/airflow/dags/weather_hourly.py", line 62, in <module>
    wait_for_reference = PythonSensor(
                         ^^^^^^^^^^^^
NameError: name 'PythonSensor' is not defined
[2025-12-29T02:11:10.876+0000] {processor.py:842} WARNING - No viable dags retrieved from /opt/airflow/dags/weather_hourly.py
[2025-12-29T02:11:10.897+0000] {processor.py:183} INFO - Processing /opt/airflow/dags/weather_hourly.py took 0.045 seconds
[2025-12-29T02:11:41.256+0000] {processor.py:161} INFO - Started process (PID=199) to work on /opt/airflow/dags/weather_hourly.py
[2025-12-29T02:11:41.258+0000] {processor.py:830} INFO - Processing file /opt/airflow/dags/weather_hourly.py for tasks to queue
[2025-12-29T02:11:41.260+0000] {logging_mixin.py:188} INFO - [2025-12-29T02:11:41.259+0000] {dagbag.py:545} INFO - Filling up the DagBag from /opt/airflow/dags/weather_hourly.py
[2025-12-29T02:11:41.277+0000] {logging_mixin.py:188} INFO - [2025-12-29T02:11:41.273+0000] {dagbag.py:355} ERROR - Failed to import: /opt/airflow/dags/weather_hourly.py
Traceback (most recent call last):
  File "/home/airflow/.local/lib/python3.11/site-packages/airflow/models/dagbag.py", line 351, in parse
    loader.exec_module(new_module)
  File "<frozen importlib._bootstrap_external>", line 940, in exec_module
  File "<frozen importlib._bootstrap>", line 241, in _call_with_frames_removed
  File "/opt/airflow/dags/weather_hourly.py", line 62, in <module>
    wait_for_reference = PythonSensor(
                         ^^^^^^^^^^^^
NameError: name 'PythonSensor' is not defined
[2025-12-29T02:11:41.278+0000] {processor.py:842} WARNING - No viable dags retrieved from /opt/airflow/dags/weather_hourly.py
[2025-12-29T02:11:41.302+0000] {processor.py:183} INFO - Processing /opt/airflow/dags/weather_hourly.py took 0.053 seconds
[2025-12-29T02:12:11.509+0000] {processor.py:161} INFO - Started process (PID=209) to work on /opt/airflow/dags/weather_hourly.py
[2025-12-29T02:12:11.510+0000] {processor.py:830} INFO - Processing file /opt/airflow/dags/weather_hourly.py for tasks to queue
[2025-12-29T02:12:11.512+0000] {logging_mixin.py:188} INFO - [2025-12-29T02:12:11.512+0000] {dagbag.py:545} INFO - Filling up the DagBag from /opt/airflow/dags/weather_hourly.py
[2025-12-29T02:12:11.526+0000] {logging_mixin.py:188} INFO - [2025-12-29T02:12:11.523+0000] {dagbag.py:355} ERROR - Failed to import: /opt/airflow/dags/weather_hourly.py
Traceback (most recent call last):
  File "/home/airflow/.local/lib/python3.11/site-packages/airflow/models/dagbag.py", line 351, in parse
    loader.exec_module(new_module)
  File "<frozen importlib._bootstrap_external>", line 940, in exec_module
  File "<frozen importlib._bootstrap>", line 241, in _call_with_frames_removed
  File "/opt/airflow/dags/weather_hourly.py", line 62, in <module>
    wait_for_reference = PythonSensor(
                         ^^^^^^^^^^^^
NameError: name 'PythonSensor' is not defined
[2025-12-29T02:12:11.527+0000] {processor.py:842} WARNING - No viable dags retrieved from /opt/airflow/dags/weather_hourly.py
[2025-12-29T02:12:11.548+0000] {processor.py:183} INFO - Processing /opt/airflow/dags/weather_hourly.py took 0.044 seconds
[2025-12-29T02:12:41.748+0000] {processor.py:161} INFO - Started process (PID=219) to work on /opt/airflow/dags/weather_hourly.py
[2025-12-29T02:12:41.749+0000] {processor.py:830} INFO - Processing file /opt/airflow/dags/weather_hourly.py for tasks to queue
[2025-12-29T02:12:41.751+0000] {logging_mixin.py:188} INFO - [2025-12-29T02:12:41.751+0000] {dagbag.py:545} INFO - Filling up the DagBag from /opt/airflow/dags/weather_hourly.py
[2025-12-29T02:12:41.765+0000] {logging_mixin.py:188} INFO - [2025-12-29T02:12:41.762+0000] {dagbag.py:355} ERROR - Failed to import: /opt/airflow/dags/weather_hourly.py
Traceback (most recent call last):
  File "/home/airflow/.local/lib/python3.11/site-packages/airflow/models/dagbag.py", line 351, in parse
    loader.exec_module(new_module)
  File "<frozen importlib._bootstrap_external>", line 940, in exec_module
  File "<frozen importlib._bootstrap>", line 241, in _call_with_frames_removed
  File "/opt/airflow/dags/weather_hourly.py", line 62, in <module>
    wait_for_reference = PythonSensor(
                         ^^^^^^^^^^^^
NameError: name 'PythonSensor' is not defined
[2025-12-29T02:12:41.765+0000] {processor.py:842} WARNING - No viable dags retrieved from /opt/airflow/dags/weather_hourly.py
[2025-12-29T02:12:41.784+0000] {processor.py:183} INFO - Processing /opt/airflow/dags/weather_hourly.py took 0.039 seconds
[2025-12-29T02:12:43.834+0000] {processor.py:161} INFO - Started process (PID=229) to work on /opt/airflow/dags/weather_hourly.py
[2025-12-29T02:12:43.835+0000] {processor.py:830} INFO - Processing file /opt/airflow/dags/weather_hourly.py for tasks to queue
[2025-12-29T02:12:43.836+0000] {logging_mixin.py:188} INFO - [2025-12-29T02:12:43.836+0000] {dagbag.py:545} INFO - Filling up the DagBag from /opt/airflow/dags/weather_hourly.py
[2025-12-29T02:12:43.859+0000] {logging_mixin.py:188} INFO - [2025-12-29T02:12:43.855+0000] {dagbag.py:355} ERROR - Failed to import: /opt/airflow/dags/weather_hourly.py
Traceback (most recent call last):
  File "/home/airflow/.local/lib/python3.11/site-packages/airflow/models/dagbag.py", line 351, in parse
    loader.exec_module(new_module)
  File "<frozen importlib._bootstrap_external>", line 940, in exec_module
  File "<frozen importlib._bootstrap>", line 241, in _call_with_frames_removed
  File "/opt/airflow/dags/weather_hourly.py", line 75, in <module>
    dbt_weather_models = dbt_run_task(
                         ^^^^^^^^^^^^^
  File "/opt/airflow/dags/weather_hourly.py", line 40, in dbt_run_task
    return DockerOperator(
           ^^^^^^^^^^^^^^^
  File "/home/airflow/.local/lib/python3.11/site-packages/airflow/models/baseoperator.py", line 485, in apply_defaults
    result = func(self, **kwargs, default_args=default_args)
             ^^^^^^^^^^^^^^^^^^^^^^^^^^^^^^^^^^^^^^^^^^^^^^^
  File "/home/airflow/.local/lib/python3.11/site-packages/airflow/providers/docker/operators/docker.py", line 273, in __init__
    super().__init__(**kwargs)
  File "/home/airflow/.local/lib/python3.11/site-packages/airflow/models/baseoperator.py", line 485, in apply_defaults
    result = func(self, **kwargs, default_args=default_args)
             ^^^^^^^^^^^^^^^^^^^^^^^^^^^^^^^^^^^^^^^^^^^^^^^
  File "/home/airflow/.local/lib/python3.11/site-packages/airflow/models/baseoperator.py", line 882, in __init__
    raise AirflowException(
airflow.exceptions.AirflowException: Invalid arguments were passed to DockerOperator (task_id: dbt_weather_models). Invalid arguments were:
**kwargs: {'volumes': ['C:/Users/uzair/Documents/GitHub/Enpal/dbt/dbt_project:/dbt']}
[2025-12-29T02:12:43.860+0000] {processor.py:842} WARNING - No viable dags retrieved from /opt/airflow/dags/weather_hourly.py
[2025-12-29T02:12:43.876+0000] {processor.py:183} INFO - Processing /opt/airflow/dags/weather_hourly.py took 0.046 seconds
[2025-12-29T02:13:14.050+0000] {processor.py:161} INFO - Started process (PID=239) to work on /opt/airflow/dags/weather_hourly.py
[2025-12-29T02:13:14.051+0000] {processor.py:830} INFO - Processing file /opt/airflow/dags/weather_hourly.py for tasks to queue
[2025-12-29T02:13:14.052+0000] {logging_mixin.py:188} INFO - [2025-12-29T02:13:14.052+0000] {dagbag.py:545} INFO - Filling up the DagBag from /opt/airflow/dags/weather_hourly.py
[2025-12-29T02:13:14.066+0000] {logging_mixin.py:188} INFO - [2025-12-29T02:13:14.063+0000] {dagbag.py:355} ERROR - Failed to import: /opt/airflow/dags/weather_hourly.py
Traceback (most recent call last):
  File "/home/airflow/.local/lib/python3.11/site-packages/airflow/models/dagbag.py", line 351, in parse
    loader.exec_module(new_module)
  File "<frozen importlib._bootstrap_external>", line 940, in exec_module
  File "<frozen importlib._bootstrap>", line 241, in _call_with_frames_removed
  File "/opt/airflow/dags/weather_hourly.py", line 75, in <module>
    dbt_weather_models = dbt_run_task(
                         ^^^^^^^^^^^^^
  File "/opt/airflow/dags/weather_hourly.py", line 40, in dbt_run_task
    return DockerOperator(
           ^^^^^^^^^^^^^^^
  File "/home/airflow/.local/lib/python3.11/site-packages/airflow/models/baseoperator.py", line 485, in apply_defaults
    result = func(self, **kwargs, default_args=default_args)
             ^^^^^^^^^^^^^^^^^^^^^^^^^^^^^^^^^^^^^^^^^^^^^^^
  File "/home/airflow/.local/lib/python3.11/site-packages/airflow/providers/docker/operators/docker.py", line 273, in __init__
    super().__init__(**kwargs)
  File "/home/airflow/.local/lib/python3.11/site-packages/airflow/models/baseoperator.py", line 485, in apply_defaults
    result = func(self, **kwargs, default_args=default_args)
             ^^^^^^^^^^^^^^^^^^^^^^^^^^^^^^^^^^^^^^^^^^^^^^^
  File "/home/airflow/.local/lib/python3.11/site-packages/airflow/models/baseoperator.py", line 882, in __init__
    raise AirflowException(
airflow.exceptions.AirflowException: Invalid arguments were passed to DockerOperator (task_id: dbt_weather_models). Invalid arguments were:
**kwargs: {'volumes': ['C:/Users/uzair/Documents/GitHub/Enpal/dbt/dbt_project:/dbt']}
[2025-12-29T02:13:14.067+0000] {processor.py:842} WARNING - No viable dags retrieved from /opt/airflow/dags/weather_hourly.py
[2025-12-29T02:13:14.082+0000] {processor.py:183} INFO - Processing /opt/airflow/dags/weather_hourly.py took 0.036 seconds
[2025-12-29T02:13:44.272+0000] {processor.py:161} INFO - Started process (PID=249) to work on /opt/airflow/dags/weather_hourly.py
[2025-12-29T02:13:44.273+0000] {processor.py:830} INFO - Processing file /opt/airflow/dags/weather_hourly.py for tasks to queue
[2025-12-29T02:13:44.274+0000] {logging_mixin.py:188} INFO - [2025-12-29T02:13:44.274+0000] {dagbag.py:545} INFO - Filling up the DagBag from /opt/airflow/dags/weather_hourly.py
[2025-12-29T02:13:44.288+0000] {logging_mixin.py:188} INFO - [2025-12-29T02:13:44.285+0000] {dagbag.py:355} ERROR - Failed to import: /opt/airflow/dags/weather_hourly.py
Traceback (most recent call last):
  File "/home/airflow/.local/lib/python3.11/site-packages/airflow/models/dagbag.py", line 351, in parse
    loader.exec_module(new_module)
  File "<frozen importlib._bootstrap_external>", line 940, in exec_module
  File "<frozen importlib._bootstrap>", line 241, in _call_with_frames_removed
  File "/opt/airflow/dags/weather_hourly.py", line 75, in <module>
    dbt_weather_models = dbt_run_task(
                         ^^^^^^^^^^^^^
  File "/opt/airflow/dags/weather_hourly.py", line 40, in dbt_run_task
    return DockerOperator(
           ^^^^^^^^^^^^^^^
  File "/home/airflow/.local/lib/python3.11/site-packages/airflow/models/baseoperator.py", line 485, in apply_defaults
    result = func(self, **kwargs, default_args=default_args)
             ^^^^^^^^^^^^^^^^^^^^^^^^^^^^^^^^^^^^^^^^^^^^^^^
  File "/home/airflow/.local/lib/python3.11/site-packages/airflow/providers/docker/operators/docker.py", line 273, in __init__
    super().__init__(**kwargs)
  File "/home/airflow/.local/lib/python3.11/site-packages/airflow/models/baseoperator.py", line 485, in apply_defaults
    result = func(self, **kwargs, default_args=default_args)
             ^^^^^^^^^^^^^^^^^^^^^^^^^^^^^^^^^^^^^^^^^^^^^^^
  File "/home/airflow/.local/lib/python3.11/site-packages/airflow/models/baseoperator.py", line 882, in __init__
    raise AirflowException(
airflow.exceptions.AirflowException: Invalid arguments were passed to DockerOperator (task_id: dbt_weather_models). Invalid arguments were:
**kwargs: {'volumes': ['C:/Users/uzair/Documents/GitHub/Enpal/dbt/dbt_project:/dbt']}
[2025-12-29T02:13:44.289+0000] {processor.py:842} WARNING - No viable dags retrieved from /opt/airflow/dags/weather_hourly.py
[2025-12-29T02:13:44.305+0000] {processor.py:183} INFO - Processing /opt/airflow/dags/weather_hourly.py took 0.036 seconds
[2025-12-29T02:14:14.506+0000] {processor.py:161} INFO - Started process (PID=259) to work on /opt/airflow/dags/weather_hourly.py
[2025-12-29T02:14:14.507+0000] {processor.py:830} INFO - Processing file /opt/airflow/dags/weather_hourly.py for tasks to queue
[2025-12-29T02:14:14.508+0000] {logging_mixin.py:188} INFO - [2025-12-29T02:14:14.508+0000] {dagbag.py:545} INFO - Filling up the DagBag from /opt/airflow/dags/weather_hourly.py
[2025-12-29T02:14:14.523+0000] {logging_mixin.py:188} INFO - [2025-12-29T02:14:14.519+0000] {dagbag.py:355} ERROR - Failed to import: /opt/airflow/dags/weather_hourly.py
Traceback (most recent call last):
  File "/home/airflow/.local/lib/python3.11/site-packages/airflow/models/dagbag.py", line 351, in parse
    loader.exec_module(new_module)
  File "<frozen importlib._bootstrap_external>", line 940, in exec_module
  File "<frozen importlib._bootstrap>", line 241, in _call_with_frames_removed
  File "/opt/airflow/dags/weather_hourly.py", line 75, in <module>
    dbt_weather_models = dbt_run_task(
                         ^^^^^^^^^^^^^
  File "/opt/airflow/dags/weather_hourly.py", line 40, in dbt_run_task
    return DockerOperator(
           ^^^^^^^^^^^^^^^
  File "/home/airflow/.local/lib/python3.11/site-packages/airflow/models/baseoperator.py", line 485, in apply_defaults
    result = func(self, **kwargs, default_args=default_args)
             ^^^^^^^^^^^^^^^^^^^^^^^^^^^^^^^^^^^^^^^^^^^^^^^
  File "/home/airflow/.local/lib/python3.11/site-packages/airflow/providers/docker/operators/docker.py", line 273, in __init__
    super().__init__(**kwargs)
  File "/home/airflow/.local/lib/python3.11/site-packages/airflow/models/baseoperator.py", line 485, in apply_defaults
    result = func(self, **kwargs, default_args=default_args)
             ^^^^^^^^^^^^^^^^^^^^^^^^^^^^^^^^^^^^^^^^^^^^^^^
  File "/home/airflow/.local/lib/python3.11/site-packages/airflow/models/baseoperator.py", line 882, in __init__
    raise AirflowException(
airflow.exceptions.AirflowException: Invalid arguments were passed to DockerOperator (task_id: dbt_weather_models). Invalid arguments were:
**kwargs: {'volumes': ['C:/Users/uzair/Documents/GitHub/Enpal/dbt/dbt_project:/dbt']}
[2025-12-29T02:14:14.523+0000] {processor.py:842} WARNING - No viable dags retrieved from /opt/airflow/dags/weather_hourly.py
[2025-12-29T02:14:14.538+0000] {processor.py:183} INFO - Processing /opt/airflow/dags/weather_hourly.py took 0.035 seconds
[2025-12-29T02:14:44.741+0000] {processor.py:161} INFO - Started process (PID=269) to work on /opt/airflow/dags/weather_hourly.py
[2025-12-29T02:14:44.742+0000] {processor.py:830} INFO - Processing file /opt/airflow/dags/weather_hourly.py for tasks to queue
[2025-12-29T02:14:44.743+0000] {logging_mixin.py:188} INFO - [2025-12-29T02:14:44.743+0000] {dagbag.py:545} INFO - Filling up the DagBag from /opt/airflow/dags/weather_hourly.py
[2025-12-29T02:14:44.758+0000] {logging_mixin.py:188} INFO - [2025-12-29T02:14:44.755+0000] {dagbag.py:355} ERROR - Failed to import: /opt/airflow/dags/weather_hourly.py
Traceback (most recent call last):
  File "/home/airflow/.local/lib/python3.11/site-packages/airflow/models/dagbag.py", line 351, in parse
    loader.exec_module(new_module)
  File "<frozen importlib._bootstrap_external>", line 940, in exec_module
  File "<frozen importlib._bootstrap>", line 241, in _call_with_frames_removed
  File "/opt/airflow/dags/weather_hourly.py", line 75, in <module>
    dbt_weather_models = dbt_run_task(
                         ^^^^^^^^^^^^^
  File "/opt/airflow/dags/weather_hourly.py", line 40, in dbt_run_task
    return DockerOperator(
           ^^^^^^^^^^^^^^^
  File "/home/airflow/.local/lib/python3.11/site-packages/airflow/models/baseoperator.py", line 485, in apply_defaults
    result = func(self, **kwargs, default_args=default_args)
             ^^^^^^^^^^^^^^^^^^^^^^^^^^^^^^^^^^^^^^^^^^^^^^^
  File "/home/airflow/.local/lib/python3.11/site-packages/airflow/providers/docker/operators/docker.py", line 273, in __init__
    super().__init__(**kwargs)
  File "/home/airflow/.local/lib/python3.11/site-packages/airflow/models/baseoperator.py", line 485, in apply_defaults
    result = func(self, **kwargs, default_args=default_args)
             ^^^^^^^^^^^^^^^^^^^^^^^^^^^^^^^^^^^^^^^^^^^^^^^
  File "/home/airflow/.local/lib/python3.11/site-packages/airflow/models/baseoperator.py", line 882, in __init__
    raise AirflowException(
airflow.exceptions.AirflowException: Invalid arguments were passed to DockerOperator (task_id: dbt_weather_models). Invalid arguments were:
**kwargs: {'volumes': ['C:/Users/uzair/Documents/GitHub/Enpal/dbt/dbt_project:/dbt']}
[2025-12-29T02:14:44.759+0000] {processor.py:842} WARNING - No viable dags retrieved from /opt/airflow/dags/weather_hourly.py
[2025-12-29T02:14:44.774+0000] {processor.py:183} INFO - Processing /opt/airflow/dags/weather_hourly.py took 0.036 seconds
[2025-12-29T02:15:14.980+0000] {processor.py:161} INFO - Started process (PID=279) to work on /opt/airflow/dags/weather_hourly.py
[2025-12-29T02:15:14.981+0000] {processor.py:830} INFO - Processing file /opt/airflow/dags/weather_hourly.py for tasks to queue
[2025-12-29T02:15:14.982+0000] {logging_mixin.py:188} INFO - [2025-12-29T02:15:14.982+0000] {dagbag.py:545} INFO - Filling up the DagBag from /opt/airflow/dags/weather_hourly.py
[2025-12-29T02:15:14.998+0000] {logging_mixin.py:188} INFO - [2025-12-29T02:15:14.994+0000] {dagbag.py:355} ERROR - Failed to import: /opt/airflow/dags/weather_hourly.py
Traceback (most recent call last):
  File "/home/airflow/.local/lib/python3.11/site-packages/airflow/models/dagbag.py", line 351, in parse
    loader.exec_module(new_module)
  File "<frozen importlib._bootstrap_external>", line 940, in exec_module
  File "<frozen importlib._bootstrap>", line 241, in _call_with_frames_removed
  File "/opt/airflow/dags/weather_hourly.py", line 75, in <module>
    dbt_weather_models = dbt_run_task(
                         ^^^^^^^^^^^^^
  File "/opt/airflow/dags/weather_hourly.py", line 40, in dbt_run_task
    return DockerOperator(
           ^^^^^^^^^^^^^^^
  File "/home/airflow/.local/lib/python3.11/site-packages/airflow/models/baseoperator.py", line 485, in apply_defaults
    result = func(self, **kwargs, default_args=default_args)
             ^^^^^^^^^^^^^^^^^^^^^^^^^^^^^^^^^^^^^^^^^^^^^^^
  File "/home/airflow/.local/lib/python3.11/site-packages/airflow/providers/docker/operators/docker.py", line 273, in __init__
    super().__init__(**kwargs)
  File "/home/airflow/.local/lib/python3.11/site-packages/airflow/models/baseoperator.py", line 485, in apply_defaults
    result = func(self, **kwargs, default_args=default_args)
             ^^^^^^^^^^^^^^^^^^^^^^^^^^^^^^^^^^^^^^^^^^^^^^^
  File "/home/airflow/.local/lib/python3.11/site-packages/airflow/models/baseoperator.py", line 882, in __init__
    raise AirflowException(
airflow.exceptions.AirflowException: Invalid arguments were passed to DockerOperator (task_id: dbt_weather_models). Invalid arguments were:
**kwargs: {'volumes': ['C:/Users/uzair/Documents/GitHub/Enpal/dbt/dbt_project:/dbt']}
[2025-12-29T02:15:14.999+0000] {processor.py:842} WARNING - No viable dags retrieved from /opt/airflow/dags/weather_hourly.py
[2025-12-29T02:15:15.015+0000] {processor.py:183} INFO - Processing /opt/airflow/dags/weather_hourly.py took 0.040 seconds
[2025-12-29T02:15:45.218+0000] {processor.py:161} INFO - Started process (PID=289) to work on /opt/airflow/dags/weather_hourly.py
[2025-12-29T02:15:45.219+0000] {processor.py:830} INFO - Processing file /opt/airflow/dags/weather_hourly.py for tasks to queue
[2025-12-29T02:15:45.220+0000] {logging_mixin.py:188} INFO - [2025-12-29T02:15:45.220+0000] {dagbag.py:545} INFO - Filling up the DagBag from /opt/airflow/dags/weather_hourly.py
[2025-12-29T02:15:45.236+0000] {logging_mixin.py:188} INFO - [2025-12-29T02:15:45.232+0000] {dagbag.py:355} ERROR - Failed to import: /opt/airflow/dags/weather_hourly.py
Traceback (most recent call last):
  File "/home/airflow/.local/lib/python3.11/site-packages/airflow/models/dagbag.py", line 351, in parse
    loader.exec_module(new_module)
  File "<frozen importlib._bootstrap_external>", line 940, in exec_module
  File "<frozen importlib._bootstrap>", line 241, in _call_with_frames_removed
  File "/opt/airflow/dags/weather_hourly.py", line 75, in <module>
    dbt_weather_models = dbt_run_task(
                         ^^^^^^^^^^^^^
  File "/opt/airflow/dags/weather_hourly.py", line 40, in dbt_run_task
    return DockerOperator(
           ^^^^^^^^^^^^^^^
  File "/home/airflow/.local/lib/python3.11/site-packages/airflow/models/baseoperator.py", line 485, in apply_defaults
    result = func(self, **kwargs, default_args=default_args)
             ^^^^^^^^^^^^^^^^^^^^^^^^^^^^^^^^^^^^^^^^^^^^^^^
  File "/home/airflow/.local/lib/python3.11/site-packages/airflow/providers/docker/operators/docker.py", line 273, in __init__
    super().__init__(**kwargs)
  File "/home/airflow/.local/lib/python3.11/site-packages/airflow/models/baseoperator.py", line 485, in apply_defaults
    result = func(self, **kwargs, default_args=default_args)
             ^^^^^^^^^^^^^^^^^^^^^^^^^^^^^^^^^^^^^^^^^^^^^^^
  File "/home/airflow/.local/lib/python3.11/site-packages/airflow/models/baseoperator.py", line 882, in __init__
    raise AirflowException(
airflow.exceptions.AirflowException: Invalid arguments were passed to DockerOperator (task_id: dbt_weather_models). Invalid arguments were:
**kwargs: {'volumes': ['C:/Users/uzair/Documents/GitHub/Enpal/dbt/dbt_project:/dbt']}
[2025-12-29T02:15:45.236+0000] {processor.py:842} WARNING - No viable dags retrieved from /opt/airflow/dags/weather_hourly.py
[2025-12-29T02:15:45.252+0000] {processor.py:183} INFO - Processing /opt/airflow/dags/weather_hourly.py took 0.038 seconds
[2025-12-29T02:16:15.494+0000] {processor.py:161} INFO - Started process (PID=299) to work on /opt/airflow/dags/weather_hourly.py
[2025-12-29T02:16:15.495+0000] {processor.py:830} INFO - Processing file /opt/airflow/dags/weather_hourly.py for tasks to queue
[2025-12-29T02:16:15.496+0000] {logging_mixin.py:188} INFO - [2025-12-29T02:16:15.496+0000] {dagbag.py:545} INFO - Filling up the DagBag from /opt/airflow/dags/weather_hourly.py
[2025-12-29T02:16:15.511+0000] {logging_mixin.py:188} INFO - [2025-12-29T02:16:15.507+0000] {dagbag.py:355} ERROR - Failed to import: /opt/airflow/dags/weather_hourly.py
Traceback (most recent call last):
  File "/home/airflow/.local/lib/python3.11/site-packages/airflow/models/dagbag.py", line 351, in parse
    loader.exec_module(new_module)
  File "<frozen importlib._bootstrap_external>", line 940, in exec_module
  File "<frozen importlib._bootstrap>", line 241, in _call_with_frames_removed
  File "/opt/airflow/dags/weather_hourly.py", line 75, in <module>
    dbt_weather_models = dbt_run_task(
                         ^^^^^^^^^^^^^
  File "/opt/airflow/dags/weather_hourly.py", line 40, in dbt_run_task
    return DockerOperator(
           ^^^^^^^^^^^^^^^
  File "/home/airflow/.local/lib/python3.11/site-packages/airflow/models/baseoperator.py", line 485, in apply_defaults
    result = func(self, **kwargs, default_args=default_args)
             ^^^^^^^^^^^^^^^^^^^^^^^^^^^^^^^^^^^^^^^^^^^^^^^
  File "/home/airflow/.local/lib/python3.11/site-packages/airflow/providers/docker/operators/docker.py", line 273, in __init__
    super().__init__(**kwargs)
  File "/home/airflow/.local/lib/python3.11/site-packages/airflow/models/baseoperator.py", line 485, in apply_defaults
    result = func(self, **kwargs, default_args=default_args)
             ^^^^^^^^^^^^^^^^^^^^^^^^^^^^^^^^^^^^^^^^^^^^^^^
  File "/home/airflow/.local/lib/python3.11/site-packages/airflow/models/baseoperator.py", line 882, in __init__
    raise AirflowException(
airflow.exceptions.AirflowException: Invalid arguments were passed to DockerOperator (task_id: dbt_weather_models). Invalid arguments were:
**kwargs: {'volumes': ['C:/Users/uzair/Documents/GitHub/Enpal/dbt/dbt_project:/dbt']}
[2025-12-29T02:16:15.512+0000] {processor.py:842} WARNING - No viable dags retrieved from /opt/airflow/dags/weather_hourly.py
[2025-12-29T02:16:15.528+0000] {processor.py:183} INFO - Processing /opt/airflow/dags/weather_hourly.py took 0.038 seconds
[2025-12-29T02:16:45.732+0000] {processor.py:161} INFO - Started process (PID=309) to work on /opt/airflow/dags/weather_hourly.py
[2025-12-29T02:16:45.733+0000] {processor.py:830} INFO - Processing file /opt/airflow/dags/weather_hourly.py for tasks to queue
[2025-12-29T02:16:45.735+0000] {logging_mixin.py:188} INFO - [2025-12-29T02:16:45.735+0000] {dagbag.py:545} INFO - Filling up the DagBag from /opt/airflow/dags/weather_hourly.py
[2025-12-29T02:16:45.750+0000] {logging_mixin.py:188} INFO - [2025-12-29T02:16:45.746+0000] {dagbag.py:355} ERROR - Failed to import: /opt/airflow/dags/weather_hourly.py
Traceback (most recent call last):
  File "/home/airflow/.local/lib/python3.11/site-packages/airflow/models/dagbag.py", line 351, in parse
    loader.exec_module(new_module)
  File "<frozen importlib._bootstrap_external>", line 940, in exec_module
  File "<frozen importlib._bootstrap>", line 241, in _call_with_frames_removed
  File "/opt/airflow/dags/weather_hourly.py", line 75, in <module>
    dbt_weather_models = dbt_run_task(
                         ^^^^^^^^^^^^^
  File "/opt/airflow/dags/weather_hourly.py", line 40, in dbt_run_task
    return DockerOperator(
           ^^^^^^^^^^^^^^^
  File "/home/airflow/.local/lib/python3.11/site-packages/airflow/models/baseoperator.py", line 485, in apply_defaults
    result = func(self, **kwargs, default_args=default_args)
             ^^^^^^^^^^^^^^^^^^^^^^^^^^^^^^^^^^^^^^^^^^^^^^^
  File "/home/airflow/.local/lib/python3.11/site-packages/airflow/providers/docker/operators/docker.py", line 273, in __init__
    super().__init__(**kwargs)
  File "/home/airflow/.local/lib/python3.11/site-packages/airflow/models/baseoperator.py", line 485, in apply_defaults
    result = func(self, **kwargs, default_args=default_args)
             ^^^^^^^^^^^^^^^^^^^^^^^^^^^^^^^^^^^^^^^^^^^^^^^
  File "/home/airflow/.local/lib/python3.11/site-packages/airflow/models/baseoperator.py", line 882, in __init__
    raise AirflowException(
airflow.exceptions.AirflowException: Invalid arguments were passed to DockerOperator (task_id: dbt_weather_models). Invalid arguments were:
**kwargs: {'volumes': ['C:/Users/uzair/Documents/GitHub/Enpal/dbt/dbt_project:/dbt']}
[2025-12-29T02:16:45.750+0000] {processor.py:842} WARNING - No viable dags retrieved from /opt/airflow/dags/weather_hourly.py
[2025-12-29T02:16:45.765+0000] {processor.py:183} INFO - Processing /opt/airflow/dags/weather_hourly.py took 0.037 seconds
[2025-12-29T02:17:15.987+0000] {processor.py:161} INFO - Started process (PID=319) to work on /opt/airflow/dags/weather_hourly.py
[2025-12-29T02:17:15.988+0000] {processor.py:830} INFO - Processing file /opt/airflow/dags/weather_hourly.py for tasks to queue
[2025-12-29T02:17:15.989+0000] {logging_mixin.py:188} INFO - [2025-12-29T02:17:15.989+0000] {dagbag.py:545} INFO - Filling up the DagBag from /opt/airflow/dags/weather_hourly.py
[2025-12-29T02:17:16.003+0000] {logging_mixin.py:188} INFO - [2025-12-29T02:17:16.000+0000] {dagbag.py:355} ERROR - Failed to import: /opt/airflow/dags/weather_hourly.py
Traceback (most recent call last):
  File "/home/airflow/.local/lib/python3.11/site-packages/airflow/models/dagbag.py", line 351, in parse
    loader.exec_module(new_module)
  File "<frozen importlib._bootstrap_external>", line 940, in exec_module
  File "<frozen importlib._bootstrap>", line 241, in _call_with_frames_removed
  File "/opt/airflow/dags/weather_hourly.py", line 75, in <module>
    dbt_weather_models = dbt_run_task(
                         ^^^^^^^^^^^^^
  File "/opt/airflow/dags/weather_hourly.py", line 40, in dbt_run_task
    return DockerOperator(
           ^^^^^^^^^^^^^^^
  File "/home/airflow/.local/lib/python3.11/site-packages/airflow/models/baseoperator.py", line 485, in apply_defaults
    result = func(self, **kwargs, default_args=default_args)
             ^^^^^^^^^^^^^^^^^^^^^^^^^^^^^^^^^^^^^^^^^^^^^^^
  File "/home/airflow/.local/lib/python3.11/site-packages/airflow/providers/docker/operators/docker.py", line 273, in __init__
    super().__init__(**kwargs)
  File "/home/airflow/.local/lib/python3.11/site-packages/airflow/models/baseoperator.py", line 485, in apply_defaults
    result = func(self, **kwargs, default_args=default_args)
             ^^^^^^^^^^^^^^^^^^^^^^^^^^^^^^^^^^^^^^^^^^^^^^^
  File "/home/airflow/.local/lib/python3.11/site-packages/airflow/models/baseoperator.py", line 882, in __init__
    raise AirflowException(
airflow.exceptions.AirflowException: Invalid arguments were passed to DockerOperator (task_id: dbt_weather_models). Invalid arguments were:
**kwargs: {'volumes': ['C:/Users/uzair/Documents/GitHub/Enpal/dbt/dbt_project:/dbt']}
[2025-12-29T02:17:16.004+0000] {processor.py:842} WARNING - No viable dags retrieved from /opt/airflow/dags/weather_hourly.py
[2025-12-29T02:17:16.019+0000] {processor.py:183} INFO - Processing /opt/airflow/dags/weather_hourly.py took 0.037 seconds
[2025-12-29T02:17:46.234+0000] {processor.py:161} INFO - Started process (PID=329) to work on /opt/airflow/dags/weather_hourly.py
[2025-12-29T02:17:46.235+0000] {processor.py:830} INFO - Processing file /opt/airflow/dags/weather_hourly.py for tasks to queue
[2025-12-29T02:17:46.236+0000] {logging_mixin.py:188} INFO - [2025-12-29T02:17:46.236+0000] {dagbag.py:545} INFO - Filling up the DagBag from /opt/airflow/dags/weather_hourly.py
[2025-12-29T02:17:46.251+0000] {logging_mixin.py:188} INFO - [2025-12-29T02:17:46.247+0000] {dagbag.py:355} ERROR - Failed to import: /opt/airflow/dags/weather_hourly.py
Traceback (most recent call last):
  File "/home/airflow/.local/lib/python3.11/site-packages/airflow/models/dagbag.py", line 351, in parse
    loader.exec_module(new_module)
  File "<frozen importlib._bootstrap_external>", line 940, in exec_module
  File "<frozen importlib._bootstrap>", line 241, in _call_with_frames_removed
  File "/opt/airflow/dags/weather_hourly.py", line 75, in <module>
    dbt_weather_models = dbt_run_task(
                         ^^^^^^^^^^^^^
  File "/opt/airflow/dags/weather_hourly.py", line 40, in dbt_run_task
    return DockerOperator(
           ^^^^^^^^^^^^^^^
  File "/home/airflow/.local/lib/python3.11/site-packages/airflow/models/baseoperator.py", line 485, in apply_defaults
    result = func(self, **kwargs, default_args=default_args)
             ^^^^^^^^^^^^^^^^^^^^^^^^^^^^^^^^^^^^^^^^^^^^^^^
  File "/home/airflow/.local/lib/python3.11/site-packages/airflow/providers/docker/operators/docker.py", line 273, in __init__
    super().__init__(**kwargs)
  File "/home/airflow/.local/lib/python3.11/site-packages/airflow/models/baseoperator.py", line 485, in apply_defaults
    result = func(self, **kwargs, default_args=default_args)
             ^^^^^^^^^^^^^^^^^^^^^^^^^^^^^^^^^^^^^^^^^^^^^^^
  File "/home/airflow/.local/lib/python3.11/site-packages/airflow/models/baseoperator.py", line 882, in __init__
    raise AirflowException(
airflow.exceptions.AirflowException: Invalid arguments were passed to DockerOperator (task_id: dbt_weather_models). Invalid arguments were:
**kwargs: {'volumes': ['C:/Users/uzair/Documents/GitHub/Enpal/dbt/dbt_project:/dbt']}
[2025-12-29T02:17:46.251+0000] {processor.py:842} WARNING - No viable dags retrieved from /opt/airflow/dags/weather_hourly.py
[2025-12-29T02:17:46.265+0000] {processor.py:183} INFO - Processing /opt/airflow/dags/weather_hourly.py took 0.035 seconds
[2025-12-29T02:18:16.476+0000] {processor.py:161} INFO - Started process (PID=339) to work on /opt/airflow/dags/weather_hourly.py
[2025-12-29T02:18:16.477+0000] {processor.py:830} INFO - Processing file /opt/airflow/dags/weather_hourly.py for tasks to queue
[2025-12-29T02:18:16.478+0000] {logging_mixin.py:188} INFO - [2025-12-29T02:18:16.478+0000] {dagbag.py:545} INFO - Filling up the DagBag from /opt/airflow/dags/weather_hourly.py
[2025-12-29T02:18:16.493+0000] {logging_mixin.py:188} INFO - [2025-12-29T02:18:16.489+0000] {dagbag.py:355} ERROR - Failed to import: /opt/airflow/dags/weather_hourly.py
Traceback (most recent call last):
  File "/home/airflow/.local/lib/python3.11/site-packages/airflow/models/dagbag.py", line 351, in parse
    loader.exec_module(new_module)
  File "<frozen importlib._bootstrap_external>", line 940, in exec_module
  File "<frozen importlib._bootstrap>", line 241, in _call_with_frames_removed
  File "/opt/airflow/dags/weather_hourly.py", line 75, in <module>
    dbt_weather_models = dbt_run_task(
                         ^^^^^^^^^^^^^
  File "/opt/airflow/dags/weather_hourly.py", line 40, in dbt_run_task
    return DockerOperator(
           ^^^^^^^^^^^^^^^
  File "/home/airflow/.local/lib/python3.11/site-packages/airflow/models/baseoperator.py", line 485, in apply_defaults
    result = func(self, **kwargs, default_args=default_args)
             ^^^^^^^^^^^^^^^^^^^^^^^^^^^^^^^^^^^^^^^^^^^^^^^
  File "/home/airflow/.local/lib/python3.11/site-packages/airflow/providers/docker/operators/docker.py", line 273, in __init__
    super().__init__(**kwargs)
  File "/home/airflow/.local/lib/python3.11/site-packages/airflow/models/baseoperator.py", line 485, in apply_defaults
    result = func(self, **kwargs, default_args=default_args)
             ^^^^^^^^^^^^^^^^^^^^^^^^^^^^^^^^^^^^^^^^^^^^^^^
  File "/home/airflow/.local/lib/python3.11/site-packages/airflow/models/baseoperator.py", line 882, in __init__
    raise AirflowException(
airflow.exceptions.AirflowException: Invalid arguments were passed to DockerOperator (task_id: dbt_weather_models). Invalid arguments were:
**kwargs: {'volumes': ['C:/Users/uzair/Documents/GitHub/Enpal/dbt/dbt_project:/dbt']}
[2025-12-29T02:18:16.494+0000] {processor.py:842} WARNING - No viable dags retrieved from /opt/airflow/dags/weather_hourly.py
[2025-12-29T02:18:16.508+0000] {processor.py:183} INFO - Processing /opt/airflow/dags/weather_hourly.py took 0.037 seconds
[2025-12-29T02:18:46.710+0000] {processor.py:161} INFO - Started process (PID=349) to work on /opt/airflow/dags/weather_hourly.py
[2025-12-29T02:18:46.711+0000] {processor.py:830} INFO - Processing file /opt/airflow/dags/weather_hourly.py for tasks to queue
[2025-12-29T02:18:46.713+0000] {logging_mixin.py:188} INFO - [2025-12-29T02:18:46.712+0000] {dagbag.py:545} INFO - Filling up the DagBag from /opt/airflow/dags/weather_hourly.py
[2025-12-29T02:18:46.728+0000] {logging_mixin.py:188} INFO - [2025-12-29T02:18:46.724+0000] {dagbag.py:355} ERROR - Failed to import: /opt/airflow/dags/weather_hourly.py
Traceback (most recent call last):
  File "/home/airflow/.local/lib/python3.11/site-packages/airflow/models/dagbag.py", line 351, in parse
    loader.exec_module(new_module)
  File "<frozen importlib._bootstrap_external>", line 940, in exec_module
  File "<frozen importlib._bootstrap>", line 241, in _call_with_frames_removed
  File "/opt/airflow/dags/weather_hourly.py", line 75, in <module>
    dbt_weather_models = dbt_run_task(
                         ^^^^^^^^^^^^^
  File "/opt/airflow/dags/weather_hourly.py", line 40, in dbt_run_task
    return DockerOperator(
           ^^^^^^^^^^^^^^^
  File "/home/airflow/.local/lib/python3.11/site-packages/airflow/models/baseoperator.py", line 485, in apply_defaults
    result = func(self, **kwargs, default_args=default_args)
             ^^^^^^^^^^^^^^^^^^^^^^^^^^^^^^^^^^^^^^^^^^^^^^^
  File "/home/airflow/.local/lib/python3.11/site-packages/airflow/providers/docker/operators/docker.py", line 273, in __init__
    super().__init__(**kwargs)
  File "/home/airflow/.local/lib/python3.11/site-packages/airflow/models/baseoperator.py", line 485, in apply_defaults
    result = func(self, **kwargs, default_args=default_args)
             ^^^^^^^^^^^^^^^^^^^^^^^^^^^^^^^^^^^^^^^^^^^^^^^
  File "/home/airflow/.local/lib/python3.11/site-packages/airflow/models/baseoperator.py", line 882, in __init__
    raise AirflowException(
airflow.exceptions.AirflowException: Invalid arguments were passed to DockerOperator (task_id: dbt_weather_models). Invalid arguments were:
**kwargs: {'volumes': ['C:/Users/uzair/Documents/GitHub/Enpal/dbt/dbt_project:/dbt']}
[2025-12-29T02:18:46.729+0000] {processor.py:842} WARNING - No viable dags retrieved from /opt/airflow/dags/weather_hourly.py
[2025-12-29T02:18:46.746+0000] {processor.py:183} INFO - Processing /opt/airflow/dags/weather_hourly.py took 0.040 seconds
[2025-12-29T02:19:17.002+0000] {processor.py:161} INFO - Started process (PID=364) to work on /opt/airflow/dags/weather_hourly.py
[2025-12-29T02:19:17.003+0000] {processor.py:830} INFO - Processing file /opt/airflow/dags/weather_hourly.py for tasks to queue
[2025-12-29T02:19:17.004+0000] {logging_mixin.py:188} INFO - [2025-12-29T02:19:17.004+0000] {dagbag.py:545} INFO - Filling up the DagBag from /opt/airflow/dags/weather_hourly.py
[2025-12-29T02:19:17.019+0000] {logging_mixin.py:188} INFO - [2025-12-29T02:19:17.015+0000] {dagbag.py:355} ERROR - Failed to import: /opt/airflow/dags/weather_hourly.py
Traceback (most recent call last):
  File "/home/airflow/.local/lib/python3.11/site-packages/airflow/models/dagbag.py", line 351, in parse
    loader.exec_module(new_module)
  File "<frozen importlib._bootstrap_external>", line 940, in exec_module
  File "<frozen importlib._bootstrap>", line 241, in _call_with_frames_removed
  File "/opt/airflow/dags/weather_hourly.py", line 75, in <module>
    dbt_weather_models = dbt_run_task(
                         ^^^^^^^^^^^^^
  File "/opt/airflow/dags/weather_hourly.py", line 40, in dbt_run_task
    return DockerOperator(
           ^^^^^^^^^^^^^^^
  File "/home/airflow/.local/lib/python3.11/site-packages/airflow/models/baseoperator.py", line 485, in apply_defaults
    result = func(self, **kwargs, default_args=default_args)
             ^^^^^^^^^^^^^^^^^^^^^^^^^^^^^^^^^^^^^^^^^^^^^^^
  File "/home/airflow/.local/lib/python3.11/site-packages/airflow/providers/docker/operators/docker.py", line 273, in __init__
    super().__init__(**kwargs)
  File "/home/airflow/.local/lib/python3.11/site-packages/airflow/models/baseoperator.py", line 485, in apply_defaults
    result = func(self, **kwargs, default_args=default_args)
             ^^^^^^^^^^^^^^^^^^^^^^^^^^^^^^^^^^^^^^^^^^^^^^^
  File "/home/airflow/.local/lib/python3.11/site-packages/airflow/models/baseoperator.py", line 882, in __init__
    raise AirflowException(
airflow.exceptions.AirflowException: Invalid arguments were passed to DockerOperator (task_id: dbt_weather_models). Invalid arguments were:
**kwargs: {'volumes': ['C:/Users/uzair/Documents/GitHub/Enpal/dbt/dbt_project:/dbt']}
[2025-12-29T02:19:17.020+0000] {processor.py:842} WARNING - No viable dags retrieved from /opt/airflow/dags/weather_hourly.py
[2025-12-29T02:19:17.036+0000] {processor.py:183} INFO - Processing /opt/airflow/dags/weather_hourly.py took 0.038 seconds
[2025-12-29T02:19:47.225+0000] {processor.py:161} INFO - Started process (PID=374) to work on /opt/airflow/dags/weather_hourly.py
[2025-12-29T02:19:47.226+0000] {processor.py:830} INFO - Processing file /opt/airflow/dags/weather_hourly.py for tasks to queue
[2025-12-29T02:19:47.227+0000] {logging_mixin.py:188} INFO - [2025-12-29T02:19:47.227+0000] {dagbag.py:545} INFO - Filling up the DagBag from /opt/airflow/dags/weather_hourly.py
[2025-12-29T02:19:47.242+0000] {logging_mixin.py:188} INFO - [2025-12-29T02:19:47.238+0000] {dagbag.py:355} ERROR - Failed to import: /opt/airflow/dags/weather_hourly.py
Traceback (most recent call last):
  File "/home/airflow/.local/lib/python3.11/site-packages/airflow/models/dagbag.py", line 351, in parse
    loader.exec_module(new_module)
  File "<frozen importlib._bootstrap_external>", line 940, in exec_module
  File "<frozen importlib._bootstrap>", line 241, in _call_with_frames_removed
  File "/opt/airflow/dags/weather_hourly.py", line 75, in <module>
    dbt_weather_models = dbt_run_task(
                         ^^^^^^^^^^^^^
  File "/opt/airflow/dags/weather_hourly.py", line 40, in dbt_run_task
    return DockerOperator(
           ^^^^^^^^^^^^^^^
  File "/home/airflow/.local/lib/python3.11/site-packages/airflow/models/baseoperator.py", line 485, in apply_defaults
    result = func(self, **kwargs, default_args=default_args)
             ^^^^^^^^^^^^^^^^^^^^^^^^^^^^^^^^^^^^^^^^^^^^^^^
  File "/home/airflow/.local/lib/python3.11/site-packages/airflow/providers/docker/operators/docker.py", line 273, in __init__
    super().__init__(**kwargs)
  File "/home/airflow/.local/lib/python3.11/site-packages/airflow/models/baseoperator.py", line 485, in apply_defaults
    result = func(self, **kwargs, default_args=default_args)
             ^^^^^^^^^^^^^^^^^^^^^^^^^^^^^^^^^^^^^^^^^^^^^^^
  File "/home/airflow/.local/lib/python3.11/site-packages/airflow/models/baseoperator.py", line 882, in __init__
    raise AirflowException(
airflow.exceptions.AirflowException: Invalid arguments were passed to DockerOperator (task_id: dbt_weather_models). Invalid arguments were:
**kwargs: {'volumes': ['C:/Users/uzair/Documents/GitHub/Enpal/dbt/dbt_project:/dbt']}
[2025-12-29T02:19:47.243+0000] {processor.py:842} WARNING - No viable dags retrieved from /opt/airflow/dags/weather_hourly.py
[2025-12-29T02:19:47.258+0000] {processor.py:183} INFO - Processing /opt/airflow/dags/weather_hourly.py took 0.037 seconds
[2025-12-29T02:20:17.492+0000] {processor.py:161} INFO - Started process (PID=384) to work on /opt/airflow/dags/weather_hourly.py
[2025-12-29T02:20:17.493+0000] {processor.py:830} INFO - Processing file /opt/airflow/dags/weather_hourly.py for tasks to queue
[2025-12-29T02:20:17.494+0000] {logging_mixin.py:188} INFO - [2025-12-29T02:20:17.494+0000] {dagbag.py:545} INFO - Filling up the DagBag from /opt/airflow/dags/weather_hourly.py
[2025-12-29T02:20:17.509+0000] {logging_mixin.py:188} INFO - [2025-12-29T02:20:17.505+0000] {dagbag.py:355} ERROR - Failed to import: /opt/airflow/dags/weather_hourly.py
Traceback (most recent call last):
  File "/home/airflow/.local/lib/python3.11/site-packages/airflow/models/dagbag.py", line 351, in parse
    loader.exec_module(new_module)
  File "<frozen importlib._bootstrap_external>", line 940, in exec_module
  File "<frozen importlib._bootstrap>", line 241, in _call_with_frames_removed
  File "/opt/airflow/dags/weather_hourly.py", line 75, in <module>
    dbt_weather_models = dbt_run_task(
                         ^^^^^^^^^^^^^
  File "/opt/airflow/dags/weather_hourly.py", line 40, in dbt_run_task
    return DockerOperator(
           ^^^^^^^^^^^^^^^
  File "/home/airflow/.local/lib/python3.11/site-packages/airflow/models/baseoperator.py", line 485, in apply_defaults
    result = func(self, **kwargs, default_args=default_args)
             ^^^^^^^^^^^^^^^^^^^^^^^^^^^^^^^^^^^^^^^^^^^^^^^
  File "/home/airflow/.local/lib/python3.11/site-packages/airflow/providers/docker/operators/docker.py", line 273, in __init__
    super().__init__(**kwargs)
  File "/home/airflow/.local/lib/python3.11/site-packages/airflow/models/baseoperator.py", line 485, in apply_defaults
    result = func(self, **kwargs, default_args=default_args)
             ^^^^^^^^^^^^^^^^^^^^^^^^^^^^^^^^^^^^^^^^^^^^^^^
  File "/home/airflow/.local/lib/python3.11/site-packages/airflow/models/baseoperator.py", line 882, in __init__
    raise AirflowException(
airflow.exceptions.AirflowException: Invalid arguments were passed to DockerOperator (task_id: dbt_weather_models). Invalid arguments were:
**kwargs: {'volumes': ['C:/Users/uzair/Documents/GitHub/Enpal/dbt/dbt_project:/dbt']}
[2025-12-29T02:20:17.510+0000] {processor.py:842} WARNING - No viable dags retrieved from /opt/airflow/dags/weather_hourly.py
[2025-12-29T02:20:17.526+0000] {processor.py:183} INFO - Processing /opt/airflow/dags/weather_hourly.py took 0.037 seconds
[2025-12-29T02:20:47.710+0000] {processor.py:161} INFO - Started process (PID=394) to work on /opt/airflow/dags/weather_hourly.py
[2025-12-29T02:20:47.711+0000] {processor.py:830} INFO - Processing file /opt/airflow/dags/weather_hourly.py for tasks to queue
[2025-12-29T02:20:47.712+0000] {logging_mixin.py:188} INFO - [2025-12-29T02:20:47.712+0000] {dagbag.py:545} INFO - Filling up the DagBag from /opt/airflow/dags/weather_hourly.py
[2025-12-29T02:20:47.728+0000] {logging_mixin.py:188} INFO - [2025-12-29T02:20:47.725+0000] {dagbag.py:355} ERROR - Failed to import: /opt/airflow/dags/weather_hourly.py
Traceback (most recent call last):
  File "/home/airflow/.local/lib/python3.11/site-packages/airflow/models/dagbag.py", line 351, in parse
    loader.exec_module(new_module)
  File "<frozen importlib._bootstrap_external>", line 940, in exec_module
  File "<frozen importlib._bootstrap>", line 241, in _call_with_frames_removed
  File "/opt/airflow/dags/weather_hourly.py", line 75, in <module>
    dbt_weather_models = dbt_run_task(
                         ^^^^^^^^^^^^^
  File "/opt/airflow/dags/weather_hourly.py", line 40, in dbt_run_task
    return DockerOperator(
           ^^^^^^^^^^^^^^^
  File "/home/airflow/.local/lib/python3.11/site-packages/airflow/models/baseoperator.py", line 485, in apply_defaults
    result = func(self, **kwargs, default_args=default_args)
             ^^^^^^^^^^^^^^^^^^^^^^^^^^^^^^^^^^^^^^^^^^^^^^^
  File "/home/airflow/.local/lib/python3.11/site-packages/airflow/providers/docker/operators/docker.py", line 273, in __init__
    super().__init__(**kwargs)
  File "/home/airflow/.local/lib/python3.11/site-packages/airflow/models/baseoperator.py", line 485, in apply_defaults
    result = func(self, **kwargs, default_args=default_args)
             ^^^^^^^^^^^^^^^^^^^^^^^^^^^^^^^^^^^^^^^^^^^^^^^
  File "/home/airflow/.local/lib/python3.11/site-packages/airflow/models/baseoperator.py", line 882, in __init__
    raise AirflowException(
airflow.exceptions.AirflowException: Invalid arguments were passed to DockerOperator (task_id: dbt_weather_models). Invalid arguments were:
**kwargs: {'volumes': ['C:/Users/uzair/Documents/GitHub/Enpal/dbt/dbt_project:/dbt']}
[2025-12-29T02:20:47.729+0000] {processor.py:842} WARNING - No viable dags retrieved from /opt/airflow/dags/weather_hourly.py
[2025-12-29T02:20:47.747+0000] {processor.py:183} INFO - Processing /opt/airflow/dags/weather_hourly.py took 0.042 seconds
[2025-12-29T02:21:17.960+0000] {processor.py:161} INFO - Started process (PID=404) to work on /opt/airflow/dags/weather_hourly.py
[2025-12-29T02:21:17.961+0000] {processor.py:830} INFO - Processing file /opt/airflow/dags/weather_hourly.py for tasks to queue
[2025-12-29T02:21:17.962+0000] {logging_mixin.py:188} INFO - [2025-12-29T02:21:17.962+0000] {dagbag.py:545} INFO - Filling up the DagBag from /opt/airflow/dags/weather_hourly.py
[2025-12-29T02:21:17.977+0000] {logging_mixin.py:188} INFO - [2025-12-29T02:21:17.973+0000] {dagbag.py:355} ERROR - Failed to import: /opt/airflow/dags/weather_hourly.py
Traceback (most recent call last):
  File "/home/airflow/.local/lib/python3.11/site-packages/airflow/models/dagbag.py", line 351, in parse
    loader.exec_module(new_module)
  File "<frozen importlib._bootstrap_external>", line 940, in exec_module
  File "<frozen importlib._bootstrap>", line 241, in _call_with_frames_removed
  File "/opt/airflow/dags/weather_hourly.py", line 75, in <module>
    dbt_weather_models = dbt_run_task(
                         ^^^^^^^^^^^^^
  File "/opt/airflow/dags/weather_hourly.py", line 40, in dbt_run_task
    return DockerOperator(
           ^^^^^^^^^^^^^^^
  File "/home/airflow/.local/lib/python3.11/site-packages/airflow/models/baseoperator.py", line 485, in apply_defaults
    result = func(self, **kwargs, default_args=default_args)
             ^^^^^^^^^^^^^^^^^^^^^^^^^^^^^^^^^^^^^^^^^^^^^^^
  File "/home/airflow/.local/lib/python3.11/site-packages/airflow/providers/docker/operators/docker.py", line 273, in __init__
    super().__init__(**kwargs)
  File "/home/airflow/.local/lib/python3.11/site-packages/airflow/models/baseoperator.py", line 485, in apply_defaults
    result = func(self, **kwargs, default_args=default_args)
             ^^^^^^^^^^^^^^^^^^^^^^^^^^^^^^^^^^^^^^^^^^^^^^^
  File "/home/airflow/.local/lib/python3.11/site-packages/airflow/models/baseoperator.py", line 882, in __init__
    raise AirflowException(
airflow.exceptions.AirflowException: Invalid arguments were passed to DockerOperator (task_id: dbt_weather_models). Invalid arguments were:
**kwargs: {'volumes': ['C:/Users/uzair/Documents/GitHub/Enpal/dbt/dbt_project:/dbt']}
[2025-12-29T02:21:17.978+0000] {processor.py:842} WARNING - No viable dags retrieved from /opt/airflow/dags/weather_hourly.py
[2025-12-29T02:21:17.993+0000] {processor.py:183} INFO - Processing /opt/airflow/dags/weather_hourly.py took 0.038 seconds
[2025-12-29T02:21:48.190+0000] {processor.py:161} INFO - Started process (PID=417) to work on /opt/airflow/dags/weather_hourly.py
[2025-12-29T02:21:48.191+0000] {processor.py:830} INFO - Processing file /opt/airflow/dags/weather_hourly.py for tasks to queue
[2025-12-29T02:21:48.193+0000] {logging_mixin.py:188} INFO - [2025-12-29T02:21:48.192+0000] {dagbag.py:545} INFO - Filling up the DagBag from /opt/airflow/dags/weather_hourly.py
[2025-12-29T02:21:48.215+0000] {logging_mixin.py:188} INFO - [2025-12-29T02:21:48.208+0000] {dagbag.py:355} ERROR - Failed to import: /opt/airflow/dags/weather_hourly.py
Traceback (most recent call last):
  File "/home/airflow/.local/lib/python3.11/site-packages/airflow/models/dagbag.py", line 351, in parse
    loader.exec_module(new_module)
  File "<frozen importlib._bootstrap_external>", line 940, in exec_module
  File "<frozen importlib._bootstrap>", line 241, in _call_with_frames_removed
  File "/opt/airflow/dags/weather_hourly.py", line 75, in <module>
    dbt_weather_models = dbt_run_task(
                         ^^^^^^^^^^^^^
  File "/opt/airflow/dags/weather_hourly.py", line 40, in dbt_run_task
    return DockerOperator(
           ^^^^^^^^^^^^^^^
  File "/home/airflow/.local/lib/python3.11/site-packages/airflow/models/baseoperator.py", line 485, in apply_defaults
    result = func(self, **kwargs, default_args=default_args)
             ^^^^^^^^^^^^^^^^^^^^^^^^^^^^^^^^^^^^^^^^^^^^^^^
  File "/home/airflow/.local/lib/python3.11/site-packages/airflow/providers/docker/operators/docker.py", line 273, in __init__
    super().__init__(**kwargs)
  File "/home/airflow/.local/lib/python3.11/site-packages/airflow/models/baseoperator.py", line 485, in apply_defaults
    result = func(self, **kwargs, default_args=default_args)
             ^^^^^^^^^^^^^^^^^^^^^^^^^^^^^^^^^^^^^^^^^^^^^^^
  File "/home/airflow/.local/lib/python3.11/site-packages/airflow/models/baseoperator.py", line 882, in __init__
    raise AirflowException(
airflow.exceptions.AirflowException: Invalid arguments were passed to DockerOperator (task_id: dbt_weather_models). Invalid arguments were:
**kwargs: {'volumes': ['C:/Users/uzair/Documents/GitHub/Enpal/dbt/dbt_project:/dbt']}
[2025-12-29T02:21:48.217+0000] {processor.py:842} WARNING - No viable dags retrieved from /opt/airflow/dags/weather_hourly.py
[2025-12-29T02:21:48.241+0000] {processor.py:183} INFO - Processing /opt/airflow/dags/weather_hourly.py took 0.056 seconds
[2025-12-29T02:22:18.450+0000] {processor.py:161} INFO - Started process (PID=427) to work on /opt/airflow/dags/weather_hourly.py
[2025-12-29T02:22:18.451+0000] {processor.py:830} INFO - Processing file /opt/airflow/dags/weather_hourly.py for tasks to queue
[2025-12-29T02:22:18.452+0000] {logging_mixin.py:188} INFO - [2025-12-29T02:22:18.452+0000] {dagbag.py:545} INFO - Filling up the DagBag from /opt/airflow/dags/weather_hourly.py
[2025-12-29T02:22:18.466+0000] {logging_mixin.py:188} INFO - [2025-12-29T02:22:18.463+0000] {dagbag.py:355} ERROR - Failed to import: /opt/airflow/dags/weather_hourly.py
Traceback (most recent call last):
  File "/home/airflow/.local/lib/python3.11/site-packages/airflow/models/dagbag.py", line 351, in parse
    loader.exec_module(new_module)
  File "<frozen importlib._bootstrap_external>", line 940, in exec_module
  File "<frozen importlib._bootstrap>", line 241, in _call_with_frames_removed
  File "/opt/airflow/dags/weather_hourly.py", line 75, in <module>
    dbt_weather_models = dbt_run_task(
                         ^^^^^^^^^^^^^
  File "/opt/airflow/dags/weather_hourly.py", line 40, in dbt_run_task
    return DockerOperator(
           ^^^^^^^^^^^^^^^
  File "/home/airflow/.local/lib/python3.11/site-packages/airflow/models/baseoperator.py", line 485, in apply_defaults
    result = func(self, **kwargs, default_args=default_args)
             ^^^^^^^^^^^^^^^^^^^^^^^^^^^^^^^^^^^^^^^^^^^^^^^
  File "/home/airflow/.local/lib/python3.11/site-packages/airflow/providers/docker/operators/docker.py", line 273, in __init__
    super().__init__(**kwargs)
  File "/home/airflow/.local/lib/python3.11/site-packages/airflow/models/baseoperator.py", line 485, in apply_defaults
    result = func(self, **kwargs, default_args=default_args)
             ^^^^^^^^^^^^^^^^^^^^^^^^^^^^^^^^^^^^^^^^^^^^^^^
  File "/home/airflow/.local/lib/python3.11/site-packages/airflow/models/baseoperator.py", line 882, in __init__
    raise AirflowException(
airflow.exceptions.AirflowException: Invalid arguments were passed to DockerOperator (task_id: dbt_weather_models). Invalid arguments were:
**kwargs: {'volumes': ['C:/Users/uzair/Documents/GitHub/Enpal/dbt/dbt_project:/dbt']}
[2025-12-29T02:22:18.467+0000] {processor.py:842} WARNING - No viable dags retrieved from /opt/airflow/dags/weather_hourly.py
[2025-12-29T02:22:18.484+0000] {processor.py:183} INFO - Processing /opt/airflow/dags/weather_hourly.py took 0.038 seconds
[2025-12-29T02:22:48.706+0000] {processor.py:161} INFO - Started process (PID=437) to work on /opt/airflow/dags/weather_hourly.py
[2025-12-29T02:22:48.707+0000] {processor.py:830} INFO - Processing file /opt/airflow/dags/weather_hourly.py for tasks to queue
[2025-12-29T02:22:48.708+0000] {logging_mixin.py:188} INFO - [2025-12-29T02:22:48.708+0000] {dagbag.py:545} INFO - Filling up the DagBag from /opt/airflow/dags/weather_hourly.py
[2025-12-29T02:22:48.724+0000] {logging_mixin.py:188} INFO - [2025-12-29T02:22:48.720+0000] {dagbag.py:355} ERROR - Failed to import: /opt/airflow/dags/weather_hourly.py
Traceback (most recent call last):
  File "/home/airflow/.local/lib/python3.11/site-packages/airflow/models/dagbag.py", line 351, in parse
    loader.exec_module(new_module)
  File "<frozen importlib._bootstrap_external>", line 940, in exec_module
  File "<frozen importlib._bootstrap>", line 241, in _call_with_frames_removed
  File "/opt/airflow/dags/weather_hourly.py", line 75, in <module>
    dbt_weather_models = dbt_run_task(
                         ^^^^^^^^^^^^^
  File "/opt/airflow/dags/weather_hourly.py", line 40, in dbt_run_task
    return DockerOperator(
           ^^^^^^^^^^^^^^^
  File "/home/airflow/.local/lib/python3.11/site-packages/airflow/models/baseoperator.py", line 485, in apply_defaults
    result = func(self, **kwargs, default_args=default_args)
             ^^^^^^^^^^^^^^^^^^^^^^^^^^^^^^^^^^^^^^^^^^^^^^^
  File "/home/airflow/.local/lib/python3.11/site-packages/airflow/providers/docker/operators/docker.py", line 273, in __init__
    super().__init__(**kwargs)
  File "/home/airflow/.local/lib/python3.11/site-packages/airflow/models/baseoperator.py", line 485, in apply_defaults
    result = func(self, **kwargs, default_args=default_args)
             ^^^^^^^^^^^^^^^^^^^^^^^^^^^^^^^^^^^^^^^^^^^^^^^
  File "/home/airflow/.local/lib/python3.11/site-packages/airflow/models/baseoperator.py", line 882, in __init__
    raise AirflowException(
airflow.exceptions.AirflowException: Invalid arguments were passed to DockerOperator (task_id: dbt_weather_models). Invalid arguments were:
**kwargs: {'volumes': ['C:/Users/uzair/Documents/GitHub/Enpal/dbt/dbt_project:/dbt']}
[2025-12-29T02:22:48.725+0000] {processor.py:842} WARNING - No viable dags retrieved from /opt/airflow/dags/weather_hourly.py
[2025-12-29T02:22:48.740+0000] {processor.py:183} INFO - Processing /opt/airflow/dags/weather_hourly.py took 0.038 seconds
[2025-12-29T02:23:18.955+0000] {processor.py:161} INFO - Started process (PID=447) to work on /opt/airflow/dags/weather_hourly.py
[2025-12-29T02:23:18.956+0000] {processor.py:830} INFO - Processing file /opt/airflow/dags/weather_hourly.py for tasks to queue
[2025-12-29T02:23:18.957+0000] {logging_mixin.py:188} INFO - [2025-12-29T02:23:18.957+0000] {dagbag.py:545} INFO - Filling up the DagBag from /opt/airflow/dags/weather_hourly.py
[2025-12-29T02:23:18.971+0000] {logging_mixin.py:188} INFO - [2025-12-29T02:23:18.967+0000] {dagbag.py:355} ERROR - Failed to import: /opt/airflow/dags/weather_hourly.py
Traceback (most recent call last):
  File "/home/airflow/.local/lib/python3.11/site-packages/airflow/models/dagbag.py", line 351, in parse
    loader.exec_module(new_module)
  File "<frozen importlib._bootstrap_external>", line 940, in exec_module
  File "<frozen importlib._bootstrap>", line 241, in _call_with_frames_removed
  File "/opt/airflow/dags/weather_hourly.py", line 75, in <module>
    dbt_weather_models = dbt_run_task(
                         ^^^^^^^^^^^^^
  File "/opt/airflow/dags/weather_hourly.py", line 40, in dbt_run_task
    return DockerOperator(
           ^^^^^^^^^^^^^^^
  File "/home/airflow/.local/lib/python3.11/site-packages/airflow/models/baseoperator.py", line 485, in apply_defaults
    result = func(self, **kwargs, default_args=default_args)
             ^^^^^^^^^^^^^^^^^^^^^^^^^^^^^^^^^^^^^^^^^^^^^^^
  File "/home/airflow/.local/lib/python3.11/site-packages/airflow/providers/docker/operators/docker.py", line 273, in __init__
    super().__init__(**kwargs)
  File "/home/airflow/.local/lib/python3.11/site-packages/airflow/models/baseoperator.py", line 485, in apply_defaults
    result = func(self, **kwargs, default_args=default_args)
             ^^^^^^^^^^^^^^^^^^^^^^^^^^^^^^^^^^^^^^^^^^^^^^^
  File "/home/airflow/.local/lib/python3.11/site-packages/airflow/models/baseoperator.py", line 882, in __init__
    raise AirflowException(
airflow.exceptions.AirflowException: Invalid arguments were passed to DockerOperator (task_id: dbt_weather_models). Invalid arguments were:
**kwargs: {'volumes': ['C:/Users/uzair/Documents/GitHub/Enpal/dbt/dbt_project:/dbt']}
[2025-12-29T02:23:18.971+0000] {processor.py:842} WARNING - No viable dags retrieved from /opt/airflow/dags/weather_hourly.py
[2025-12-29T02:23:18.987+0000] {processor.py:183} INFO - Processing /opt/airflow/dags/weather_hourly.py took 0.036 seconds
[2025-12-29T02:23:49.201+0000] {processor.py:161} INFO - Started process (PID=457) to work on /opt/airflow/dags/weather_hourly.py
[2025-12-29T02:23:49.202+0000] {processor.py:830} INFO - Processing file /opt/airflow/dags/weather_hourly.py for tasks to queue
[2025-12-29T02:23:49.203+0000] {logging_mixin.py:188} INFO - [2025-12-29T02:23:49.203+0000] {dagbag.py:545} INFO - Filling up the DagBag from /opt/airflow/dags/weather_hourly.py
[2025-12-29T02:23:49.218+0000] {logging_mixin.py:188} INFO - [2025-12-29T02:23:49.214+0000] {dagbag.py:355} ERROR - Failed to import: /opt/airflow/dags/weather_hourly.py
Traceback (most recent call last):
  File "/home/airflow/.local/lib/python3.11/site-packages/airflow/models/dagbag.py", line 351, in parse
    loader.exec_module(new_module)
  File "<frozen importlib._bootstrap_external>", line 940, in exec_module
  File "<frozen importlib._bootstrap>", line 241, in _call_with_frames_removed
  File "/opt/airflow/dags/weather_hourly.py", line 75, in <module>
    dbt_weather_models = dbt_run_task(
                         ^^^^^^^^^^^^^
  File "/opt/airflow/dags/weather_hourly.py", line 40, in dbt_run_task
    return DockerOperator(
           ^^^^^^^^^^^^^^^
  File "/home/airflow/.local/lib/python3.11/site-packages/airflow/models/baseoperator.py", line 485, in apply_defaults
    result = func(self, **kwargs, default_args=default_args)
             ^^^^^^^^^^^^^^^^^^^^^^^^^^^^^^^^^^^^^^^^^^^^^^^
  File "/home/airflow/.local/lib/python3.11/site-packages/airflow/providers/docker/operators/docker.py", line 273, in __init__
    super().__init__(**kwargs)
  File "/home/airflow/.local/lib/python3.11/site-packages/airflow/models/baseoperator.py", line 485, in apply_defaults
    result = func(self, **kwargs, default_args=default_args)
             ^^^^^^^^^^^^^^^^^^^^^^^^^^^^^^^^^^^^^^^^^^^^^^^
  File "/home/airflow/.local/lib/python3.11/site-packages/airflow/models/baseoperator.py", line 882, in __init__
    raise AirflowException(
airflow.exceptions.AirflowException: Invalid arguments were passed to DockerOperator (task_id: dbt_weather_models). Invalid arguments were:
**kwargs: {'volumes': ['C:/Users/uzair/Documents/GitHub/Enpal/dbt/dbt_project:/dbt']}
[2025-12-29T02:23:49.218+0000] {processor.py:842} WARNING - No viable dags retrieved from /opt/airflow/dags/weather_hourly.py
[2025-12-29T02:23:49.234+0000] {processor.py:183} INFO - Processing /opt/airflow/dags/weather_hourly.py took 0.036 seconds
[2025-12-29T02:24:19.447+0000] {processor.py:161} INFO - Started process (PID=467) to work on /opt/airflow/dags/weather_hourly.py
[2025-12-29T02:24:19.448+0000] {processor.py:830} INFO - Processing file /opt/airflow/dags/weather_hourly.py for tasks to queue
[2025-12-29T02:24:19.449+0000] {logging_mixin.py:188} INFO - [2025-12-29T02:24:19.449+0000] {dagbag.py:545} INFO - Filling up the DagBag from /opt/airflow/dags/weather_hourly.py
[2025-12-29T02:24:19.463+0000] {logging_mixin.py:188} INFO - [2025-12-29T02:24:19.460+0000] {dagbag.py:355} ERROR - Failed to import: /opt/airflow/dags/weather_hourly.py
Traceback (most recent call last):
  File "/home/airflow/.local/lib/python3.11/site-packages/airflow/models/dagbag.py", line 351, in parse
    loader.exec_module(new_module)
  File "<frozen importlib._bootstrap_external>", line 940, in exec_module
  File "<frozen importlib._bootstrap>", line 241, in _call_with_frames_removed
  File "/opt/airflow/dags/weather_hourly.py", line 75, in <module>
    dbt_weather_models = dbt_run_task(
                         ^^^^^^^^^^^^^
  File "/opt/airflow/dags/weather_hourly.py", line 40, in dbt_run_task
    return DockerOperator(
           ^^^^^^^^^^^^^^^
  File "/home/airflow/.local/lib/python3.11/site-packages/airflow/models/baseoperator.py", line 485, in apply_defaults
    result = func(self, **kwargs, default_args=default_args)
             ^^^^^^^^^^^^^^^^^^^^^^^^^^^^^^^^^^^^^^^^^^^^^^^
  File "/home/airflow/.local/lib/python3.11/site-packages/airflow/providers/docker/operators/docker.py", line 273, in __init__
    super().__init__(**kwargs)
  File "/home/airflow/.local/lib/python3.11/site-packages/airflow/models/baseoperator.py", line 485, in apply_defaults
    result = func(self, **kwargs, default_args=default_args)
             ^^^^^^^^^^^^^^^^^^^^^^^^^^^^^^^^^^^^^^^^^^^^^^^
  File "/home/airflow/.local/lib/python3.11/site-packages/airflow/models/baseoperator.py", line 882, in __init__
    raise AirflowException(
airflow.exceptions.AirflowException: Invalid arguments were passed to DockerOperator (task_id: dbt_weather_models). Invalid arguments were:
**kwargs: {'volumes': ['C:/Users/uzair/Documents/GitHub/Enpal/dbt/dbt_project:/dbt']}
[2025-12-29T02:24:19.464+0000] {processor.py:842} WARNING - No viable dags retrieved from /opt/airflow/dags/weather_hourly.py
[2025-12-29T02:24:19.479+0000] {processor.py:183} INFO - Processing /opt/airflow/dags/weather_hourly.py took 0.036 seconds
[2025-12-29T02:24:49.690+0000] {processor.py:161} INFO - Started process (PID=477) to work on /opt/airflow/dags/weather_hourly.py
[2025-12-29T02:24:49.691+0000] {processor.py:830} INFO - Processing file /opt/airflow/dags/weather_hourly.py for tasks to queue
[2025-12-29T02:24:49.692+0000] {logging_mixin.py:188} INFO - [2025-12-29T02:24:49.692+0000] {dagbag.py:545} INFO - Filling up the DagBag from /opt/airflow/dags/weather_hourly.py
[2025-12-29T02:24:49.707+0000] {logging_mixin.py:188} INFO - [2025-12-29T02:24:49.703+0000] {dagbag.py:355} ERROR - Failed to import: /opt/airflow/dags/weather_hourly.py
Traceback (most recent call last):
  File "/home/airflow/.local/lib/python3.11/site-packages/airflow/models/dagbag.py", line 351, in parse
    loader.exec_module(new_module)
  File "<frozen importlib._bootstrap_external>", line 940, in exec_module
  File "<frozen importlib._bootstrap>", line 241, in _call_with_frames_removed
  File "/opt/airflow/dags/weather_hourly.py", line 75, in <module>
    dbt_weather_models = dbt_run_task(
                         ^^^^^^^^^^^^^
  File "/opt/airflow/dags/weather_hourly.py", line 40, in dbt_run_task
    return DockerOperator(
           ^^^^^^^^^^^^^^^
  File "/home/airflow/.local/lib/python3.11/site-packages/airflow/models/baseoperator.py", line 485, in apply_defaults
    result = func(self, **kwargs, default_args=default_args)
             ^^^^^^^^^^^^^^^^^^^^^^^^^^^^^^^^^^^^^^^^^^^^^^^
  File "/home/airflow/.local/lib/python3.11/site-packages/airflow/providers/docker/operators/docker.py", line 273, in __init__
    super().__init__(**kwargs)
  File "/home/airflow/.local/lib/python3.11/site-packages/airflow/models/baseoperator.py", line 485, in apply_defaults
    result = func(self, **kwargs, default_args=default_args)
             ^^^^^^^^^^^^^^^^^^^^^^^^^^^^^^^^^^^^^^^^^^^^^^^
  File "/home/airflow/.local/lib/python3.11/site-packages/airflow/models/baseoperator.py", line 882, in __init__
    raise AirflowException(
airflow.exceptions.AirflowException: Invalid arguments were passed to DockerOperator (task_id: dbt_weather_models). Invalid arguments were:
**kwargs: {'volumes': ['C:/Users/uzair/Documents/GitHub/Enpal/dbt/dbt_project:/dbt']}
[2025-12-29T02:24:49.708+0000] {processor.py:842} WARNING - No viable dags retrieved from /opt/airflow/dags/weather_hourly.py
[2025-12-29T02:24:49.725+0000] {processor.py:183} INFO - Processing /opt/airflow/dags/weather_hourly.py took 0.039 seconds
[2025-12-29T02:25:19.943+0000] {processor.py:161} INFO - Started process (PID=487) to work on /opt/airflow/dags/weather_hourly.py
[2025-12-29T02:25:19.944+0000] {processor.py:830} INFO - Processing file /opt/airflow/dags/weather_hourly.py for tasks to queue
[2025-12-29T02:25:19.945+0000] {logging_mixin.py:188} INFO - [2025-12-29T02:25:19.945+0000] {dagbag.py:545} INFO - Filling up the DagBag from /opt/airflow/dags/weather_hourly.py
[2025-12-29T02:25:19.961+0000] {logging_mixin.py:188} INFO - [2025-12-29T02:25:19.957+0000] {dagbag.py:355} ERROR - Failed to import: /opt/airflow/dags/weather_hourly.py
Traceback (most recent call last):
  File "/home/airflow/.local/lib/python3.11/site-packages/airflow/models/dagbag.py", line 351, in parse
    loader.exec_module(new_module)
  File "<frozen importlib._bootstrap_external>", line 940, in exec_module
  File "<frozen importlib._bootstrap>", line 241, in _call_with_frames_removed
  File "/opt/airflow/dags/weather_hourly.py", line 75, in <module>
    dbt_weather_models = dbt_run_task(
                         ^^^^^^^^^^^^^
  File "/opt/airflow/dags/weather_hourly.py", line 40, in dbt_run_task
    return DockerOperator(
           ^^^^^^^^^^^^^^^
  File "/home/airflow/.local/lib/python3.11/site-packages/airflow/models/baseoperator.py", line 485, in apply_defaults
    result = func(self, **kwargs, default_args=default_args)
             ^^^^^^^^^^^^^^^^^^^^^^^^^^^^^^^^^^^^^^^^^^^^^^^
  File "/home/airflow/.local/lib/python3.11/site-packages/airflow/providers/docker/operators/docker.py", line 273, in __init__
    super().__init__(**kwargs)
  File "/home/airflow/.local/lib/python3.11/site-packages/airflow/models/baseoperator.py", line 485, in apply_defaults
    result = func(self, **kwargs, default_args=default_args)
             ^^^^^^^^^^^^^^^^^^^^^^^^^^^^^^^^^^^^^^^^^^^^^^^
  File "/home/airflow/.local/lib/python3.11/site-packages/airflow/models/baseoperator.py", line 882, in __init__
    raise AirflowException(
airflow.exceptions.AirflowException: Invalid arguments were passed to DockerOperator (task_id: dbt_weather_models). Invalid arguments were:
**kwargs: {'volumes': ['C:/Users/uzair/Documents/GitHub/Enpal/dbt/dbt_project:/dbt']}
[2025-12-29T02:25:19.962+0000] {processor.py:842} WARNING - No viable dags retrieved from /opt/airflow/dags/weather_hourly.py
[2025-12-29T02:25:19.977+0000] {processor.py:183} INFO - Processing /opt/airflow/dags/weather_hourly.py took 0.038 seconds
[2025-12-29T02:25:50.188+0000] {processor.py:161} INFO - Started process (PID=497) to work on /opt/airflow/dags/weather_hourly.py
[2025-12-29T02:25:50.188+0000] {processor.py:830} INFO - Processing file /opt/airflow/dags/weather_hourly.py for tasks to queue
[2025-12-29T02:25:50.190+0000] {logging_mixin.py:188} INFO - [2025-12-29T02:25:50.189+0000] {dagbag.py:545} INFO - Filling up the DagBag from /opt/airflow/dags/weather_hourly.py
[2025-12-29T02:25:50.206+0000] {logging_mixin.py:188} INFO - [2025-12-29T02:25:50.202+0000] {dagbag.py:355} ERROR - Failed to import: /opt/airflow/dags/weather_hourly.py
Traceback (most recent call last):
  File "/home/airflow/.local/lib/python3.11/site-packages/airflow/models/dagbag.py", line 351, in parse
    loader.exec_module(new_module)
  File "<frozen importlib._bootstrap_external>", line 940, in exec_module
  File "<frozen importlib._bootstrap>", line 241, in _call_with_frames_removed
  File "/opt/airflow/dags/weather_hourly.py", line 75, in <module>
    dbt_weather_models = dbt_run_task(
                         ^^^^^^^^^^^^^
  File "/opt/airflow/dags/weather_hourly.py", line 40, in dbt_run_task
    return DockerOperator(
           ^^^^^^^^^^^^^^^
  File "/home/airflow/.local/lib/python3.11/site-packages/airflow/models/baseoperator.py", line 485, in apply_defaults
    result = func(self, **kwargs, default_args=default_args)
             ^^^^^^^^^^^^^^^^^^^^^^^^^^^^^^^^^^^^^^^^^^^^^^^
  File "/home/airflow/.local/lib/python3.11/site-packages/airflow/providers/docker/operators/docker.py", line 273, in __init__
    super().__init__(**kwargs)
  File "/home/airflow/.local/lib/python3.11/site-packages/airflow/models/baseoperator.py", line 485, in apply_defaults
    result = func(self, **kwargs, default_args=default_args)
             ^^^^^^^^^^^^^^^^^^^^^^^^^^^^^^^^^^^^^^^^^^^^^^^
  File "/home/airflow/.local/lib/python3.11/site-packages/airflow/models/baseoperator.py", line 882, in __init__
    raise AirflowException(
airflow.exceptions.AirflowException: Invalid arguments were passed to DockerOperator (task_id: dbt_weather_models). Invalid arguments were:
**kwargs: {'volumes': ['C:/Users/uzair/Documents/GitHub/Enpal/dbt/dbt_project:/dbt']}
[2025-12-29T02:25:50.207+0000] {processor.py:842} WARNING - No viable dags retrieved from /opt/airflow/dags/weather_hourly.py
[2025-12-29T02:25:50.226+0000] {processor.py:183} INFO - Processing /opt/airflow/dags/weather_hourly.py took 0.042 seconds
[2025-12-29T02:26:05.348+0000] {processor.py:161} INFO - Started process (PID=504) to work on /opt/airflow/dags/weather_hourly.py
[2025-12-29T02:26:05.349+0000] {processor.py:830} INFO - Processing file /opt/airflow/dags/weather_hourly.py for tasks to queue
[2025-12-29T02:26:05.351+0000] {logging_mixin.py:188} INFO - [2025-12-29T02:26:05.350+0000] {dagbag.py:545} INFO - Filling up the DagBag from /opt/airflow/dags/weather_hourly.py
[2025-12-29T02:26:05.377+0000] {logging_mixin.py:188} INFO - [2025-12-29T02:26:05.373+0000] {dagbag.py:355} ERROR - Failed to import: /opt/airflow/dags/weather_hourly.py
Traceback (most recent call last):
  File "/home/airflow/.local/lib/python3.11/site-packages/airflow/models/dagbag.py", line 351, in parse
    loader.exec_module(new_module)
  File "<frozen importlib._bootstrap_external>", line 940, in exec_module
  File "<frozen importlib._bootstrap>", line 241, in _call_with_frames_removed
  File "/opt/airflow/dags/weather_hourly.py", line 81, in <module>
    dbt_weather_models = dbt_run_task(
                         ^^^^^^^^^^^^^
  File "/opt/airflow/dags/weather_hourly.py", line 46, in dbt_run_task
    return DockerOperator(
           ^^^^^^^^^^^^^^^
  File "/home/airflow/.local/lib/python3.11/site-packages/airflow/models/baseoperator.py", line 485, in apply_defaults
    result = func(self, **kwargs, default_args=default_args)
             ^^^^^^^^^^^^^^^^^^^^^^^^^^^^^^^^^^^^^^^^^^^^^^^
  File "/home/airflow/.local/lib/python3.11/site-packages/airflow/providers/docker/operators/docker.py", line 273, in __init__
    super().__init__(**kwargs)
  File "/home/airflow/.local/lib/python3.11/site-packages/airflow/models/baseoperator.py", line 485, in apply_defaults
    result = func(self, **kwargs, default_args=default_args)
             ^^^^^^^^^^^^^^^^^^^^^^^^^^^^^^^^^^^^^^^^^^^^^^^
  File "/home/airflow/.local/lib/python3.11/site-packages/airflow/models/baseoperator.py", line 882, in __init__
    raise AirflowException(
airflow.exceptions.AirflowException: Invalid arguments were passed to DockerOperator (task_id: dbt_weather_models). Invalid arguments were:
**kwargs: {'volumes': ['C:/Users/uzair/Documents/GitHub/Enpal/dbt/dbt_project:/dbt']}
[2025-12-29T02:26:05.378+0000] {processor.py:842} WARNING - No viable dags retrieved from /opt/airflow/dags/weather_hourly.py
[2025-12-29T02:26:05.393+0000] {processor.py:183} INFO - Processing /opt/airflow/dags/weather_hourly.py took 0.051 seconds
[2025-12-29T02:26:35.602+0000] {processor.py:161} INFO - Started process (PID=514) to work on /opt/airflow/dags/weather_hourly.py
[2025-12-29T02:26:35.603+0000] {processor.py:830} INFO - Processing file /opt/airflow/dags/weather_hourly.py for tasks to queue
[2025-12-29T02:26:35.605+0000] {logging_mixin.py:188} INFO - [2025-12-29T02:26:35.604+0000] {dagbag.py:545} INFO - Filling up the DagBag from /opt/airflow/dags/weather_hourly.py
[2025-12-29T02:26:35.621+0000] {logging_mixin.py:188} INFO - [2025-12-29T02:26:35.617+0000] {dagbag.py:355} ERROR - Failed to import: /opt/airflow/dags/weather_hourly.py
Traceback (most recent call last):
  File "/home/airflow/.local/lib/python3.11/site-packages/airflow/models/dagbag.py", line 351, in parse
    loader.exec_module(new_module)
  File "<frozen importlib._bootstrap_external>", line 940, in exec_module
  File "<frozen importlib._bootstrap>", line 241, in _call_with_frames_removed
  File "/opt/airflow/dags/weather_hourly.py", line 81, in <module>
    dbt_weather_models = dbt_run_task(
                         ^^^^^^^^^^^^^
  File "/opt/airflow/dags/weather_hourly.py", line 46, in dbt_run_task
    return DockerOperator(
           ^^^^^^^^^^^^^^^
  File "/home/airflow/.local/lib/python3.11/site-packages/airflow/models/baseoperator.py", line 485, in apply_defaults
    result = func(self, **kwargs, default_args=default_args)
             ^^^^^^^^^^^^^^^^^^^^^^^^^^^^^^^^^^^^^^^^^^^^^^^
  File "/home/airflow/.local/lib/python3.11/site-packages/airflow/providers/docker/operators/docker.py", line 273, in __init__
    super().__init__(**kwargs)
  File "/home/airflow/.local/lib/python3.11/site-packages/airflow/models/baseoperator.py", line 485, in apply_defaults
    result = func(self, **kwargs, default_args=default_args)
             ^^^^^^^^^^^^^^^^^^^^^^^^^^^^^^^^^^^^^^^^^^^^^^^
  File "/home/airflow/.local/lib/python3.11/site-packages/airflow/models/baseoperator.py", line 882, in __init__
    raise AirflowException(
airflow.exceptions.AirflowException: Invalid arguments were passed to DockerOperator (task_id: dbt_weather_models). Invalid arguments were:
**kwargs: {'volumes': ['C:/Users/uzair/Documents/GitHub/Enpal/dbt/dbt_project:/dbt']}
[2025-12-29T02:26:35.622+0000] {processor.py:842} WARNING - No viable dags retrieved from /opt/airflow/dags/weather_hourly.py
[2025-12-29T02:26:35.637+0000] {processor.py:183} INFO - Processing /opt/airflow/dags/weather_hourly.py took 0.040 seconds
[2025-12-29T02:26:37.624+0000] {processor.py:161} INFO - Started process (PID=519) to work on /opt/airflow/dags/weather_hourly.py
[2025-12-29T02:26:37.624+0000] {processor.py:830} INFO - Processing file /opt/airflow/dags/weather_hourly.py for tasks to queue
[2025-12-29T02:26:37.626+0000] {logging_mixin.py:188} INFO - [2025-12-29T02:26:37.625+0000] {dagbag.py:545} INFO - Filling up the DagBag from /opt/airflow/dags/weather_hourly.py
[2025-12-29T02:26:37.647+0000] {logging_mixin.py:188} INFO - [2025-12-29T02:26:37.644+0000] {dagbag.py:355} ERROR - Failed to import: /opt/airflow/dags/weather_hourly.py
Traceback (most recent call last):
  File "/home/airflow/.local/lib/python3.11/site-packages/airflow/models/dagbag.py", line 351, in parse
    loader.exec_module(new_module)
  File "<frozen importlib._bootstrap_external>", line 940, in exec_module
  File "<frozen importlib._bootstrap>", line 241, in _call_with_frames_removed
  File "/opt/airflow/dags/weather_hourly.py", line 81, in <module>
    dbt_weather_models = dbt_run_task(
                         ^^^^^^^^^^^^^
  File "/opt/airflow/dags/weather_hourly.py", line 53, in dbt_run_task
    mounts=[Mount(source=DBT_HOST_DIR, target="/dbt", type="bind")],
            ^^^^^
NameError: name 'Mount' is not defined
[2025-12-29T02:26:37.648+0000] {processor.py:842} WARNING - No viable dags retrieved from /opt/airflow/dags/weather_hourly.py
[2025-12-29T02:26:37.663+0000] {processor.py:183} INFO - Processing /opt/airflow/dags/weather_hourly.py took 0.044 seconds
[2025-12-29T02:26:59.827+0000] {processor.py:161} INFO - Started process (PID=529) to work on /opt/airflow/dags/weather_hourly.py
[2025-12-29T02:26:59.828+0000] {processor.py:830} INFO - Processing file /opt/airflow/dags/weather_hourly.py for tasks to queue
[2025-12-29T02:26:59.829+0000] {logging_mixin.py:188} INFO - [2025-12-29T02:26:59.829+0000] {dagbag.py:545} INFO - Filling up the DagBag from /opt/airflow/dags/weather_hourly.py
[2025-12-29T02:26:59.853+0000] {processor.py:840} INFO - DAG(s) 'weather_hourly' retrieved from /opt/airflow/dags/weather_hourly.py
[2025-12-29T02:26:59.957+0000] {logging_mixin.py:188} INFO - [2025-12-29T02:26:59.956+0000] {override.py:1858} INFO - Created Permission View: can delete on DAG:weather_hourly
[2025-12-29T02:26:59.964+0000] {logging_mixin.py:188} INFO - [2025-12-29T02:26:59.964+0000] {override.py:1858} INFO - Created Permission View: can edit on DAG:weather_hourly
[2025-12-29T02:26:59.969+0000] {logging_mixin.py:188} INFO - [2025-12-29T02:26:59.969+0000] {override.py:1858} INFO - Created Permission View: can read on DAG:weather_hourly
[2025-12-29T02:26:59.970+0000] {logging_mixin.py:188} INFO - [2025-12-29T02:26:59.969+0000] {dag.py:3089} INFO - Sync 1 DAGs
[2025-12-29T02:26:59.979+0000] {logging_mixin.py:188} INFO - [2025-12-29T02:26:59.979+0000] {dag.py:3111} INFO - Creating ORM DAG for weather_hourly
[2025-12-29T02:26:59.989+0000] {logging_mixin.py:188} INFO - [2025-12-29T02:26:59.989+0000] {dag.py:3947} INFO - Setting next_dagrun for weather_hourly to 2025-12-29 01:00:00+00:00, run_after=2025-12-29 02:00:00+00:00
[2025-12-29T02:27:00.008+0000] {processor.py:183} INFO - Processing /opt/airflow/dags/weather_hourly.py took 0.186 seconds
[2025-12-29T02:27:30.098+0000] {processor.py:161} INFO - Started process (PID=539) to work on /opt/airflow/dags/weather_hourly.py
[2025-12-29T02:27:30.098+0000] {processor.py:830} INFO - Processing file /opt/airflow/dags/weather_hourly.py for tasks to queue
[2025-12-29T02:27:30.100+0000] {logging_mixin.py:188} INFO - [2025-12-29T02:27:30.099+0000] {dagbag.py:545} INFO - Filling up the DagBag from /opt/airflow/dags/weather_hourly.py
[2025-12-29T02:27:30.115+0000] {processor.py:840} INFO - DAG(s) 'weather_hourly' retrieved from /opt/airflow/dags/weather_hourly.py
[2025-12-29T02:27:30.140+0000] {logging_mixin.py:188} INFO - [2025-12-29T02:27:30.140+0000] {dag.py:3089} INFO - Sync 1 DAGs
[2025-12-29T02:27:30.158+0000] {logging_mixin.py:188} INFO - [2025-12-29T02:27:30.158+0000] {dag.py:3947} INFO - Setting next_dagrun for weather_hourly to 2025-12-29 01:00:00+00:00, run_after=2025-12-29 02:00:00+00:00
[2025-12-29T02:27:30.173+0000] {processor.py:183} INFO - Processing /opt/airflow/dags/weather_hourly.py took 0.080 seconds
[2025-12-29T02:28:23.837+0000] {processor.py:161} INFO - Started process (PID=189) to work on /opt/airflow/dags/weather_hourly.py
[2025-12-29T02:28:23.838+0000] {processor.py:830} INFO - Processing file /opt/airflow/dags/weather_hourly.py for tasks to queue
[2025-12-29T02:28:23.840+0000] {logging_mixin.py:188} INFO - [2025-12-29T02:28:23.839+0000] {dagbag.py:545} INFO - Filling up the DagBag from /opt/airflow/dags/weather_hourly.py
[2025-12-29T02:28:23.866+0000] {processor.py:840} INFO - DAG(s) 'weather_hourly' retrieved from /opt/airflow/dags/weather_hourly.py
[2025-12-29T02:28:24.279+0000] {logging_mixin.py:188} INFO - [2025-12-29T02:28:24.278+0000] {override.py:1858} INFO - Created Permission View: can edit on DAG:weather_hourly
[2025-12-29T02:28:24.287+0000] {logging_mixin.py:188} INFO - [2025-12-29T02:28:24.286+0000] {override.py:1858} INFO - Created Permission View: can delete on DAG:weather_hourly
[2025-12-29T02:28:24.292+0000] {logging_mixin.py:188} INFO - [2025-12-29T02:28:24.292+0000] {override.py:1858} INFO - Created Permission View: can read on DAG:weather_hourly
[2025-12-29T02:28:24.293+0000] {logging_mixin.py:188} INFO - [2025-12-29T02:28:24.293+0000] {dag.py:3089} INFO - Sync 1 DAGs
[2025-12-29T02:28:24.302+0000] {logging_mixin.py:188} INFO - [2025-12-29T02:28:24.302+0000] {dag.py:3111} INFO - Creating ORM DAG for weather_hourly
[2025-12-29T02:28:24.312+0000] {logging_mixin.py:188} INFO - [2025-12-29T02:28:24.312+0000] {dag.py:3947} INFO - Setting next_dagrun for weather_hourly to 2025-12-29 01:00:00+00:00, run_after=2025-12-29 02:00:00+00:00
[2025-12-29T02:28:24.331+0000] {processor.py:183} INFO - Processing /opt/airflow/dags/weather_hourly.py took 0.500 seconds
[2025-12-29T02:28:54.676+0000] {processor.py:161} INFO - Started process (PID=199) to work on /opt/airflow/dags/weather_hourly.py
[2025-12-29T02:28:54.677+0000] {processor.py:830} INFO - Processing file /opt/airflow/dags/weather_hourly.py for tasks to queue
[2025-12-29T02:28:54.678+0000] {logging_mixin.py:188} INFO - [2025-12-29T02:28:54.678+0000] {dagbag.py:545} INFO - Filling up the DagBag from /opt/airflow/dags/weather_hourly.py
[2025-12-29T02:28:54.695+0000] {processor.py:840} INFO - DAG(s) 'weather_hourly' retrieved from /opt/airflow/dags/weather_hourly.py
[2025-12-29T02:28:54.727+0000] {logging_mixin.py:188} INFO - [2025-12-29T02:28:54.726+0000] {dag.py:3089} INFO - Sync 1 DAGs
[2025-12-29T02:28:54.748+0000] {logging_mixin.py:188} INFO - [2025-12-29T02:28:54.748+0000] {dag.py:3947} INFO - Setting next_dagrun for weather_hourly to 2025-12-29 01:00:00+00:00, run_after=2025-12-29 02:00:00+00:00
[2025-12-29T02:28:54.769+0000] {processor.py:183} INFO - Processing /opt/airflow/dags/weather_hourly.py took 0.097 seconds
[2025-12-29T02:29:14.918+0000] {processor.py:161} INFO - Started process (PID=209) to work on /opt/airflow/dags/weather_hourly.py
[2025-12-29T02:29:14.919+0000] {processor.py:830} INFO - Processing file /opt/airflow/dags/weather_hourly.py for tasks to queue
[2025-12-29T02:29:14.921+0000] {logging_mixin.py:188} INFO - [2025-12-29T02:29:14.921+0000] {dagbag.py:545} INFO - Filling up the DagBag from /opt/airflow/dags/weather_hourly.py
[2025-12-29T02:29:14.945+0000] {processor.py:840} INFO - DAG(s) 'weather_hourly' retrieved from /opt/airflow/dags/weather_hourly.py
[2025-12-29T02:29:15.038+0000] {logging_mixin.py:188} INFO - [2025-12-29T02:29:15.038+0000] {dag.py:3089} INFO - Sync 1 DAGs
[2025-12-29T02:29:15.057+0000] {logging_mixin.py:188} INFO - [2025-12-29T02:29:15.057+0000] {dag.py:3947} INFO - Setting next_dagrun for weather_hourly to 2025-12-29 01:15:00+00:00, run_after=2025-12-29 02:15:00+00:00
[2025-12-29T02:29:15.075+0000] {processor.py:183} INFO - Processing /opt/airflow/dags/weather_hourly.py took 0.162 seconds
[2025-12-29T02:29:45.199+0000] {processor.py:161} INFO - Started process (PID=219) to work on /opt/airflow/dags/weather_hourly.py
[2025-12-29T02:29:45.200+0000] {processor.py:830} INFO - Processing file /opt/airflow/dags/weather_hourly.py for tasks to queue
[2025-12-29T02:29:45.202+0000] {logging_mixin.py:188} INFO - [2025-12-29T02:29:45.202+0000] {dagbag.py:545} INFO - Filling up the DagBag from /opt/airflow/dags/weather_hourly.py
[2025-12-29T02:29:45.217+0000] {processor.py:840} INFO - DAG(s) 'weather_hourly' retrieved from /opt/airflow/dags/weather_hourly.py
[2025-12-29T02:29:45.248+0000] {logging_mixin.py:188} INFO - [2025-12-29T02:29:45.248+0000] {dag.py:3089} INFO - Sync 1 DAGs
[2025-12-29T02:29:45.274+0000] {logging_mixin.py:188} INFO - [2025-12-29T02:29:45.273+0000] {dag.py:3947} INFO - Setting next_dagrun for weather_hourly to 2025-12-29 01:15:00+00:00, run_after=2025-12-29 02:15:00+00:00
[2025-12-29T02:29:45.293+0000] {processor.py:183} INFO - Processing /opt/airflow/dags/weather_hourly.py took 0.100 seconds
[2025-12-29T02:30:15.386+0000] {processor.py:161} INFO - Started process (PID=229) to work on /opt/airflow/dags/weather_hourly.py
[2025-12-29T02:30:15.387+0000] {processor.py:830} INFO - Processing file /opt/airflow/dags/weather_hourly.py for tasks to queue
[2025-12-29T02:30:15.389+0000] {logging_mixin.py:188} INFO - [2025-12-29T02:30:15.389+0000] {dagbag.py:545} INFO - Filling up the DagBag from /opt/airflow/dags/weather_hourly.py
[2025-12-29T02:30:15.404+0000] {processor.py:840} INFO - DAG(s) 'weather_hourly' retrieved from /opt/airflow/dags/weather_hourly.py
[2025-12-29T02:30:15.430+0000] {logging_mixin.py:188} INFO - [2025-12-29T02:30:15.429+0000] {dag.py:3089} INFO - Sync 1 DAGs
[2025-12-29T02:30:15.447+0000] {logging_mixin.py:188} INFO - [2025-12-29T02:30:15.447+0000] {dag.py:3947} INFO - Setting next_dagrun for weather_hourly to 2025-12-29 01:15:00+00:00, run_after=2025-12-29 02:15:00+00:00
[2025-12-29T02:30:15.463+0000] {processor.py:183} INFO - Processing /opt/airflow/dags/weather_hourly.py took 0.082 seconds
[2025-12-29T02:30:45.657+0000] {processor.py:161} INFO - Started process (PID=239) to work on /opt/airflow/dags/weather_hourly.py
[2025-12-29T02:30:45.658+0000] {processor.py:830} INFO - Processing file /opt/airflow/dags/weather_hourly.py for tasks to queue
[2025-12-29T02:30:45.659+0000] {logging_mixin.py:188} INFO - [2025-12-29T02:30:45.659+0000] {dagbag.py:545} INFO - Filling up the DagBag from /opt/airflow/dags/weather_hourly.py
[2025-12-29T02:30:45.674+0000] {processor.py:840} INFO - DAG(s) 'weather_hourly' retrieved from /opt/airflow/dags/weather_hourly.py
[2025-12-29T02:30:45.703+0000] {logging_mixin.py:188} INFO - [2025-12-29T02:30:45.703+0000] {dag.py:3089} INFO - Sync 1 DAGs
[2025-12-29T02:30:45.722+0000] {logging_mixin.py:188} INFO - [2025-12-29T02:30:45.722+0000] {dag.py:3947} INFO - Setting next_dagrun for weather_hourly to 2025-12-29 01:15:00+00:00, run_after=2025-12-29 02:15:00+00:00
[2025-12-29T02:30:45.738+0000] {processor.py:183} INFO - Processing /opt/airflow/dags/weather_hourly.py took 0.086 seconds
[2025-12-29T02:31:15.930+0000] {processor.py:161} INFO - Started process (PID=249) to work on /opt/airflow/dags/weather_hourly.py
[2025-12-29T02:31:15.931+0000] {processor.py:830} INFO - Processing file /opt/airflow/dags/weather_hourly.py for tasks to queue
[2025-12-29T02:31:15.933+0000] {logging_mixin.py:188} INFO - [2025-12-29T02:31:15.933+0000] {dagbag.py:545} INFO - Filling up the DagBag from /opt/airflow/dags/weather_hourly.py
[2025-12-29T02:31:15.947+0000] {processor.py:840} INFO - DAG(s) 'weather_hourly' retrieved from /opt/airflow/dags/weather_hourly.py
[2025-12-29T02:31:15.973+0000] {logging_mixin.py:188} INFO - [2025-12-29T02:31:15.973+0000] {dag.py:3089} INFO - Sync 1 DAGs
[2025-12-29T02:31:15.992+0000] {logging_mixin.py:188} INFO - [2025-12-29T02:31:15.992+0000] {dag.py:3947} INFO - Setting next_dagrun for weather_hourly to 2025-12-29 01:15:00+00:00, run_after=2025-12-29 02:15:00+00:00
[2025-12-29T02:31:16.007+0000] {processor.py:183} INFO - Processing /opt/airflow/dags/weather_hourly.py took 0.081 seconds
[2025-12-29T02:31:46.205+0000] {processor.py:161} INFO - Started process (PID=259) to work on /opt/airflow/dags/weather_hourly.py
[2025-12-29T02:31:46.206+0000] {processor.py:830} INFO - Processing file /opt/airflow/dags/weather_hourly.py for tasks to queue
[2025-12-29T02:31:46.208+0000] {logging_mixin.py:188} INFO - [2025-12-29T02:31:46.208+0000] {dagbag.py:545} INFO - Filling up the DagBag from /opt/airflow/dags/weather_hourly.py
[2025-12-29T02:31:46.225+0000] {processor.py:840} INFO - DAG(s) 'weather_hourly' retrieved from /opt/airflow/dags/weather_hourly.py
[2025-12-29T02:31:46.255+0000] {logging_mixin.py:188} INFO - [2025-12-29T02:31:46.254+0000] {dag.py:3089} INFO - Sync 1 DAGs
[2025-12-29T02:31:46.278+0000] {logging_mixin.py:188} INFO - [2025-12-29T02:31:46.278+0000] {dag.py:3947} INFO - Setting next_dagrun for weather_hourly to 2025-12-29 01:15:00+00:00, run_after=2025-12-29 02:15:00+00:00
[2025-12-29T02:31:46.295+0000] {processor.py:183} INFO - Processing /opt/airflow/dags/weather_hourly.py took 0.095 seconds
[2025-12-29T02:32:16.489+0000] {processor.py:161} INFO - Started process (PID=269) to work on /opt/airflow/dags/weather_hourly.py
[2025-12-29T02:32:16.490+0000] {processor.py:830} INFO - Processing file /opt/airflow/dags/weather_hourly.py for tasks to queue
[2025-12-29T02:32:16.492+0000] {logging_mixin.py:188} INFO - [2025-12-29T02:32:16.491+0000] {dagbag.py:545} INFO - Filling up the DagBag from /opt/airflow/dags/weather_hourly.py
[2025-12-29T02:32:16.505+0000] {processor.py:840} INFO - DAG(s) 'weather_hourly' retrieved from /opt/airflow/dags/weather_hourly.py
[2025-12-29T02:32:16.529+0000] {logging_mixin.py:188} INFO - [2025-12-29T02:32:16.529+0000] {dag.py:3089} INFO - Sync 1 DAGs
[2025-12-29T02:32:16.546+0000] {logging_mixin.py:188} INFO - [2025-12-29T02:32:16.546+0000] {dag.py:3947} INFO - Setting next_dagrun for weather_hourly to 2025-12-29 01:15:00+00:00, run_after=2025-12-29 02:15:00+00:00
[2025-12-29T02:32:16.561+0000] {processor.py:183} INFO - Processing /opt/airflow/dags/weather_hourly.py took 0.077 seconds
[2025-12-29T02:32:46.754+0000] {processor.py:161} INFO - Started process (PID=279) to work on /opt/airflow/dags/weather_hourly.py
[2025-12-29T02:32:46.755+0000] {processor.py:830} INFO - Processing file /opt/airflow/dags/weather_hourly.py for tasks to queue
[2025-12-29T02:32:46.756+0000] {logging_mixin.py:188} INFO - [2025-12-29T02:32:46.756+0000] {dagbag.py:545} INFO - Filling up the DagBag from /opt/airflow/dags/weather_hourly.py
[2025-12-29T02:32:46.771+0000] {processor.py:840} INFO - DAG(s) 'weather_hourly' retrieved from /opt/airflow/dags/weather_hourly.py
[2025-12-29T02:32:46.795+0000] {logging_mixin.py:188} INFO - [2025-12-29T02:32:46.795+0000] {dag.py:3089} INFO - Sync 1 DAGs
[2025-12-29T02:32:46.813+0000] {logging_mixin.py:188} INFO - [2025-12-29T02:32:46.813+0000] {dag.py:3947} INFO - Setting next_dagrun for weather_hourly to 2025-12-29 01:15:00+00:00, run_after=2025-12-29 02:15:00+00:00
[2025-12-29T02:32:46.827+0000] {processor.py:183} INFO - Processing /opt/airflow/dags/weather_hourly.py took 0.077 seconds
[2025-12-29T02:33:17.018+0000] {processor.py:161} INFO - Started process (PID=289) to work on /opt/airflow/dags/weather_hourly.py
[2025-12-29T02:33:17.019+0000] {processor.py:830} INFO - Processing file /opt/airflow/dags/weather_hourly.py for tasks to queue
[2025-12-29T02:33:17.021+0000] {logging_mixin.py:188} INFO - [2025-12-29T02:33:17.020+0000] {dagbag.py:545} INFO - Filling up the DagBag from /opt/airflow/dags/weather_hourly.py
[2025-12-29T02:33:17.034+0000] {processor.py:840} INFO - DAG(s) 'weather_hourly' retrieved from /opt/airflow/dags/weather_hourly.py
[2025-12-29T02:33:17.061+0000] {logging_mixin.py:188} INFO - [2025-12-29T02:33:17.061+0000] {dag.py:3089} INFO - Sync 1 DAGs
[2025-12-29T02:33:17.083+0000] {logging_mixin.py:188} INFO - [2025-12-29T02:33:17.083+0000] {dag.py:3947} INFO - Setting next_dagrun for weather_hourly to 2025-12-29 01:15:00+00:00, run_after=2025-12-29 02:15:00+00:00
[2025-12-29T02:33:17.102+0000] {processor.py:183} INFO - Processing /opt/airflow/dags/weather_hourly.py took 0.088 seconds
[2025-12-29T02:33:47.298+0000] {processor.py:161} INFO - Started process (PID=299) to work on /opt/airflow/dags/weather_hourly.py
[2025-12-29T02:33:47.299+0000] {processor.py:830} INFO - Processing file /opt/airflow/dags/weather_hourly.py for tasks to queue
[2025-12-29T02:33:47.300+0000] {logging_mixin.py:188} INFO - [2025-12-29T02:33:47.300+0000] {dagbag.py:545} INFO - Filling up the DagBag from /opt/airflow/dags/weather_hourly.py
[2025-12-29T02:33:47.313+0000] {processor.py:840} INFO - DAG(s) 'weather_hourly' retrieved from /opt/airflow/dags/weather_hourly.py
[2025-12-29T02:33:47.338+0000] {logging_mixin.py:188} INFO - [2025-12-29T02:33:47.338+0000] {dag.py:3089} INFO - Sync 1 DAGs
[2025-12-29T02:33:47.356+0000] {logging_mixin.py:188} INFO - [2025-12-29T02:33:47.356+0000] {dag.py:3947} INFO - Setting next_dagrun for weather_hourly to 2025-12-29 01:15:00+00:00, run_after=2025-12-29 02:15:00+00:00
[2025-12-29T02:33:47.373+0000] {processor.py:183} INFO - Processing /opt/airflow/dags/weather_hourly.py took 0.079 seconds
[2025-12-29T02:34:17.569+0000] {processor.py:161} INFO - Started process (PID=309) to work on /opt/airflow/dags/weather_hourly.py
[2025-12-29T02:34:17.570+0000] {processor.py:830} INFO - Processing file /opt/airflow/dags/weather_hourly.py for tasks to queue
[2025-12-29T02:34:17.571+0000] {logging_mixin.py:188} INFO - [2025-12-29T02:34:17.571+0000] {dagbag.py:545} INFO - Filling up the DagBag from /opt/airflow/dags/weather_hourly.py
[2025-12-29T02:34:17.588+0000] {processor.py:840} INFO - DAG(s) 'weather_hourly' retrieved from /opt/airflow/dags/weather_hourly.py
[2025-12-29T02:34:17.615+0000] {logging_mixin.py:188} INFO - [2025-12-29T02:34:17.615+0000] {dag.py:3089} INFO - Sync 1 DAGs
[2025-12-29T02:34:17.635+0000] {logging_mixin.py:188} INFO - [2025-12-29T02:34:17.635+0000] {dag.py:3947} INFO - Setting next_dagrun for weather_hourly to 2025-12-29 01:15:00+00:00, run_after=2025-12-29 02:15:00+00:00
[2025-12-29T02:34:17.652+0000] {processor.py:183} INFO - Processing /opt/airflow/dags/weather_hourly.py took 0.088 seconds
[2025-12-29T02:34:47.850+0000] {processor.py:161} INFO - Started process (PID=319) to work on /opt/airflow/dags/weather_hourly.py
[2025-12-29T02:34:47.851+0000] {processor.py:830} INFO - Processing file /opt/airflow/dags/weather_hourly.py for tasks to queue
[2025-12-29T02:34:47.853+0000] {logging_mixin.py:188} INFO - [2025-12-29T02:34:47.853+0000] {dagbag.py:545} INFO - Filling up the DagBag from /opt/airflow/dags/weather_hourly.py
[2025-12-29T02:34:47.869+0000] {processor.py:840} INFO - DAG(s) 'weather_hourly' retrieved from /opt/airflow/dags/weather_hourly.py
[2025-12-29T02:34:47.893+0000] {logging_mixin.py:188} INFO - [2025-12-29T02:34:47.893+0000] {dag.py:3089} INFO - Sync 1 DAGs
[2025-12-29T02:34:47.910+0000] {logging_mixin.py:188} INFO - [2025-12-29T02:34:47.910+0000] {dag.py:3947} INFO - Setting next_dagrun for weather_hourly to 2025-12-29 01:15:00+00:00, run_after=2025-12-29 02:15:00+00:00
[2025-12-29T02:34:47.925+0000] {processor.py:183} INFO - Processing /opt/airflow/dags/weather_hourly.py took 0.080 seconds
[2025-12-29T02:35:18.120+0000] {processor.py:161} INFO - Started process (PID=329) to work on /opt/airflow/dags/weather_hourly.py
[2025-12-29T02:35:18.120+0000] {processor.py:830} INFO - Processing file /opt/airflow/dags/weather_hourly.py for tasks to queue
[2025-12-29T02:35:18.121+0000] {logging_mixin.py:188} INFO - [2025-12-29T02:35:18.121+0000] {dagbag.py:545} INFO - Filling up the DagBag from /opt/airflow/dags/weather_hourly.py
[2025-12-29T02:35:18.134+0000] {processor.py:840} INFO - DAG(s) 'weather_hourly' retrieved from /opt/airflow/dags/weather_hourly.py
[2025-12-29T02:35:18.157+0000] {logging_mixin.py:188} INFO - [2025-12-29T02:35:18.157+0000] {dag.py:3089} INFO - Sync 1 DAGs
[2025-12-29T02:35:18.173+0000] {logging_mixin.py:188} INFO - [2025-12-29T02:35:18.173+0000] {dag.py:3947} INFO - Setting next_dagrun for weather_hourly to 2025-12-29 01:15:00+00:00, run_after=2025-12-29 02:15:00+00:00
[2025-12-29T02:35:18.188+0000] {processor.py:183} INFO - Processing /opt/airflow/dags/weather_hourly.py took 0.072 seconds
[2025-12-29T02:35:48.385+0000] {processor.py:161} INFO - Started process (PID=339) to work on /opt/airflow/dags/weather_hourly.py
[2025-12-29T02:35:48.385+0000] {processor.py:830} INFO - Processing file /opt/airflow/dags/weather_hourly.py for tasks to queue
[2025-12-29T02:35:48.386+0000] {logging_mixin.py:188} INFO - [2025-12-29T02:35:48.386+0000] {dagbag.py:545} INFO - Filling up the DagBag from /opt/airflow/dags/weather_hourly.py
[2025-12-29T02:35:48.401+0000] {processor.py:840} INFO - DAG(s) 'weather_hourly' retrieved from /opt/airflow/dags/weather_hourly.py
[2025-12-29T02:35:48.425+0000] {logging_mixin.py:188} INFO - [2025-12-29T02:35:48.425+0000] {dag.py:3089} INFO - Sync 1 DAGs
[2025-12-29T02:35:48.443+0000] {logging_mixin.py:188} INFO - [2025-12-29T02:35:48.443+0000] {dag.py:3947} INFO - Setting next_dagrun for weather_hourly to 2025-12-29 01:15:00+00:00, run_after=2025-12-29 02:15:00+00:00
[2025-12-29T02:35:48.458+0000] {processor.py:183} INFO - Processing /opt/airflow/dags/weather_hourly.py took 0.078 seconds
[2025-12-29T02:36:18.651+0000] {processor.py:161} INFO - Started process (PID=349) to work on /opt/airflow/dags/weather_hourly.py
[2025-12-29T02:36:18.652+0000] {processor.py:830} INFO - Processing file /opt/airflow/dags/weather_hourly.py for tasks to queue
[2025-12-29T02:36:18.654+0000] {logging_mixin.py:188} INFO - [2025-12-29T02:36:18.654+0000] {dagbag.py:545} INFO - Filling up the DagBag from /opt/airflow/dags/weather_hourly.py
[2025-12-29T02:36:18.669+0000] {processor.py:840} INFO - DAG(s) 'weather_hourly' retrieved from /opt/airflow/dags/weather_hourly.py
[2025-12-29T02:36:18.694+0000] {logging_mixin.py:188} INFO - [2025-12-29T02:36:18.694+0000] {dag.py:3089} INFO - Sync 1 DAGs
[2025-12-29T02:36:18.713+0000] {logging_mixin.py:188} INFO - [2025-12-29T02:36:18.713+0000] {dag.py:3947} INFO - Setting next_dagrun for weather_hourly to 2025-12-29 01:15:00+00:00, run_after=2025-12-29 02:15:00+00:00
[2025-12-29T02:36:18.729+0000] {processor.py:183} INFO - Processing /opt/airflow/dags/weather_hourly.py took 0.082 seconds
[2025-12-29T02:36:48.932+0000] {processor.py:161} INFO - Started process (PID=359) to work on /opt/airflow/dags/weather_hourly.py
[2025-12-29T02:36:48.933+0000] {processor.py:830} INFO - Processing file /opt/airflow/dags/weather_hourly.py for tasks to queue
[2025-12-29T02:36:48.934+0000] {logging_mixin.py:188} INFO - [2025-12-29T02:36:48.934+0000] {dagbag.py:545} INFO - Filling up the DagBag from /opt/airflow/dags/weather_hourly.py
[2025-12-29T02:36:48.949+0000] {processor.py:840} INFO - DAG(s) 'weather_hourly' retrieved from /opt/airflow/dags/weather_hourly.py
[2025-12-29T02:36:48.976+0000] {logging_mixin.py:188} INFO - [2025-12-29T02:36:48.975+0000] {dag.py:3089} INFO - Sync 1 DAGs
[2025-12-29T02:36:48.996+0000] {logging_mixin.py:188} INFO - [2025-12-29T02:36:48.996+0000] {dag.py:3947} INFO - Setting next_dagrun for weather_hourly to 2025-12-29 01:15:00+00:00, run_after=2025-12-29 02:15:00+00:00
[2025-12-29T02:36:49.012+0000] {processor.py:183} INFO - Processing /opt/airflow/dags/weather_hourly.py took 0.085 seconds
[2025-12-29T02:37:19.205+0000] {processor.py:161} INFO - Started process (PID=369) to work on /opt/airflow/dags/weather_hourly.py
[2025-12-29T02:37:19.206+0000] {processor.py:830} INFO - Processing file /opt/airflow/dags/weather_hourly.py for tasks to queue
[2025-12-29T02:37:19.207+0000] {logging_mixin.py:188} INFO - [2025-12-29T02:37:19.207+0000] {dagbag.py:545} INFO - Filling up the DagBag from /opt/airflow/dags/weather_hourly.py
[2025-12-29T02:37:19.222+0000] {processor.py:840} INFO - DAG(s) 'weather_hourly' retrieved from /opt/airflow/dags/weather_hourly.py
[2025-12-29T02:37:19.248+0000] {logging_mixin.py:188} INFO - [2025-12-29T02:37:19.248+0000] {dag.py:3089} INFO - Sync 1 DAGs
[2025-12-29T02:37:19.266+0000] {logging_mixin.py:188} INFO - [2025-12-29T02:37:19.266+0000] {dag.py:3947} INFO - Setting next_dagrun for weather_hourly to 2025-12-29 01:15:00+00:00, run_after=2025-12-29 02:15:00+00:00
[2025-12-29T02:37:19.280+0000] {processor.py:183} INFO - Processing /opt/airflow/dags/weather_hourly.py took 0.080 seconds
[2025-12-29T02:37:49.483+0000] {processor.py:161} INFO - Started process (PID=379) to work on /opt/airflow/dags/weather_hourly.py
[2025-12-29T02:37:49.484+0000] {processor.py:830} INFO - Processing file /opt/airflow/dags/weather_hourly.py for tasks to queue
[2025-12-29T02:37:49.485+0000] {logging_mixin.py:188} INFO - [2025-12-29T02:37:49.485+0000] {dagbag.py:545} INFO - Filling up the DagBag from /opt/airflow/dags/weather_hourly.py
[2025-12-29T02:37:49.502+0000] {processor.py:840} INFO - DAG(s) 'weather_hourly' retrieved from /opt/airflow/dags/weather_hourly.py
[2025-12-29T02:37:49.534+0000] {logging_mixin.py:188} INFO - [2025-12-29T02:37:49.533+0000] {dag.py:3089} INFO - Sync 1 DAGs
[2025-12-29T02:37:49.553+0000] {logging_mixin.py:188} INFO - [2025-12-29T02:37:49.553+0000] {dag.py:3947} INFO - Setting next_dagrun for weather_hourly to 2025-12-29 01:15:00+00:00, run_after=2025-12-29 02:15:00+00:00
[2025-12-29T02:37:49.569+0000] {processor.py:183} INFO - Processing /opt/airflow/dags/weather_hourly.py took 0.092 seconds
[2025-12-29T02:38:19.770+0000] {processor.py:161} INFO - Started process (PID=401) to work on /opt/airflow/dags/weather_hourly.py
[2025-12-29T02:38:19.771+0000] {processor.py:830} INFO - Processing file /opt/airflow/dags/weather_hourly.py for tasks to queue
[2025-12-29T02:38:19.772+0000] {logging_mixin.py:188} INFO - [2025-12-29T02:38:19.772+0000] {dagbag.py:545} INFO - Filling up the DagBag from /opt/airflow/dags/weather_hourly.py
[2025-12-29T02:38:19.787+0000] {processor.py:840} INFO - DAG(s) 'weather_hourly' retrieved from /opt/airflow/dags/weather_hourly.py
[2025-12-29T02:38:19.813+0000] {logging_mixin.py:188} INFO - [2025-12-29T02:38:19.813+0000] {dag.py:3089} INFO - Sync 1 DAGs
[2025-12-29T02:38:19.831+0000] {logging_mixin.py:188} INFO - [2025-12-29T02:38:19.831+0000] {dag.py:3947} INFO - Setting next_dagrun for weather_hourly to 2025-12-29 01:15:00+00:00, run_after=2025-12-29 02:15:00+00:00
[2025-12-29T02:38:19.846+0000] {processor.py:183} INFO - Processing /opt/airflow/dags/weather_hourly.py took 0.081 seconds
[2025-12-29T02:38:50.058+0000] {processor.py:161} INFO - Started process (PID=411) to work on /opt/airflow/dags/weather_hourly.py
[2025-12-29T02:38:50.059+0000] {processor.py:830} INFO - Processing file /opt/airflow/dags/weather_hourly.py for tasks to queue
[2025-12-29T02:38:50.060+0000] {logging_mixin.py:188} INFO - [2025-12-29T02:38:50.060+0000] {dagbag.py:545} INFO - Filling up the DagBag from /opt/airflow/dags/weather_hourly.py
[2025-12-29T02:38:50.076+0000] {processor.py:840} INFO - DAG(s) 'weather_hourly' retrieved from /opt/airflow/dags/weather_hourly.py
[2025-12-29T02:38:50.107+0000] {logging_mixin.py:188} INFO - [2025-12-29T02:38:50.107+0000] {dag.py:3089} INFO - Sync 1 DAGs
[2025-12-29T02:38:50.130+0000] {logging_mixin.py:188} INFO - [2025-12-29T02:38:50.130+0000] {dag.py:3947} INFO - Setting next_dagrun for weather_hourly to 2025-12-29 01:15:00+00:00, run_after=2025-12-29 02:15:00+00:00
[2025-12-29T02:38:50.151+0000] {processor.py:183} INFO - Processing /opt/airflow/dags/weather_hourly.py took 0.099 seconds
[2025-12-29T02:39:20.352+0000] {processor.py:161} INFO - Started process (PID=421) to work on /opt/airflow/dags/weather_hourly.py
[2025-12-29T02:39:20.353+0000] {processor.py:830} INFO - Processing file /opt/airflow/dags/weather_hourly.py for tasks to queue
[2025-12-29T02:39:20.354+0000] {logging_mixin.py:188} INFO - [2025-12-29T02:39:20.354+0000] {dagbag.py:545} INFO - Filling up the DagBag from /opt/airflow/dags/weather_hourly.py
[2025-12-29T02:39:20.369+0000] {processor.py:840} INFO - DAG(s) 'weather_hourly' retrieved from /opt/airflow/dags/weather_hourly.py
[2025-12-29T02:39:20.396+0000] {logging_mixin.py:188} INFO - [2025-12-29T02:39:20.396+0000] {dag.py:3089} INFO - Sync 1 DAGs
[2025-12-29T02:39:20.416+0000] {logging_mixin.py:188} INFO - [2025-12-29T02:39:20.416+0000] {dag.py:3947} INFO - Setting next_dagrun for weather_hourly to 2025-12-29 01:15:00+00:00, run_after=2025-12-29 02:15:00+00:00
[2025-12-29T02:39:20.432+0000] {processor.py:183} INFO - Processing /opt/airflow/dags/weather_hourly.py took 0.085 seconds
[2025-12-29T02:39:50.628+0000] {processor.py:161} INFO - Started process (PID=431) to work on /opt/airflow/dags/weather_hourly.py
[2025-12-29T02:39:50.629+0000] {processor.py:830} INFO - Processing file /opt/airflow/dags/weather_hourly.py for tasks to queue
[2025-12-29T02:39:50.630+0000] {logging_mixin.py:188} INFO - [2025-12-29T02:39:50.630+0000] {dagbag.py:545} INFO - Filling up the DagBag from /opt/airflow/dags/weather_hourly.py
[2025-12-29T02:39:50.645+0000] {processor.py:840} INFO - DAG(s) 'weather_hourly' retrieved from /opt/airflow/dags/weather_hourly.py
[2025-12-29T02:39:50.671+0000] {logging_mixin.py:188} INFO - [2025-12-29T02:39:50.671+0000] {dag.py:3089} INFO - Sync 1 DAGs
[2025-12-29T02:39:50.688+0000] {logging_mixin.py:188} INFO - [2025-12-29T02:39:50.688+0000] {dag.py:3947} INFO - Setting next_dagrun for weather_hourly to 2025-12-29 01:15:00+00:00, run_after=2025-12-29 02:15:00+00:00
[2025-12-29T02:39:50.703+0000] {processor.py:183} INFO - Processing /opt/airflow/dags/weather_hourly.py took 0.078 seconds
[2025-12-29T02:40:20.907+0000] {processor.py:161} INFO - Started process (PID=441) to work on /opt/airflow/dags/weather_hourly.py
[2025-12-29T02:40:20.908+0000] {processor.py:830} INFO - Processing file /opt/airflow/dags/weather_hourly.py for tasks to queue
[2025-12-29T02:40:20.909+0000] {logging_mixin.py:188} INFO - [2025-12-29T02:40:20.909+0000] {dagbag.py:545} INFO - Filling up the DagBag from /opt/airflow/dags/weather_hourly.py
[2025-12-29T02:40:20.926+0000] {processor.py:840} INFO - DAG(s) 'weather_hourly' retrieved from /opt/airflow/dags/weather_hourly.py
[2025-12-29T02:40:20.954+0000] {logging_mixin.py:188} INFO - [2025-12-29T02:40:20.954+0000] {dag.py:3089} INFO - Sync 1 DAGs
[2025-12-29T02:40:20.974+0000] {logging_mixin.py:188} INFO - [2025-12-29T02:40:20.974+0000] {dag.py:3947} INFO - Setting next_dagrun for weather_hourly to 2025-12-29 01:15:00+00:00, run_after=2025-12-29 02:15:00+00:00
[2025-12-29T02:40:20.993+0000] {processor.py:183} INFO - Processing /opt/airflow/dags/weather_hourly.py took 0.092 seconds
[2025-12-29T02:40:51.194+0000] {processor.py:161} INFO - Started process (PID=451) to work on /opt/airflow/dags/weather_hourly.py
[2025-12-29T02:40:51.195+0000] {processor.py:830} INFO - Processing file /opt/airflow/dags/weather_hourly.py for tasks to queue
[2025-12-29T02:40:51.197+0000] {logging_mixin.py:188} INFO - [2025-12-29T02:40:51.196+0000] {dagbag.py:545} INFO - Filling up the DagBag from /opt/airflow/dags/weather_hourly.py
[2025-12-29T02:40:51.210+0000] {processor.py:840} INFO - DAG(s) 'weather_hourly' retrieved from /opt/airflow/dags/weather_hourly.py
[2025-12-29T02:40:51.234+0000] {logging_mixin.py:188} INFO - [2025-12-29T02:40:51.233+0000] {dag.py:3089} INFO - Sync 1 DAGs
[2025-12-29T02:40:51.251+0000] {logging_mixin.py:188} INFO - [2025-12-29T02:40:51.250+0000] {dag.py:3947} INFO - Setting next_dagrun for weather_hourly to 2025-12-29 01:15:00+00:00, run_after=2025-12-29 02:15:00+00:00
[2025-12-29T02:40:51.267+0000] {processor.py:183} INFO - Processing /opt/airflow/dags/weather_hourly.py took 0.076 seconds
[2025-12-29T02:41:21.459+0000] {processor.py:161} INFO - Started process (PID=461) to work on /opt/airflow/dags/weather_hourly.py
[2025-12-29T02:41:21.459+0000] {processor.py:830} INFO - Processing file /opt/airflow/dags/weather_hourly.py for tasks to queue
[2025-12-29T02:41:21.461+0000] {logging_mixin.py:188} INFO - [2025-12-29T02:41:21.460+0000] {dagbag.py:545} INFO - Filling up the DagBag from /opt/airflow/dags/weather_hourly.py
[2025-12-29T02:41:21.474+0000] {processor.py:840} INFO - DAG(s) 'weather_hourly' retrieved from /opt/airflow/dags/weather_hourly.py
[2025-12-29T02:41:21.498+0000] {logging_mixin.py:188} INFO - [2025-12-29T02:41:21.498+0000] {dag.py:3089} INFO - Sync 1 DAGs
[2025-12-29T02:41:21.516+0000] {logging_mixin.py:188} INFO - [2025-12-29T02:41:21.515+0000] {dag.py:3947} INFO - Setting next_dagrun for weather_hourly to 2025-12-29 01:15:00+00:00, run_after=2025-12-29 02:15:00+00:00
[2025-12-29T02:41:21.531+0000] {processor.py:183} INFO - Processing /opt/airflow/dags/weather_hourly.py took 0.077 seconds
[2025-12-29T02:41:51.724+0000] {processor.py:161} INFO - Started process (PID=471) to work on /opt/airflow/dags/weather_hourly.py
[2025-12-29T02:41:51.724+0000] {processor.py:830} INFO - Processing file /opt/airflow/dags/weather_hourly.py for tasks to queue
[2025-12-29T02:41:51.725+0000] {logging_mixin.py:188} INFO - [2025-12-29T02:41:51.725+0000] {dagbag.py:545} INFO - Filling up the DagBag from /opt/airflow/dags/weather_hourly.py
[2025-12-29T02:41:51.739+0000] {processor.py:840} INFO - DAG(s) 'weather_hourly' retrieved from /opt/airflow/dags/weather_hourly.py
[2025-12-29T02:41:51.762+0000] {logging_mixin.py:188} INFO - [2025-12-29T02:41:51.762+0000] {dag.py:3089} INFO - Sync 1 DAGs
[2025-12-29T02:41:51.780+0000] {logging_mixin.py:188} INFO - [2025-12-29T02:41:51.780+0000] {dag.py:3947} INFO - Setting next_dagrun for weather_hourly to 2025-12-29 01:15:00+00:00, run_after=2025-12-29 02:15:00+00:00
[2025-12-29T02:41:51.794+0000] {processor.py:183} INFO - Processing /opt/airflow/dags/weather_hourly.py took 0.074 seconds
[2025-12-29T02:42:21.989+0000] {processor.py:161} INFO - Started process (PID=481) to work on /opt/airflow/dags/weather_hourly.py
[2025-12-29T02:42:21.990+0000] {processor.py:830} INFO - Processing file /opt/airflow/dags/weather_hourly.py for tasks to queue
[2025-12-29T02:42:21.991+0000] {logging_mixin.py:188} INFO - [2025-12-29T02:42:21.991+0000] {dagbag.py:545} INFO - Filling up the DagBag from /opt/airflow/dags/weather_hourly.py
[2025-12-29T02:42:22.006+0000] {processor.py:840} INFO - DAG(s) 'weather_hourly' retrieved from /opt/airflow/dags/weather_hourly.py
[2025-12-29T02:42:22.031+0000] {logging_mixin.py:188} INFO - [2025-12-29T02:42:22.030+0000] {dag.py:3089} INFO - Sync 1 DAGs
[2025-12-29T02:42:22.049+0000] {logging_mixin.py:188} INFO - [2025-12-29T02:42:22.049+0000] {dag.py:3947} INFO - Setting next_dagrun for weather_hourly to 2025-12-29 01:15:00+00:00, run_after=2025-12-29 02:15:00+00:00
[2025-12-29T02:42:22.066+0000] {processor.py:183} INFO - Processing /opt/airflow/dags/weather_hourly.py took 0.081 seconds
[2025-12-29T02:42:52.263+0000] {processor.py:161} INFO - Started process (PID=491) to work on /opt/airflow/dags/weather_hourly.py
[2025-12-29T02:42:52.264+0000] {processor.py:830} INFO - Processing file /opt/airflow/dags/weather_hourly.py for tasks to queue
[2025-12-29T02:42:52.265+0000] {logging_mixin.py:188} INFO - [2025-12-29T02:42:52.265+0000] {dagbag.py:545} INFO - Filling up the DagBag from /opt/airflow/dags/weather_hourly.py
[2025-12-29T02:42:52.278+0000] {processor.py:840} INFO - DAG(s) 'weather_hourly' retrieved from /opt/airflow/dags/weather_hourly.py
[2025-12-29T02:42:52.303+0000] {logging_mixin.py:188} INFO - [2025-12-29T02:42:52.302+0000] {dag.py:3089} INFO - Sync 1 DAGs
[2025-12-29T02:42:52.320+0000] {logging_mixin.py:188} INFO - [2025-12-29T02:42:52.320+0000] {dag.py:3947} INFO - Setting next_dagrun for weather_hourly to 2025-12-29 01:15:00+00:00, run_after=2025-12-29 02:15:00+00:00
[2025-12-29T02:42:52.336+0000] {processor.py:183} INFO - Processing /opt/airflow/dags/weather_hourly.py took 0.077 seconds
[2025-12-29T02:43:22.538+0000] {processor.py:161} INFO - Started process (PID=501) to work on /opt/airflow/dags/weather_hourly.py
[2025-12-29T02:43:22.538+0000] {processor.py:830} INFO - Processing file /opt/airflow/dags/weather_hourly.py for tasks to queue
[2025-12-29T02:43:22.540+0000] {logging_mixin.py:188} INFO - [2025-12-29T02:43:22.539+0000] {dagbag.py:545} INFO - Filling up the DagBag from /opt/airflow/dags/weather_hourly.py
[2025-12-29T02:43:22.554+0000] {processor.py:840} INFO - DAG(s) 'weather_hourly' retrieved from /opt/airflow/dags/weather_hourly.py
[2025-12-29T02:43:22.578+0000] {logging_mixin.py:188} INFO - [2025-12-29T02:43:22.577+0000] {dag.py:3089} INFO - Sync 1 DAGs
[2025-12-29T02:43:22.595+0000] {logging_mixin.py:188} INFO - [2025-12-29T02:43:22.595+0000] {dag.py:3947} INFO - Setting next_dagrun for weather_hourly to 2025-12-29 01:15:00+00:00, run_after=2025-12-29 02:15:00+00:00
[2025-12-29T02:43:22.611+0000] {processor.py:183} INFO - Processing /opt/airflow/dags/weather_hourly.py took 0.077 seconds
[2025-12-29T02:43:52.806+0000] {processor.py:161} INFO - Started process (PID=511) to work on /opt/airflow/dags/weather_hourly.py
[2025-12-29T02:43:52.807+0000] {processor.py:830} INFO - Processing file /opt/airflow/dags/weather_hourly.py for tasks to queue
[2025-12-29T02:43:52.808+0000] {logging_mixin.py:188} INFO - [2025-12-29T02:43:52.808+0000] {dagbag.py:545} INFO - Filling up the DagBag from /opt/airflow/dags/weather_hourly.py
[2025-12-29T02:43:52.825+0000] {processor.py:840} INFO - DAG(s) 'weather_hourly' retrieved from /opt/airflow/dags/weather_hourly.py
[2025-12-29T02:43:52.851+0000] {logging_mixin.py:188} INFO - [2025-12-29T02:43:52.851+0000] {dag.py:3089} INFO - Sync 1 DAGs
[2025-12-29T02:43:52.872+0000] {logging_mixin.py:188} INFO - [2025-12-29T02:43:52.872+0000] {dag.py:3947} INFO - Setting next_dagrun for weather_hourly to 2025-12-29 01:15:00+00:00, run_after=2025-12-29 02:15:00+00:00
[2025-12-29T02:43:52.888+0000] {processor.py:183} INFO - Processing /opt/airflow/dags/weather_hourly.py took 0.088 seconds
[2025-12-29T02:44:23.090+0000] {processor.py:161} INFO - Started process (PID=521) to work on /opt/airflow/dags/weather_hourly.py
[2025-12-29T02:44:23.091+0000] {processor.py:830} INFO - Processing file /opt/airflow/dags/weather_hourly.py for tasks to queue
[2025-12-29T02:44:23.092+0000] {logging_mixin.py:188} INFO - [2025-12-29T02:44:23.092+0000] {dagbag.py:545} INFO - Filling up the DagBag from /opt/airflow/dags/weather_hourly.py
[2025-12-29T02:44:23.106+0000] {processor.py:840} INFO - DAG(s) 'weather_hourly' retrieved from /opt/airflow/dags/weather_hourly.py
[2025-12-29T02:44:23.130+0000] {logging_mixin.py:188} INFO - [2025-12-29T02:44:23.130+0000] {dag.py:3089} INFO - Sync 1 DAGs
[2025-12-29T02:44:23.148+0000] {logging_mixin.py:188} INFO - [2025-12-29T02:44:23.148+0000] {dag.py:3947} INFO - Setting next_dagrun for weather_hourly to 2025-12-29 01:15:00+00:00, run_after=2025-12-29 02:15:00+00:00
[2025-12-29T02:44:23.163+0000] {processor.py:183} INFO - Processing /opt/airflow/dags/weather_hourly.py took 0.077 seconds
[2025-12-29T02:44:53.362+0000] {processor.py:161} INFO - Started process (PID=531) to work on /opt/airflow/dags/weather_hourly.py
[2025-12-29T02:44:53.363+0000] {processor.py:830} INFO - Processing file /opt/airflow/dags/weather_hourly.py for tasks to queue
[2025-12-29T02:44:53.364+0000] {logging_mixin.py:188} INFO - [2025-12-29T02:44:53.364+0000] {dagbag.py:545} INFO - Filling up the DagBag from /opt/airflow/dags/weather_hourly.py
[2025-12-29T02:44:53.379+0000] {processor.py:840} INFO - DAG(s) 'weather_hourly' retrieved from /opt/airflow/dags/weather_hourly.py
[2025-12-29T02:44:53.403+0000] {logging_mixin.py:188} INFO - [2025-12-29T02:44:53.403+0000] {dag.py:3089} INFO - Sync 1 DAGs
[2025-12-29T02:44:53.421+0000] {logging_mixin.py:188} INFO - [2025-12-29T02:44:53.421+0000] {dag.py:3947} INFO - Setting next_dagrun for weather_hourly to 2025-12-29 01:15:00+00:00, run_after=2025-12-29 02:15:00+00:00
[2025-12-29T02:44:53.436+0000] {processor.py:183} INFO - Processing /opt/airflow/dags/weather_hourly.py took 0.078 seconds
[2025-12-29T02:45:23.632+0000] {processor.py:161} INFO - Started process (PID=541) to work on /opt/airflow/dags/weather_hourly.py
[2025-12-29T02:45:23.633+0000] {processor.py:830} INFO - Processing file /opt/airflow/dags/weather_hourly.py for tasks to queue
[2025-12-29T02:45:23.634+0000] {logging_mixin.py:188} INFO - [2025-12-29T02:45:23.634+0000] {dagbag.py:545} INFO - Filling up the DagBag from /opt/airflow/dags/weather_hourly.py
[2025-12-29T02:45:23.648+0000] {processor.py:840} INFO - DAG(s) 'weather_hourly' retrieved from /opt/airflow/dags/weather_hourly.py
[2025-12-29T02:45:23.671+0000] {logging_mixin.py:188} INFO - [2025-12-29T02:45:23.671+0000] {dag.py:3089} INFO - Sync 1 DAGs
[2025-12-29T02:45:23.689+0000] {logging_mixin.py:188} INFO - [2025-12-29T02:45:23.688+0000] {dag.py:3947} INFO - Setting next_dagrun for weather_hourly to 2025-12-29 01:15:00+00:00, run_after=2025-12-29 02:15:00+00:00
[2025-12-29T02:45:23.703+0000] {processor.py:183} INFO - Processing /opt/airflow/dags/weather_hourly.py took 0.075 seconds
[2025-12-29T02:45:53.897+0000] {processor.py:161} INFO - Started process (PID=551) to work on /opt/airflow/dags/weather_hourly.py
[2025-12-29T02:45:53.897+0000] {processor.py:830} INFO - Processing file /opt/airflow/dags/weather_hourly.py for tasks to queue
[2025-12-29T02:45:53.898+0000] {logging_mixin.py:188} INFO - [2025-12-29T02:45:53.898+0000] {dagbag.py:545} INFO - Filling up the DagBag from /opt/airflow/dags/weather_hourly.py
[2025-12-29T02:45:53.912+0000] {processor.py:840} INFO - DAG(s) 'weather_hourly' retrieved from /opt/airflow/dags/weather_hourly.py
[2025-12-29T02:45:53.935+0000] {logging_mixin.py:188} INFO - [2025-12-29T02:45:53.935+0000] {dag.py:3089} INFO - Sync 1 DAGs
[2025-12-29T02:45:53.951+0000] {logging_mixin.py:188} INFO - [2025-12-29T02:45:53.951+0000] {dag.py:3947} INFO - Setting next_dagrun for weather_hourly to 2025-12-29 01:15:00+00:00, run_after=2025-12-29 02:15:00+00:00
[2025-12-29T02:45:53.966+0000] {processor.py:183} INFO - Processing /opt/airflow/dags/weather_hourly.py took 0.073 seconds
[2025-12-29T02:46:24.156+0000] {processor.py:161} INFO - Started process (PID=561) to work on /opt/airflow/dags/weather_hourly.py
[2025-12-29T02:46:24.157+0000] {processor.py:830} INFO - Processing file /opt/airflow/dags/weather_hourly.py for tasks to queue
[2025-12-29T02:46:24.158+0000] {logging_mixin.py:188} INFO - [2025-12-29T02:46:24.158+0000] {dagbag.py:545} INFO - Filling up the DagBag from /opt/airflow/dags/weather_hourly.py
[2025-12-29T02:46:24.172+0000] {processor.py:840} INFO - DAG(s) 'weather_hourly' retrieved from /opt/airflow/dags/weather_hourly.py
[2025-12-29T02:46:24.195+0000] {logging_mixin.py:188} INFO - [2025-12-29T02:46:24.195+0000] {dag.py:3089} INFO - Sync 1 DAGs
[2025-12-29T02:46:24.214+0000] {logging_mixin.py:188} INFO - [2025-12-29T02:46:24.213+0000] {dag.py:3947} INFO - Setting next_dagrun for weather_hourly to 2025-12-29 01:15:00+00:00, run_after=2025-12-29 02:15:00+00:00
[2025-12-29T02:46:24.229+0000] {processor.py:183} INFO - Processing /opt/airflow/dags/weather_hourly.py took 0.077 seconds
[2025-12-29T02:46:54.429+0000] {processor.py:161} INFO - Started process (PID=577) to work on /opt/airflow/dags/weather_hourly.py
[2025-12-29T02:46:54.430+0000] {processor.py:830} INFO - Processing file /opt/airflow/dags/weather_hourly.py for tasks to queue
[2025-12-29T02:46:54.431+0000] {logging_mixin.py:188} INFO - [2025-12-29T02:46:54.431+0000] {dagbag.py:545} INFO - Filling up the DagBag from /opt/airflow/dags/weather_hourly.py
[2025-12-29T02:46:54.444+0000] {processor.py:840} INFO - DAG(s) 'weather_hourly' retrieved from /opt/airflow/dags/weather_hourly.py
[2025-12-29T02:46:54.467+0000] {logging_mixin.py:188} INFO - [2025-12-29T02:46:54.467+0000] {dag.py:3089} INFO - Sync 1 DAGs
[2025-12-29T02:46:54.484+0000] {logging_mixin.py:188} INFO - [2025-12-29T02:46:54.484+0000] {dag.py:3947} INFO - Setting next_dagrun for weather_hourly to 2025-12-29 01:15:00+00:00, run_after=2025-12-29 02:15:00+00:00
[2025-12-29T02:46:54.499+0000] {processor.py:183} INFO - Processing /opt/airflow/dags/weather_hourly.py took 0.074 seconds
[2025-12-29T02:47:24.695+0000] {processor.py:161} INFO - Started process (PID=587) to work on /opt/airflow/dags/weather_hourly.py
[2025-12-29T02:47:24.696+0000] {processor.py:830} INFO - Processing file /opt/airflow/dags/weather_hourly.py for tasks to queue
[2025-12-29T02:47:24.697+0000] {logging_mixin.py:188} INFO - [2025-12-29T02:47:24.697+0000] {dagbag.py:545} INFO - Filling up the DagBag from /opt/airflow/dags/weather_hourly.py
[2025-12-29T02:47:24.712+0000] {processor.py:840} INFO - DAG(s) 'weather_hourly' retrieved from /opt/airflow/dags/weather_hourly.py
[2025-12-29T02:47:24.739+0000] {logging_mixin.py:188} INFO - [2025-12-29T02:47:24.739+0000] {dag.py:3089} INFO - Sync 1 DAGs
[2025-12-29T02:47:24.758+0000] {logging_mixin.py:188} INFO - [2025-12-29T02:47:24.758+0000] {dag.py:3947} INFO - Setting next_dagrun for weather_hourly to 2025-12-29 01:15:00+00:00, run_after=2025-12-29 02:15:00+00:00
[2025-12-29T02:47:24.774+0000] {processor.py:183} INFO - Processing /opt/airflow/dags/weather_hourly.py took 0.083 seconds
[2025-12-29T02:47:54.973+0000] {processor.py:161} INFO - Started process (PID=597) to work on /opt/airflow/dags/weather_hourly.py
[2025-12-29T02:47:54.974+0000] {processor.py:830} INFO - Processing file /opt/airflow/dags/weather_hourly.py for tasks to queue
[2025-12-29T02:47:54.975+0000] {logging_mixin.py:188} INFO - [2025-12-29T02:47:54.975+0000] {dagbag.py:545} INFO - Filling up the DagBag from /opt/airflow/dags/weather_hourly.py
[2025-12-29T02:47:54.989+0000] {processor.py:840} INFO - DAG(s) 'weather_hourly' retrieved from /opt/airflow/dags/weather_hourly.py
[2025-12-29T02:47:55.014+0000] {logging_mixin.py:188} INFO - [2025-12-29T02:47:55.014+0000] {dag.py:3089} INFO - Sync 1 DAGs
[2025-12-29T02:47:55.032+0000] {logging_mixin.py:188} INFO - [2025-12-29T02:47:55.031+0000] {dag.py:3947} INFO - Setting next_dagrun for weather_hourly to 2025-12-29 01:15:00+00:00, run_after=2025-12-29 02:15:00+00:00
[2025-12-29T02:47:55.046+0000] {processor.py:183} INFO - Processing /opt/airflow/dags/weather_hourly.py took 0.077 seconds
[2025-12-29T02:48:25.246+0000] {processor.py:161} INFO - Started process (PID=613) to work on /opt/airflow/dags/weather_hourly.py
[2025-12-29T02:48:25.246+0000] {processor.py:830} INFO - Processing file /opt/airflow/dags/weather_hourly.py for tasks to queue
[2025-12-29T02:48:25.248+0000] {logging_mixin.py:188} INFO - [2025-12-29T02:48:25.247+0000] {dagbag.py:545} INFO - Filling up the DagBag from /opt/airflow/dags/weather_hourly.py
[2025-12-29T02:48:25.261+0000] {processor.py:840} INFO - DAG(s) 'weather_hourly' retrieved from /opt/airflow/dags/weather_hourly.py
[2025-12-29T02:48:25.285+0000] {logging_mixin.py:188} INFO - [2025-12-29T02:48:25.285+0000] {dag.py:3089} INFO - Sync 1 DAGs
[2025-12-29T02:48:25.303+0000] {logging_mixin.py:188} INFO - [2025-12-29T02:48:25.303+0000] {dag.py:3947} INFO - Setting next_dagrun for weather_hourly to 2025-12-29 01:15:00+00:00, run_after=2025-12-29 02:15:00+00:00
[2025-12-29T02:48:25.320+0000] {processor.py:183} INFO - Processing /opt/airflow/dags/weather_hourly.py took 0.078 seconds
[2025-12-29T02:48:55.528+0000] {processor.py:161} INFO - Started process (PID=623) to work on /opt/airflow/dags/weather_hourly.py
[2025-12-29T02:48:55.529+0000] {processor.py:830} INFO - Processing file /opt/airflow/dags/weather_hourly.py for tasks to queue
[2025-12-29T02:48:55.530+0000] {logging_mixin.py:188} INFO - [2025-12-29T02:48:55.530+0000] {dagbag.py:545} INFO - Filling up the DagBag from /opt/airflow/dags/weather_hourly.py
[2025-12-29T02:48:55.544+0000] {processor.py:840} INFO - DAG(s) 'weather_hourly' retrieved from /opt/airflow/dags/weather_hourly.py
[2025-12-29T02:48:55.569+0000] {logging_mixin.py:188} INFO - [2025-12-29T02:48:55.568+0000] {dag.py:3089} INFO - Sync 1 DAGs
[2025-12-29T02:48:55.587+0000] {logging_mixin.py:188} INFO - [2025-12-29T02:48:55.587+0000] {dag.py:3947} INFO - Setting next_dagrun for weather_hourly to 2025-12-29 01:15:00+00:00, run_after=2025-12-29 02:15:00+00:00
[2025-12-29T02:48:55.603+0000] {processor.py:183} INFO - Processing /opt/airflow/dags/weather_hourly.py took 0.080 seconds
[2025-12-29T02:49:25.805+0000] {processor.py:161} INFO - Started process (PID=633) to work on /opt/airflow/dags/weather_hourly.py
[2025-12-29T02:49:25.806+0000] {processor.py:830} INFO - Processing file /opt/airflow/dags/weather_hourly.py for tasks to queue
[2025-12-29T02:49:25.807+0000] {logging_mixin.py:188} INFO - [2025-12-29T02:49:25.807+0000] {dagbag.py:545} INFO - Filling up the DagBag from /opt/airflow/dags/weather_hourly.py
[2025-12-29T02:49:25.823+0000] {processor.py:840} INFO - DAG(s) 'weather_hourly' retrieved from /opt/airflow/dags/weather_hourly.py
[2025-12-29T02:49:25.853+0000] {logging_mixin.py:188} INFO - [2025-12-29T02:49:25.853+0000] {dag.py:3089} INFO - Sync 1 DAGs
[2025-12-29T02:49:25.874+0000] {logging_mixin.py:188} INFO - [2025-12-29T02:49:25.874+0000] {dag.py:3947} INFO - Setting next_dagrun for weather_hourly to 2025-12-29 01:15:00+00:00, run_after=2025-12-29 02:15:00+00:00
[2025-12-29T02:49:25.894+0000] {processor.py:183} INFO - Processing /opt/airflow/dags/weather_hourly.py took 0.094 seconds
[2025-12-29T02:49:56.094+0000] {processor.py:161} INFO - Started process (PID=659) to work on /opt/airflow/dags/weather_hourly.py
[2025-12-29T02:49:56.095+0000] {processor.py:830} INFO - Processing file /opt/airflow/dags/weather_hourly.py for tasks to queue
[2025-12-29T02:49:56.096+0000] {logging_mixin.py:188} INFO - [2025-12-29T02:49:56.096+0000] {dagbag.py:545} INFO - Filling up the DagBag from /opt/airflow/dags/weather_hourly.py
[2025-12-29T02:49:56.111+0000] {processor.py:840} INFO - DAG(s) 'weather_hourly' retrieved from /opt/airflow/dags/weather_hourly.py
[2025-12-29T02:49:56.138+0000] {logging_mixin.py:188} INFO - [2025-12-29T02:49:56.138+0000] {dag.py:3089} INFO - Sync 1 DAGs
[2025-12-29T02:49:56.157+0000] {logging_mixin.py:188} INFO - [2025-12-29T02:49:56.157+0000] {dag.py:3947} INFO - Setting next_dagrun for weather_hourly to 2025-12-29 01:15:00+00:00, run_after=2025-12-29 02:15:00+00:00
[2025-12-29T02:49:56.174+0000] {processor.py:183} INFO - Processing /opt/airflow/dags/weather_hourly.py took 0.084 seconds
[2025-12-29T02:50:26.378+0000] {processor.py:161} INFO - Started process (PID=669) to work on /opt/airflow/dags/weather_hourly.py
[2025-12-29T02:50:26.379+0000] {processor.py:830} INFO - Processing file /opt/airflow/dags/weather_hourly.py for tasks to queue
[2025-12-29T02:50:26.380+0000] {logging_mixin.py:188} INFO - [2025-12-29T02:50:26.380+0000] {dagbag.py:545} INFO - Filling up the DagBag from /opt/airflow/dags/weather_hourly.py
[2025-12-29T02:50:26.394+0000] {processor.py:840} INFO - DAG(s) 'weather_hourly' retrieved from /opt/airflow/dags/weather_hourly.py
[2025-12-29T02:50:26.417+0000] {logging_mixin.py:188} INFO - [2025-12-29T02:50:26.417+0000] {dag.py:3089} INFO - Sync 1 DAGs
[2025-12-29T02:50:26.433+0000] {logging_mixin.py:188} INFO - [2025-12-29T02:50:26.433+0000] {dag.py:3947} INFO - Setting next_dagrun for weather_hourly to 2025-12-29 01:15:00+00:00, run_after=2025-12-29 02:15:00+00:00
[2025-12-29T02:50:26.447+0000] {processor.py:183} INFO - Processing /opt/airflow/dags/weather_hourly.py took 0.074 seconds
[2025-12-29T02:50:56.653+0000] {processor.py:161} INFO - Started process (PID=679) to work on /opt/airflow/dags/weather_hourly.py
[2025-12-29T02:50:56.654+0000] {processor.py:830} INFO - Processing file /opt/airflow/dags/weather_hourly.py for tasks to queue
[2025-12-29T02:50:56.655+0000] {logging_mixin.py:188} INFO - [2025-12-29T02:50:56.655+0000] {dagbag.py:545} INFO - Filling up the DagBag from /opt/airflow/dags/weather_hourly.py
[2025-12-29T02:50:56.670+0000] {processor.py:840} INFO - DAG(s) 'weather_hourly' retrieved from /opt/airflow/dags/weather_hourly.py
[2025-12-29T02:50:56.695+0000] {logging_mixin.py:188} INFO - [2025-12-29T02:50:56.695+0000] {dag.py:3089} INFO - Sync 1 DAGs
[2025-12-29T02:50:56.713+0000] {logging_mixin.py:188} INFO - [2025-12-29T02:50:56.713+0000] {dag.py:3947} INFO - Setting next_dagrun for weather_hourly to 2025-12-29 01:15:00+00:00, run_after=2025-12-29 02:15:00+00:00
[2025-12-29T02:50:56.731+0000] {processor.py:183} INFO - Processing /opt/airflow/dags/weather_hourly.py took 0.082 seconds
[2025-12-29T02:51:26.928+0000] {processor.py:161} INFO - Started process (PID=689) to work on /opt/airflow/dags/weather_hourly.py
[2025-12-29T02:51:26.929+0000] {processor.py:830} INFO - Processing file /opt/airflow/dags/weather_hourly.py for tasks to queue
[2025-12-29T02:51:26.930+0000] {logging_mixin.py:188} INFO - [2025-12-29T02:51:26.930+0000] {dagbag.py:545} INFO - Filling up the DagBag from /opt/airflow/dags/weather_hourly.py
[2025-12-29T02:51:26.946+0000] {processor.py:840} INFO - DAG(s) 'weather_hourly' retrieved from /opt/airflow/dags/weather_hourly.py
[2025-12-29T02:51:26.980+0000] {logging_mixin.py:188} INFO - [2025-12-29T02:51:26.980+0000] {dag.py:3089} INFO - Sync 1 DAGs
[2025-12-29T02:51:27.001+0000] {logging_mixin.py:188} INFO - [2025-12-29T02:51:27.001+0000] {dag.py:3947} INFO - Setting next_dagrun for weather_hourly to 2025-12-29 01:15:00+00:00, run_after=2025-12-29 02:15:00+00:00
[2025-12-29T02:51:27.015+0000] {processor.py:183} INFO - Processing /opt/airflow/dags/weather_hourly.py took 0.092 seconds
[2025-12-29T02:51:57.226+0000] {processor.py:161} INFO - Started process (PID=699) to work on /opt/airflow/dags/weather_hourly.py
[2025-12-29T02:51:57.226+0000] {processor.py:830} INFO - Processing file /opt/airflow/dags/weather_hourly.py for tasks to queue
[2025-12-29T02:51:57.228+0000] {logging_mixin.py:188} INFO - [2025-12-29T02:51:57.227+0000] {dagbag.py:545} INFO - Filling up the DagBag from /opt/airflow/dags/weather_hourly.py
[2025-12-29T02:51:57.241+0000] {processor.py:840} INFO - DAG(s) 'weather_hourly' retrieved from /opt/airflow/dags/weather_hourly.py
[2025-12-29T02:51:57.275+0000] {logging_mixin.py:188} INFO - [2025-12-29T02:51:57.274+0000] {dag.py:3089} INFO - Sync 1 DAGs
[2025-12-29T02:51:57.291+0000] {logging_mixin.py:188} INFO - [2025-12-29T02:51:57.291+0000] {dag.py:3947} INFO - Setting next_dagrun for weather_hourly to 2025-12-29 01:15:00+00:00, run_after=2025-12-29 02:15:00+00:00
[2025-12-29T02:51:57.306+0000] {processor.py:183} INFO - Processing /opt/airflow/dags/weather_hourly.py took 0.084 seconds
[2025-12-29T02:52:27.504+0000] {processor.py:161} INFO - Started process (PID=709) to work on /opt/airflow/dags/weather_hourly.py
[2025-12-29T02:52:27.505+0000] {processor.py:830} INFO - Processing file /opt/airflow/dags/weather_hourly.py for tasks to queue
[2025-12-29T02:52:27.506+0000] {logging_mixin.py:188} INFO - [2025-12-29T02:52:27.506+0000] {dagbag.py:545} INFO - Filling up the DagBag from /opt/airflow/dags/weather_hourly.py
[2025-12-29T02:52:27.521+0000] {processor.py:840} INFO - DAG(s) 'weather_hourly' retrieved from /opt/airflow/dags/weather_hourly.py
[2025-12-29T02:52:27.553+0000] {logging_mixin.py:188} INFO - [2025-12-29T02:52:27.553+0000] {dag.py:3089} INFO - Sync 1 DAGs
[2025-12-29T02:52:27.571+0000] {logging_mixin.py:188} INFO - [2025-12-29T02:52:27.571+0000] {dag.py:3947} INFO - Setting next_dagrun for weather_hourly to 2025-12-29 01:15:00+00:00, run_after=2025-12-29 02:15:00+00:00
[2025-12-29T02:52:27.586+0000] {processor.py:183} INFO - Processing /opt/airflow/dags/weather_hourly.py took 0.086 seconds
[2025-12-29T02:52:57.787+0000] {processor.py:161} INFO - Started process (PID=719) to work on /opt/airflow/dags/weather_hourly.py
[2025-12-29T02:52:57.787+0000] {processor.py:830} INFO - Processing file /opt/airflow/dags/weather_hourly.py for tasks to queue
[2025-12-29T02:52:57.789+0000] {logging_mixin.py:188} INFO - [2025-12-29T02:52:57.788+0000] {dagbag.py:545} INFO - Filling up the DagBag from /opt/airflow/dags/weather_hourly.py
[2025-12-29T02:52:57.811+0000] {processor.py:840} INFO - DAG(s) 'weather_hourly' retrieved from /opt/airflow/dags/weather_hourly.py
[2025-12-29T02:52:57.835+0000] {logging_mixin.py:188} INFO - [2025-12-29T02:52:57.835+0000] {dag.py:3089} INFO - Sync 1 DAGs
[2025-12-29T02:52:57.853+0000] {logging_mixin.py:188} INFO - [2025-12-29T02:52:57.853+0000] {dag.py:3947} INFO - Setting next_dagrun for weather_hourly to 2025-12-29 01:15:00+00:00, run_after=2025-12-29 02:15:00+00:00
[2025-12-29T02:52:57.868+0000] {processor.py:183} INFO - Processing /opt/airflow/dags/weather_hourly.py took 0.085 seconds
[2025-12-29T02:53:28.102+0000] {processor.py:161} INFO - Started process (PID=736) to work on /opt/airflow/dags/weather_hourly.py
[2025-12-29T02:53:28.103+0000] {processor.py:830} INFO - Processing file /opt/airflow/dags/weather_hourly.py for tasks to queue
[2025-12-29T02:53:28.104+0000] {logging_mixin.py:188} INFO - [2025-12-29T02:53:28.104+0000] {dagbag.py:545} INFO - Filling up the DagBag from /opt/airflow/dags/weather_hourly.py
[2025-12-29T02:53:28.119+0000] {processor.py:840} INFO - DAG(s) 'weather_hourly' retrieved from /opt/airflow/dags/weather_hourly.py
[2025-12-29T02:53:28.145+0000] {logging_mixin.py:188} INFO - [2025-12-29T02:53:28.145+0000] {dag.py:3089} INFO - Sync 1 DAGs
[2025-12-29T02:53:28.165+0000] {logging_mixin.py:188} INFO - [2025-12-29T02:53:28.165+0000] {dag.py:3947} INFO - Setting next_dagrun for weather_hourly to 2025-12-29 01:15:00+00:00, run_after=2025-12-29 02:15:00+00:00
[2025-12-29T02:53:28.180+0000] {processor.py:183} INFO - Processing /opt/airflow/dags/weather_hourly.py took 0.083 seconds
[2025-12-29T02:53:58.377+0000] {processor.py:161} INFO - Started process (PID=762) to work on /opt/airflow/dags/weather_hourly.py
[2025-12-29T02:53:58.378+0000] {processor.py:830} INFO - Processing file /opt/airflow/dags/weather_hourly.py for tasks to queue
[2025-12-29T02:53:58.380+0000] {logging_mixin.py:188} INFO - [2025-12-29T02:53:58.379+0000] {dagbag.py:545} INFO - Filling up the DagBag from /opt/airflow/dags/weather_hourly.py
[2025-12-29T02:53:58.394+0000] {processor.py:840} INFO - DAG(s) 'weather_hourly' retrieved from /opt/airflow/dags/weather_hourly.py
[2025-12-29T02:53:58.418+0000] {logging_mixin.py:188} INFO - [2025-12-29T02:53:58.417+0000] {dag.py:3089} INFO - Sync 1 DAGs
[2025-12-29T02:53:58.435+0000] {logging_mixin.py:188} INFO - [2025-12-29T02:53:58.435+0000] {dag.py:3947} INFO - Setting next_dagrun for weather_hourly to 2025-12-29 01:15:00+00:00, run_after=2025-12-29 02:15:00+00:00
[2025-12-29T02:53:58.450+0000] {processor.py:183} INFO - Processing /opt/airflow/dags/weather_hourly.py took 0.076 seconds
[2025-12-29T02:54:28.652+0000] {processor.py:161} INFO - Started process (PID=778) to work on /opt/airflow/dags/weather_hourly.py
[2025-12-29T02:54:28.653+0000] {processor.py:830} INFO - Processing file /opt/airflow/dags/weather_hourly.py for tasks to queue
[2025-12-29T02:54:28.655+0000] {logging_mixin.py:188} INFO - [2025-12-29T02:54:28.654+0000] {dagbag.py:545} INFO - Filling up the DagBag from /opt/airflow/dags/weather_hourly.py
[2025-12-29T02:54:28.669+0000] {processor.py:840} INFO - DAG(s) 'weather_hourly' retrieved from /opt/airflow/dags/weather_hourly.py
[2025-12-29T02:54:28.692+0000] {logging_mixin.py:188} INFO - [2025-12-29T02:54:28.692+0000] {dag.py:3089} INFO - Sync 1 DAGs
[2025-12-29T02:54:28.708+0000] {logging_mixin.py:188} INFO - [2025-12-29T02:54:28.708+0000] {dag.py:3947} INFO - Setting next_dagrun for weather_hourly to 2025-12-29 01:15:00+00:00, run_after=2025-12-29 02:15:00+00:00
[2025-12-29T02:54:28.723+0000] {processor.py:183} INFO - Processing /opt/airflow/dags/weather_hourly.py took 0.075 seconds
[2025-12-29T02:54:58.927+0000] {processor.py:161} INFO - Started process (PID=788) to work on /opt/airflow/dags/weather_hourly.py
[2025-12-29T02:54:58.928+0000] {processor.py:830} INFO - Processing file /opt/airflow/dags/weather_hourly.py for tasks to queue
[2025-12-29T02:54:58.929+0000] {logging_mixin.py:188} INFO - [2025-12-29T02:54:58.929+0000] {dagbag.py:545} INFO - Filling up the DagBag from /opt/airflow/dags/weather_hourly.py
[2025-12-29T02:54:58.946+0000] {processor.py:840} INFO - DAG(s) 'weather_hourly' retrieved from /opt/airflow/dags/weather_hourly.py
[2025-12-29T02:54:58.973+0000] {logging_mixin.py:188} INFO - [2025-12-29T02:54:58.973+0000] {dag.py:3089} INFO - Sync 1 DAGs
[2025-12-29T02:54:58.993+0000] {logging_mixin.py:188} INFO - [2025-12-29T02:54:58.993+0000] {dag.py:3947} INFO - Setting next_dagrun for weather_hourly to 2025-12-29 01:15:00+00:00, run_after=2025-12-29 02:15:00+00:00
[2025-12-29T02:54:59.013+0000] {processor.py:183} INFO - Processing /opt/airflow/dags/weather_hourly.py took 0.090 seconds
[2025-12-29T02:55:45.512+0000] {processor.py:161} INFO - Started process (PID=196) to work on /opt/airflow/dags/weather_hourly.py
[2025-12-29T02:55:45.514+0000] {processor.py:830} INFO - Processing file /opt/airflow/dags/weather_hourly.py for tasks to queue
[2025-12-29T02:55:45.516+0000] {logging_mixin.py:188} INFO - [2025-12-29T02:55:45.515+0000] {dagbag.py:545} INFO - Filling up the DagBag from /opt/airflow/dags/weather_hourly.py
[2025-12-29T02:55:45.537+0000] {processor.py:840} INFO - DAG(s) 'weather_hourly' retrieved from /opt/airflow/dags/weather_hourly.py
[2025-12-29T02:55:45.923+0000] {logging_mixin.py:188} INFO - [2025-12-29T02:55:45.923+0000] {override.py:1858} INFO - Created Permission View: can delete on DAG:weather_hourly
[2025-12-29T02:55:45.933+0000] {logging_mixin.py:188} INFO - [2025-12-29T02:55:45.933+0000] {override.py:1858} INFO - Created Permission View: can read on DAG:weather_hourly
[2025-12-29T02:55:45.939+0000] {logging_mixin.py:188} INFO - [2025-12-29T02:55:45.939+0000] {override.py:1858} INFO - Created Permission View: can edit on DAG:weather_hourly
[2025-12-29T02:55:45.940+0000] {logging_mixin.py:188} INFO - [2025-12-29T02:55:45.940+0000] {dag.py:3089} INFO - Sync 1 DAGs
[2025-12-29T02:55:45.952+0000] {logging_mixin.py:188} INFO - [2025-12-29T02:55:45.952+0000] {dag.py:3111} INFO - Creating ORM DAG for weather_hourly
[2025-12-29T02:55:45.971+0000] {logging_mixin.py:188} INFO - [2025-12-29T02:55:45.971+0000] {dag.py:3947} INFO - Setting next_dagrun for weather_hourly to 2025-12-29 01:15:00+00:00, run_after=2025-12-29 02:15:00+00:00
[2025-12-29T02:55:46.004+0000] {processor.py:183} INFO - Processing /opt/airflow/dags/weather_hourly.py took 0.497 seconds
[2025-12-29T02:56:16.358+0000] {processor.py:161} INFO - Started process (PID=206) to work on /opt/airflow/dags/weather_hourly.py
[2025-12-29T02:56:16.358+0000] {processor.py:830} INFO - Processing file /opt/airflow/dags/weather_hourly.py for tasks to queue
[2025-12-29T02:56:16.360+0000] {logging_mixin.py:188} INFO - [2025-12-29T02:56:16.360+0000] {dagbag.py:545} INFO - Filling up the DagBag from /opt/airflow/dags/weather_hourly.py
[2025-12-29T02:56:16.382+0000] {processor.py:840} INFO - DAG(s) 'weather_hourly' retrieved from /opt/airflow/dags/weather_hourly.py
[2025-12-29T02:56:16.416+0000] {logging_mixin.py:188} INFO - [2025-12-29T02:56:16.416+0000] {dag.py:3089} INFO - Sync 1 DAGs
[2025-12-29T02:56:16.440+0000] {logging_mixin.py:188} INFO - [2025-12-29T02:56:16.440+0000] {dag.py:3947} INFO - Setting next_dagrun for weather_hourly to 2025-12-29 01:15:00+00:00, run_after=2025-12-29 02:15:00+00:00
[2025-12-29T02:56:16.471+0000] {processor.py:183} INFO - Processing /opt/airflow/dags/weather_hourly.py took 0.119 seconds
[2025-12-29T02:56:46.688+0000] {processor.py:161} INFO - Started process (PID=231) to work on /opt/airflow/dags/weather_hourly.py
[2025-12-29T02:56:46.688+0000] {processor.py:830} INFO - Processing file /opt/airflow/dags/weather_hourly.py for tasks to queue
[2025-12-29T02:56:46.690+0000] {logging_mixin.py:188} INFO - [2025-12-29T02:56:46.689+0000] {dagbag.py:545} INFO - Filling up the DagBag from /opt/airflow/dags/weather_hourly.py
[2025-12-29T02:56:46.704+0000] {processor.py:840} INFO - DAG(s) 'weather_hourly' retrieved from /opt/airflow/dags/weather_hourly.py
[2025-12-29T02:56:46.733+0000] {logging_mixin.py:188} INFO - [2025-12-29T02:56:46.733+0000] {dag.py:3089} INFO - Sync 1 DAGs
[2025-12-29T02:56:46.753+0000] {logging_mixin.py:188} INFO - [2025-12-29T02:56:46.753+0000] {dag.py:3947} INFO - Setting next_dagrun for weather_hourly to 2025-12-29 01:15:00+00:00, run_after=2025-12-29 02:15:00+00:00
[2025-12-29T02:56:46.770+0000] {processor.py:183} INFO - Processing /opt/airflow/dags/weather_hourly.py took 0.087 seconds
[2025-12-29T02:57:16.974+0000] {processor.py:161} INFO - Started process (PID=248) to work on /opt/airflow/dags/weather_hourly.py
[2025-12-29T02:57:16.974+0000] {processor.py:830} INFO - Processing file /opt/airflow/dags/weather_hourly.py for tasks to queue
[2025-12-29T02:57:16.976+0000] {logging_mixin.py:188} INFO - [2025-12-29T02:57:16.975+0000] {dagbag.py:545} INFO - Filling up the DagBag from /opt/airflow/dags/weather_hourly.py
[2025-12-29T02:57:16.989+0000] {processor.py:840} INFO - DAG(s) 'weather_hourly' retrieved from /opt/airflow/dags/weather_hourly.py
[2025-12-29T02:57:17.017+0000] {logging_mixin.py:188} INFO - [2025-12-29T02:57:17.016+0000] {dag.py:3089} INFO - Sync 1 DAGs
[2025-12-29T02:57:17.036+0000] {logging_mixin.py:188} INFO - [2025-12-29T02:57:17.036+0000] {dag.py:3947} INFO - Setting next_dagrun for weather_hourly to 2025-12-29 01:15:00+00:00, run_after=2025-12-29 02:15:00+00:00
[2025-12-29T02:57:17.053+0000] {processor.py:183} INFO - Processing /opt/airflow/dags/weather_hourly.py took 0.083 seconds
[2025-12-29T02:57:47.258+0000] {processor.py:161} INFO - Started process (PID=258) to work on /opt/airflow/dags/weather_hourly.py
[2025-12-29T02:57:47.258+0000] {processor.py:830} INFO - Processing file /opt/airflow/dags/weather_hourly.py for tasks to queue
[2025-12-29T02:57:47.260+0000] {logging_mixin.py:188} INFO - [2025-12-29T02:57:47.259+0000] {dagbag.py:545} INFO - Filling up the DagBag from /opt/airflow/dags/weather_hourly.py
[2025-12-29T02:57:47.275+0000] {processor.py:840} INFO - DAG(s) 'weather_hourly' retrieved from /opt/airflow/dags/weather_hourly.py
[2025-12-29T02:57:47.302+0000] {logging_mixin.py:188} INFO - [2025-12-29T02:57:47.302+0000] {dag.py:3089} INFO - Sync 1 DAGs
[2025-12-29T02:57:47.323+0000] {logging_mixin.py:188} INFO - [2025-12-29T02:57:47.322+0000] {dag.py:3947} INFO - Setting next_dagrun for weather_hourly to 2025-12-29 01:15:00+00:00, run_after=2025-12-29 02:15:00+00:00
[2025-12-29T02:57:47.340+0000] {processor.py:183} INFO - Processing /opt/airflow/dags/weather_hourly.py took 0.086 seconds
[2025-12-29T02:58:17.546+0000] {processor.py:161} INFO - Started process (PID=268) to work on /opt/airflow/dags/weather_hourly.py
[2025-12-29T02:58:17.547+0000] {processor.py:830} INFO - Processing file /opt/airflow/dags/weather_hourly.py for tasks to queue
[2025-12-29T02:58:17.548+0000] {logging_mixin.py:188} INFO - [2025-12-29T02:58:17.548+0000] {dagbag.py:545} INFO - Filling up the DagBag from /opt/airflow/dags/weather_hourly.py
[2025-12-29T02:58:17.565+0000] {processor.py:840} INFO - DAG(s) 'weather_hourly' retrieved from /opt/airflow/dags/weather_hourly.py
[2025-12-29T02:58:17.596+0000] {logging_mixin.py:188} INFO - [2025-12-29T02:58:17.595+0000] {dag.py:3089} INFO - Sync 1 DAGs
[2025-12-29T02:58:17.619+0000] {logging_mixin.py:188} INFO - [2025-12-29T02:58:17.619+0000] {dag.py:3947} INFO - Setting next_dagrun for weather_hourly to 2025-12-29 01:15:00+00:00, run_after=2025-12-29 02:15:00+00:00
[2025-12-29T02:58:17.638+0000] {processor.py:183} INFO - Processing /opt/airflow/dags/weather_hourly.py took 0.097 seconds
[2025-12-29T02:58:47.843+0000] {processor.py:161} INFO - Started process (PID=278) to work on /opt/airflow/dags/weather_hourly.py
[2025-12-29T02:58:47.844+0000] {processor.py:830} INFO - Processing file /opt/airflow/dags/weather_hourly.py for tasks to queue
[2025-12-29T02:58:47.846+0000] {logging_mixin.py:188} INFO - [2025-12-29T02:58:47.845+0000] {dagbag.py:545} INFO - Filling up the DagBag from /opt/airflow/dags/weather_hourly.py
[2025-12-29T02:58:47.861+0000] {processor.py:840} INFO - DAG(s) 'weather_hourly' retrieved from /opt/airflow/dags/weather_hourly.py
[2025-12-29T02:58:47.894+0000] {logging_mixin.py:188} INFO - [2025-12-29T02:58:47.893+0000] {dag.py:3089} INFO - Sync 1 DAGs
[2025-12-29T02:58:47.916+0000] {logging_mixin.py:188} INFO - [2025-12-29T02:58:47.916+0000] {dag.py:3947} INFO - Setting next_dagrun for weather_hourly to 2025-12-29 01:15:00+00:00, run_after=2025-12-29 02:15:00+00:00
[2025-12-29T02:58:47.936+0000] {processor.py:183} INFO - Processing /opt/airflow/dags/weather_hourly.py took 0.097 seconds
[2025-12-29T02:59:18.141+0000] {processor.py:161} INFO - Started process (PID=309) to work on /opt/airflow/dags/weather_hourly.py
[2025-12-29T02:59:18.142+0000] {processor.py:830} INFO - Processing file /opt/airflow/dags/weather_hourly.py for tasks to queue
[2025-12-29T02:59:18.143+0000] {logging_mixin.py:188} INFO - [2025-12-29T02:59:18.143+0000] {dagbag.py:545} INFO - Filling up the DagBag from /opt/airflow/dags/weather_hourly.py
[2025-12-29T02:59:18.157+0000] {processor.py:840} INFO - DAG(s) 'weather_hourly' retrieved from /opt/airflow/dags/weather_hourly.py
[2025-12-29T02:59:18.184+0000] {logging_mixin.py:188} INFO - [2025-12-29T02:59:18.184+0000] {dag.py:3089} INFO - Sync 1 DAGs
[2025-12-29T02:59:18.204+0000] {logging_mixin.py:188} INFO - [2025-12-29T02:59:18.203+0000] {dag.py:3947} INFO - Setting next_dagrun for weather_hourly to 2025-12-29 01:15:00+00:00, run_after=2025-12-29 02:15:00+00:00
[2025-12-29T02:59:18.223+0000] {processor.py:183} INFO - Processing /opt/airflow/dags/weather_hourly.py took 0.087 seconds
[2025-12-29T02:59:48.436+0000] {processor.py:161} INFO - Started process (PID=319) to work on /opt/airflow/dags/weather_hourly.py
[2025-12-29T02:59:48.437+0000] {processor.py:830} INFO - Processing file /opt/airflow/dags/weather_hourly.py for tasks to queue
[2025-12-29T02:59:48.438+0000] {logging_mixin.py:188} INFO - [2025-12-29T02:59:48.438+0000] {dagbag.py:545} INFO - Filling up the DagBag from /opt/airflow/dags/weather_hourly.py
[2025-12-29T02:59:48.452+0000] {processor.py:840} INFO - DAG(s) 'weather_hourly' retrieved from /opt/airflow/dags/weather_hourly.py
[2025-12-29T02:59:48.479+0000] {logging_mixin.py:188} INFO - [2025-12-29T02:59:48.479+0000] {dag.py:3089} INFO - Sync 1 DAGs
[2025-12-29T02:59:48.501+0000] {logging_mixin.py:188} INFO - [2025-12-29T02:59:48.501+0000] {dag.py:3947} INFO - Setting next_dagrun for weather_hourly to 2025-12-29 01:15:00+00:00, run_after=2025-12-29 02:15:00+00:00
[2025-12-29T02:59:48.517+0000] {processor.py:183} INFO - Processing /opt/airflow/dags/weather_hourly.py took 0.085 seconds
[2025-12-29T03:00:18.717+0000] {processor.py:161} INFO - Started process (PID=329) to work on /opt/airflow/dags/weather_hourly.py
[2025-12-29T03:00:18.718+0000] {processor.py:830} INFO - Processing file /opt/airflow/dags/weather_hourly.py for tasks to queue
[2025-12-29T03:00:18.719+0000] {logging_mixin.py:188} INFO - [2025-12-29T03:00:18.719+0000] {dagbag.py:545} INFO - Filling up the DagBag from /opt/airflow/dags/weather_hourly.py
[2025-12-29T03:00:18.735+0000] {processor.py:840} INFO - DAG(s) 'weather_hourly' retrieved from /opt/airflow/dags/weather_hourly.py
[2025-12-29T03:00:18.765+0000] {logging_mixin.py:188} INFO - [2025-12-29T03:00:18.765+0000] {dag.py:3089} INFO - Sync 1 DAGs
[2025-12-29T03:00:18.789+0000] {logging_mixin.py:188} INFO - [2025-12-29T03:00:18.789+0000] {dag.py:3947} INFO - Setting next_dagrun for weather_hourly to 2025-12-29 01:15:00+00:00, run_after=2025-12-29 02:15:00+00:00
[2025-12-29T03:00:18.811+0000] {processor.py:183} INFO - Processing /opt/airflow/dags/weather_hourly.py took 0.099 seconds
[2025-12-29T03:00:49.056+0000] {processor.py:161} INFO - Started process (PID=339) to work on /opt/airflow/dags/weather_hourly.py
[2025-12-29T03:00:49.056+0000] {processor.py:830} INFO - Processing file /opt/airflow/dags/weather_hourly.py for tasks to queue
[2025-12-29T03:00:49.058+0000] {logging_mixin.py:188} INFO - [2025-12-29T03:00:49.058+0000] {dagbag.py:545} INFO - Filling up the DagBag from /opt/airflow/dags/weather_hourly.py
[2025-12-29T03:00:49.071+0000] {processor.py:840} INFO - DAG(s) 'weather_hourly' retrieved from /opt/airflow/dags/weather_hourly.py
[2025-12-29T03:00:49.098+0000] {logging_mixin.py:188} INFO - [2025-12-29T03:00:49.098+0000] {dag.py:3089} INFO - Sync 1 DAGs
[2025-12-29T03:00:49.118+0000] {logging_mixin.py:188} INFO - [2025-12-29T03:00:49.118+0000] {dag.py:3947} INFO - Setting next_dagrun for weather_hourly to 2025-12-29 01:15:00+00:00, run_after=2025-12-29 02:15:00+00:00
[2025-12-29T03:00:49.135+0000] {processor.py:183} INFO - Processing /opt/airflow/dags/weather_hourly.py took 0.084 seconds
[2025-12-29T03:01:19.357+0000] {processor.py:161} INFO - Started process (PID=354) to work on /opt/airflow/dags/weather_hourly.py
[2025-12-29T03:01:19.358+0000] {processor.py:830} INFO - Processing file /opt/airflow/dags/weather_hourly.py for tasks to queue
[2025-12-29T03:01:19.359+0000] {logging_mixin.py:188} INFO - [2025-12-29T03:01:19.359+0000] {dagbag.py:545} INFO - Filling up the DagBag from /opt/airflow/dags/weather_hourly.py
[2025-12-29T03:01:19.373+0000] {processor.py:840} INFO - DAG(s) 'weather_hourly' retrieved from /opt/airflow/dags/weather_hourly.py
[2025-12-29T03:01:19.398+0000] {logging_mixin.py:188} INFO - [2025-12-29T03:01:19.398+0000] {dag.py:3089} INFO - Sync 1 DAGs
[2025-12-29T03:01:19.415+0000] {logging_mixin.py:188} INFO - [2025-12-29T03:01:19.415+0000] {dag.py:3947} INFO - Setting next_dagrun for weather_hourly to 2025-12-29 01:15:00+00:00, run_after=2025-12-29 02:15:00+00:00
[2025-12-29T03:01:19.430+0000] {processor.py:183} INFO - Processing /opt/airflow/dags/weather_hourly.py took 0.077 seconds
[2025-12-29T03:01:49.641+0000] {processor.py:161} INFO - Started process (PID=366) to work on /opt/airflow/dags/weather_hourly.py
[2025-12-29T03:01:49.641+0000] {processor.py:830} INFO - Processing file /opt/airflow/dags/weather_hourly.py for tasks to queue
[2025-12-29T03:01:49.643+0000] {logging_mixin.py:188} INFO - [2025-12-29T03:01:49.643+0000] {dagbag.py:545} INFO - Filling up the DagBag from /opt/airflow/dags/weather_hourly.py
[2025-12-29T03:01:49.662+0000] {processor.py:840} INFO - DAG(s) 'weather_hourly' retrieved from /opt/airflow/dags/weather_hourly.py
[2025-12-29T03:01:49.693+0000] {logging_mixin.py:188} INFO - [2025-12-29T03:01:49.692+0000] {dag.py:3089} INFO - Sync 1 DAGs
[2025-12-29T03:01:49.716+0000] {logging_mixin.py:188} INFO - [2025-12-29T03:01:49.716+0000] {dag.py:3947} INFO - Setting next_dagrun for weather_hourly to 2025-12-29 01:15:00+00:00, run_after=2025-12-29 02:15:00+00:00
[2025-12-29T03:01:49.734+0000] {processor.py:183} INFO - Processing /opt/airflow/dags/weather_hourly.py took 0.099 seconds
[2025-12-29T03:02:19.942+0000] {processor.py:161} INFO - Started process (PID=378) to work on /opt/airflow/dags/weather_hourly.py
[2025-12-29T03:02:19.942+0000] {processor.py:830} INFO - Processing file /opt/airflow/dags/weather_hourly.py for tasks to queue
[2025-12-29T03:02:19.943+0000] {logging_mixin.py:188} INFO - [2025-12-29T03:02:19.943+0000] {dagbag.py:545} INFO - Filling up the DagBag from /opt/airflow/dags/weather_hourly.py
[2025-12-29T03:02:19.957+0000] {processor.py:840} INFO - DAG(s) 'weather_hourly' retrieved from /opt/airflow/dags/weather_hourly.py
[2025-12-29T03:02:19.982+0000] {logging_mixin.py:188} INFO - [2025-12-29T03:02:19.982+0000] {dag.py:3089} INFO - Sync 1 DAGs
[2025-12-29T03:02:20.000+0000] {logging_mixin.py:188} INFO - [2025-12-29T03:02:20.000+0000] {dag.py:3947} INFO - Setting next_dagrun for weather_hourly to 2025-12-29 01:15:00+00:00, run_after=2025-12-29 02:15:00+00:00
[2025-12-29T03:02:20.017+0000] {processor.py:183} INFO - Processing /opt/airflow/dags/weather_hourly.py took 0.079 seconds
[2025-12-29T03:02:50.223+0000] {processor.py:161} INFO - Started process (PID=392) to work on /opt/airflow/dags/weather_hourly.py
[2025-12-29T03:02:50.224+0000] {processor.py:830} INFO - Processing file /opt/airflow/dags/weather_hourly.py for tasks to queue
[2025-12-29T03:02:50.225+0000] {logging_mixin.py:188} INFO - [2025-12-29T03:02:50.225+0000] {dagbag.py:545} INFO - Filling up the DagBag from /opt/airflow/dags/weather_hourly.py
[2025-12-29T03:02:50.238+0000] {processor.py:840} INFO - DAG(s) 'weather_hourly' retrieved from /opt/airflow/dags/weather_hourly.py
[2025-12-29T03:02:50.263+0000] {logging_mixin.py:188} INFO - [2025-12-29T03:02:50.262+0000] {dag.py:3089} INFO - Sync 1 DAGs
[2025-12-29T03:02:50.281+0000] {logging_mixin.py:188} INFO - [2025-12-29T03:02:50.281+0000] {dag.py:3947} INFO - Setting next_dagrun for weather_hourly to 2025-12-29 01:15:00+00:00, run_after=2025-12-29 02:15:00+00:00
[2025-12-29T03:02:50.295+0000] {processor.py:183} INFO - Processing /opt/airflow/dags/weather_hourly.py took 0.076 seconds
[2025-12-29T03:03:20.507+0000] {processor.py:161} INFO - Started process (PID=402) to work on /opt/airflow/dags/weather_hourly.py
[2025-12-29T03:03:20.507+0000] {processor.py:830} INFO - Processing file /opt/airflow/dags/weather_hourly.py for tasks to queue
[2025-12-29T03:03:20.509+0000] {logging_mixin.py:188} INFO - [2025-12-29T03:03:20.509+0000] {dagbag.py:545} INFO - Filling up the DagBag from /opt/airflow/dags/weather_hourly.py
[2025-12-29T03:03:20.523+0000] {processor.py:840} INFO - DAG(s) 'weather_hourly' retrieved from /opt/airflow/dags/weather_hourly.py
[2025-12-29T03:03:20.546+0000] {logging_mixin.py:188} INFO - [2025-12-29T03:03:20.546+0000] {dag.py:3089} INFO - Sync 1 DAGs
[2025-12-29T03:03:20.562+0000] {logging_mixin.py:188} INFO - [2025-12-29T03:03:20.562+0000] {dag.py:3947} INFO - Setting next_dagrun for weather_hourly to 2025-12-29 01:15:00+00:00, run_after=2025-12-29 02:15:00+00:00
[2025-12-29T03:03:20.577+0000] {processor.py:183} INFO - Processing /opt/airflow/dags/weather_hourly.py took 0.074 seconds
[2025-12-29T03:03:50.784+0000] {processor.py:161} INFO - Started process (PID=412) to work on /opt/airflow/dags/weather_hourly.py
[2025-12-29T03:03:50.785+0000] {processor.py:830} INFO - Processing file /opt/airflow/dags/weather_hourly.py for tasks to queue
[2025-12-29T03:03:50.786+0000] {logging_mixin.py:188} INFO - [2025-12-29T03:03:50.786+0000] {dagbag.py:545} INFO - Filling up the DagBag from /opt/airflow/dags/weather_hourly.py
[2025-12-29T03:03:50.803+0000] {processor.py:840} INFO - DAG(s) 'weather_hourly' retrieved from /opt/airflow/dags/weather_hourly.py
[2025-12-29T03:03:50.831+0000] {logging_mixin.py:188} INFO - [2025-12-29T03:03:50.830+0000] {dag.py:3089} INFO - Sync 1 DAGs
[2025-12-29T03:03:50.849+0000] {logging_mixin.py:188} INFO - [2025-12-29T03:03:50.849+0000] {dag.py:3947} INFO - Setting next_dagrun for weather_hourly to 2025-12-29 01:15:00+00:00, run_after=2025-12-29 02:15:00+00:00
[2025-12-29T03:03:50.866+0000] {processor.py:183} INFO - Processing /opt/airflow/dags/weather_hourly.py took 0.087 seconds
[2025-12-29T03:04:21.071+0000] {processor.py:161} INFO - Started process (PID=422) to work on /opt/airflow/dags/weather_hourly.py
[2025-12-29T03:04:21.072+0000] {processor.py:830} INFO - Processing file /opt/airflow/dags/weather_hourly.py for tasks to queue
[2025-12-29T03:04:21.074+0000] {logging_mixin.py:188} INFO - [2025-12-29T03:04:21.074+0000] {dagbag.py:545} INFO - Filling up the DagBag from /opt/airflow/dags/weather_hourly.py
[2025-12-29T03:04:21.090+0000] {processor.py:840} INFO - DAG(s) 'weather_hourly' retrieved from /opt/airflow/dags/weather_hourly.py
[2025-12-29T03:04:21.117+0000] {logging_mixin.py:188} INFO - [2025-12-29T03:04:21.117+0000] {dag.py:3089} INFO - Sync 1 DAGs
[2025-12-29T03:04:21.137+0000] {logging_mixin.py:188} INFO - [2025-12-29T03:04:21.137+0000] {dag.py:3947} INFO - Setting next_dagrun for weather_hourly to 2025-12-29 01:15:00+00:00, run_after=2025-12-29 02:15:00+00:00
[2025-12-29T03:04:21.154+0000] {processor.py:183} INFO - Processing /opt/airflow/dags/weather_hourly.py took 0.087 seconds
[2025-12-29T03:04:51.360+0000] {processor.py:161} INFO - Started process (PID=432) to work on /opt/airflow/dags/weather_hourly.py
[2025-12-29T03:04:51.361+0000] {processor.py:830} INFO - Processing file /opt/airflow/dags/weather_hourly.py for tasks to queue
[2025-12-29T03:04:51.362+0000] {logging_mixin.py:188} INFO - [2025-12-29T03:04:51.362+0000] {dagbag.py:545} INFO - Filling up the DagBag from /opt/airflow/dags/weather_hourly.py
[2025-12-29T03:04:51.376+0000] {processor.py:840} INFO - DAG(s) 'weather_hourly' retrieved from /opt/airflow/dags/weather_hourly.py
[2025-12-29T03:04:51.403+0000] {logging_mixin.py:188} INFO - [2025-12-29T03:04:51.403+0000] {dag.py:3089} INFO - Sync 1 DAGs
[2025-12-29T03:04:51.422+0000] {logging_mixin.py:188} INFO - [2025-12-29T03:04:51.422+0000] {dag.py:3947} INFO - Setting next_dagrun for weather_hourly to 2025-12-29 01:15:00+00:00, run_after=2025-12-29 02:15:00+00:00
[2025-12-29T03:04:51.440+0000] {processor.py:183} INFO - Processing /opt/airflow/dags/weather_hourly.py took 0.084 seconds
[2025-12-29T03:05:21.652+0000] {processor.py:161} INFO - Started process (PID=442) to work on /opt/airflow/dags/weather_hourly.py
[2025-12-29T03:05:21.653+0000] {processor.py:830} INFO - Processing file /opt/airflow/dags/weather_hourly.py for tasks to queue
[2025-12-29T03:05:21.655+0000] {logging_mixin.py:188} INFO - [2025-12-29T03:05:21.654+0000] {dagbag.py:545} INFO - Filling up the DagBag from /opt/airflow/dags/weather_hourly.py
[2025-12-29T03:05:21.671+0000] {processor.py:840} INFO - DAG(s) 'weather_hourly' retrieved from /opt/airflow/dags/weather_hourly.py
[2025-12-29T03:05:21.697+0000] {logging_mixin.py:188} INFO - [2025-12-29T03:05:21.697+0000] {dag.py:3089} INFO - Sync 1 DAGs
[2025-12-29T03:05:21.718+0000] {logging_mixin.py:188} INFO - [2025-12-29T03:05:21.718+0000] {dag.py:3947} INFO - Setting next_dagrun for weather_hourly to 2025-12-29 01:15:00+00:00, run_after=2025-12-29 02:15:00+00:00
[2025-12-29T03:05:21.734+0000] {processor.py:183} INFO - Processing /opt/airflow/dags/weather_hourly.py took 0.087 seconds
[2025-12-29T03:05:51.974+0000] {processor.py:161} INFO - Started process (PID=452) to work on /opt/airflow/dags/weather_hourly.py
[2025-12-29T03:05:51.975+0000] {processor.py:830} INFO - Processing file /opt/airflow/dags/weather_hourly.py for tasks to queue
[2025-12-29T03:05:51.976+0000] {logging_mixin.py:188} INFO - [2025-12-29T03:05:51.976+0000] {dagbag.py:545} INFO - Filling up the DagBag from /opt/airflow/dags/weather_hourly.py
[2025-12-29T03:05:51.990+0000] {processor.py:840} INFO - DAG(s) 'weather_hourly' retrieved from /opt/airflow/dags/weather_hourly.py
[2025-12-29T03:05:52.017+0000] {logging_mixin.py:188} INFO - [2025-12-29T03:05:52.017+0000] {dag.py:3089} INFO - Sync 1 DAGs
[2025-12-29T03:05:52.039+0000] {logging_mixin.py:188} INFO - [2025-12-29T03:05:52.038+0000] {dag.py:3947} INFO - Setting next_dagrun for weather_hourly to 2025-12-29 01:15:00+00:00, run_after=2025-12-29 02:15:00+00:00
[2025-12-29T03:05:52.058+0000] {processor.py:183} INFO - Processing /opt/airflow/dags/weather_hourly.py took 0.089 seconds
[2025-12-29T03:06:22.271+0000] {processor.py:161} INFO - Started process (PID=462) to work on /opt/airflow/dags/weather_hourly.py
[2025-12-29T03:06:22.272+0000] {processor.py:830} INFO - Processing file /opt/airflow/dags/weather_hourly.py for tasks to queue
[2025-12-29T03:06:22.274+0000] {logging_mixin.py:188} INFO - [2025-12-29T03:06:22.273+0000] {dagbag.py:545} INFO - Filling up the DagBag from /opt/airflow/dags/weather_hourly.py
[2025-12-29T03:06:22.290+0000] {processor.py:840} INFO - DAG(s) 'weather_hourly' retrieved from /opt/airflow/dags/weather_hourly.py
[2025-12-29T03:06:22.318+0000] {logging_mixin.py:188} INFO - [2025-12-29T03:06:22.318+0000] {dag.py:3089} INFO - Sync 1 DAGs
[2025-12-29T03:06:22.338+0000] {logging_mixin.py:188} INFO - [2025-12-29T03:06:22.338+0000] {dag.py:3947} INFO - Setting next_dagrun for weather_hourly to 2025-12-29 01:15:00+00:00, run_after=2025-12-29 02:15:00+00:00
[2025-12-29T03:06:22.355+0000] {processor.py:183} INFO - Processing /opt/airflow/dags/weather_hourly.py took 0.088 seconds
[2025-12-29T03:07:19.164+0000] {processor.py:161} INFO - Started process (PID=192) to work on /opt/airflow/dags/weather_hourly.py
[2025-12-29T03:07:19.165+0000] {processor.py:830} INFO - Processing file /opt/airflow/dags/weather_hourly.py for tasks to queue
[2025-12-29T03:07:19.166+0000] {logging_mixin.py:188} INFO - [2025-12-29T03:07:19.166+0000] {dagbag.py:545} INFO - Filling up the DagBag from /opt/airflow/dags/weather_hourly.py
[2025-12-29T03:07:19.184+0000] {processor.py:840} INFO - DAG(s) 'weather_hourly' retrieved from /opt/airflow/dags/weather_hourly.py
[2025-12-29T03:07:19.561+0000] {logging_mixin.py:188} INFO - [2025-12-29T03:07:19.560+0000] {override.py:1858} INFO - Created Permission View: can read on DAG:weather_hourly
[2025-12-29T03:07:19.570+0000] {logging_mixin.py:188} INFO - [2025-12-29T03:07:19.570+0000] {override.py:1858} INFO - Created Permission View: can delete on DAG:weather_hourly
[2025-12-29T03:07:19.576+0000] {logging_mixin.py:188} INFO - [2025-12-29T03:07:19.576+0000] {override.py:1858} INFO - Created Permission View: can edit on DAG:weather_hourly
[2025-12-29T03:07:19.576+0000] {logging_mixin.py:188} INFO - [2025-12-29T03:07:19.576+0000] {dag.py:3089} INFO - Sync 1 DAGs
[2025-12-29T03:07:19.586+0000] {logging_mixin.py:188} INFO - [2025-12-29T03:07:19.585+0000] {dag.py:3111} INFO - Creating ORM DAG for weather_hourly
[2025-12-29T03:07:19.596+0000] {logging_mixin.py:188} INFO - [2025-12-29T03:07:19.596+0000] {dag.py:3947} INFO - Setting next_dagrun for weather_hourly to 2025-12-29 01:15:00+00:00, run_after=2025-12-29 02:15:00+00:00
[2025-12-29T03:07:19.616+0000] {processor.py:183} INFO - Processing /opt/airflow/dags/weather_hourly.py took 0.457 seconds
[2025-12-29T03:07:49.822+0000] {processor.py:161} INFO - Started process (PID=208) to work on /opt/airflow/dags/weather_hourly.py
[2025-12-29T03:07:49.823+0000] {processor.py:830} INFO - Processing file /opt/airflow/dags/weather_hourly.py for tasks to queue
[2025-12-29T03:07:49.825+0000] {logging_mixin.py:188} INFO - [2025-12-29T03:07:49.825+0000] {dagbag.py:545} INFO - Filling up the DagBag from /opt/airflow/dags/weather_hourly.py
[2025-12-29T03:07:49.841+0000] {processor.py:840} INFO - DAG(s) 'weather_hourly' retrieved from /opt/airflow/dags/weather_hourly.py
[2025-12-29T03:07:49.868+0000] {logging_mixin.py:188} INFO - [2025-12-29T03:07:49.867+0000] {dag.py:3089} INFO - Sync 1 DAGs
[2025-12-29T03:07:49.888+0000] {logging_mixin.py:188} INFO - [2025-12-29T03:07:49.888+0000] {dag.py:3947} INFO - Setting next_dagrun for weather_hourly to 2025-12-29 02:15:00+00:00, run_after=2025-12-29 03:15:00+00:00
[2025-12-29T03:07:49.905+0000] {processor.py:183} INFO - Processing /opt/airflow/dags/weather_hourly.py took 0.088 seconds
[2025-12-29T03:08:20.112+0000] {processor.py:161} INFO - Started process (PID=243) to work on /opt/airflow/dags/weather_hourly.py
[2025-12-29T03:08:20.113+0000] {processor.py:830} INFO - Processing file /opt/airflow/dags/weather_hourly.py for tasks to queue
[2025-12-29T03:08:20.114+0000] {logging_mixin.py:188} INFO - [2025-12-29T03:08:20.114+0000] {dagbag.py:545} INFO - Filling up the DagBag from /opt/airflow/dags/weather_hourly.py
[2025-12-29T03:08:20.130+0000] {processor.py:840} INFO - DAG(s) 'weather_hourly' retrieved from /opt/airflow/dags/weather_hourly.py
[2025-12-29T03:08:20.159+0000] {logging_mixin.py:188} INFO - [2025-12-29T03:08:20.159+0000] {dag.py:3089} INFO - Sync 1 DAGs
[2025-12-29T03:08:20.182+0000] {logging_mixin.py:188} INFO - [2025-12-29T03:08:20.182+0000] {dag.py:3947} INFO - Setting next_dagrun for weather_hourly to 2025-12-29 02:15:00+00:00, run_after=2025-12-29 03:15:00+00:00
[2025-12-29T03:08:20.199+0000] {processor.py:183} INFO - Processing /opt/airflow/dags/weather_hourly.py took 0.091 seconds
[2025-12-29T03:08:50.401+0000] {processor.py:161} INFO - Started process (PID=253) to work on /opt/airflow/dags/weather_hourly.py
[2025-12-29T03:08:50.402+0000] {processor.py:830} INFO - Processing file /opt/airflow/dags/weather_hourly.py for tasks to queue
[2025-12-29T03:08:50.403+0000] {logging_mixin.py:188} INFO - [2025-12-29T03:08:50.403+0000] {dagbag.py:545} INFO - Filling up the DagBag from /opt/airflow/dags/weather_hourly.py
[2025-12-29T03:08:50.419+0000] {processor.py:840} INFO - DAG(s) 'weather_hourly' retrieved from /opt/airflow/dags/weather_hourly.py
[2025-12-29T03:08:50.447+0000] {logging_mixin.py:188} INFO - [2025-12-29T03:08:50.446+0000] {dag.py:3089} INFO - Sync 1 DAGs
[2025-12-29T03:08:50.467+0000] {logging_mixin.py:188} INFO - [2025-12-29T03:08:50.467+0000] {dag.py:3947} INFO - Setting next_dagrun for weather_hourly to 2025-12-29 02:15:00+00:00, run_after=2025-12-29 03:15:00+00:00
[2025-12-29T03:08:50.483+0000] {processor.py:183} INFO - Processing /opt/airflow/dags/weather_hourly.py took 0.086 seconds
[2025-12-29T03:09:20.692+0000] {processor.py:161} INFO - Started process (PID=263) to work on /opt/airflow/dags/weather_hourly.py
[2025-12-29T03:09:20.693+0000] {processor.py:830} INFO - Processing file /opt/airflow/dags/weather_hourly.py for tasks to queue
[2025-12-29T03:09:20.694+0000] {logging_mixin.py:188} INFO - [2025-12-29T03:09:20.694+0000] {dagbag.py:545} INFO - Filling up the DagBag from /opt/airflow/dags/weather_hourly.py
[2025-12-29T03:09:20.712+0000] {processor.py:840} INFO - DAG(s) 'weather_hourly' retrieved from /opt/airflow/dags/weather_hourly.py
[2025-12-29T03:09:20.742+0000] {logging_mixin.py:188} INFO - [2025-12-29T03:09:20.741+0000] {dag.py:3089} INFO - Sync 1 DAGs
[2025-12-29T03:09:20.770+0000] {logging_mixin.py:188} INFO - [2025-12-29T03:09:20.769+0000] {dag.py:3947} INFO - Setting next_dagrun for weather_hourly to 2025-12-29 02:15:00+00:00, run_after=2025-12-29 03:15:00+00:00
[2025-12-29T03:09:20.794+0000] {processor.py:183} INFO - Processing /opt/airflow/dags/weather_hourly.py took 0.106 seconds
[2025-12-29T03:09:51.003+0000] {processor.py:161} INFO - Started process (PID=273) to work on /opt/airflow/dags/weather_hourly.py
[2025-12-29T03:09:51.004+0000] {processor.py:830} INFO - Processing file /opt/airflow/dags/weather_hourly.py for tasks to queue
[2025-12-29T03:09:51.005+0000] {logging_mixin.py:188} INFO - [2025-12-29T03:09:51.005+0000] {dagbag.py:545} INFO - Filling up the DagBag from /opt/airflow/dags/weather_hourly.py
[2025-12-29T03:09:51.020+0000] {processor.py:840} INFO - DAG(s) 'weather_hourly' retrieved from /opt/airflow/dags/weather_hourly.py
[2025-12-29T03:09:51.046+0000] {logging_mixin.py:188} INFO - [2025-12-29T03:09:51.045+0000] {dag.py:3089} INFO - Sync 1 DAGs
[2025-12-29T03:09:51.065+0000] {logging_mixin.py:188} INFO - [2025-12-29T03:09:51.065+0000] {dag.py:3947} INFO - Setting next_dagrun for weather_hourly to 2025-12-29 02:15:00+00:00, run_after=2025-12-29 03:15:00+00:00
[2025-12-29T03:09:51.081+0000] {processor.py:183} INFO - Processing /opt/airflow/dags/weather_hourly.py took 0.082 seconds
[2025-12-29T03:10:21.294+0000] {processor.py:161} INFO - Started process (PID=283) to work on /opt/airflow/dags/weather_hourly.py
[2025-12-29T03:10:21.295+0000] {processor.py:830} INFO - Processing file /opt/airflow/dags/weather_hourly.py for tasks to queue
[2025-12-29T03:10:21.296+0000] {logging_mixin.py:188} INFO - [2025-12-29T03:10:21.296+0000] {dagbag.py:545} INFO - Filling up the DagBag from /opt/airflow/dags/weather_hourly.py
[2025-12-29T03:10:21.310+0000] {processor.py:840} INFO - DAG(s) 'weather_hourly' retrieved from /opt/airflow/dags/weather_hourly.py
[2025-12-29T03:10:21.335+0000] {logging_mixin.py:188} INFO - [2025-12-29T03:10:21.334+0000] {dag.py:3089} INFO - Sync 1 DAGs
[2025-12-29T03:10:21.353+0000] {logging_mixin.py:188} INFO - [2025-12-29T03:10:21.353+0000] {dag.py:3947} INFO - Setting next_dagrun for weather_hourly to 2025-12-29 02:15:00+00:00, run_after=2025-12-29 03:15:00+00:00
[2025-12-29T03:10:21.369+0000] {processor.py:183} INFO - Processing /opt/airflow/dags/weather_hourly.py took 0.079 seconds
[2025-12-29T03:10:51.566+0000] {processor.py:161} INFO - Started process (PID=290) to work on /opt/airflow/dags/weather_hourly.py
[2025-12-29T03:10:51.567+0000] {processor.py:830} INFO - Processing file /opt/airflow/dags/weather_hourly.py for tasks to queue
[2025-12-29T03:10:51.568+0000] {logging_mixin.py:188} INFO - [2025-12-29T03:10:51.568+0000] {dagbag.py:545} INFO - Filling up the DagBag from /opt/airflow/dags/weather_hourly.py
[2025-12-29T03:10:51.588+0000] {processor.py:840} INFO - DAG(s) 'weather_hourly' retrieved from /opt/airflow/dags/weather_hourly.py
[2025-12-29T03:10:51.612+0000] {logging_mixin.py:188} INFO - [2025-12-29T03:10:51.612+0000] {dag.py:3089} INFO - Sync 1 DAGs
[2025-12-29T03:10:51.633+0000] {logging_mixin.py:188} INFO - [2025-12-29T03:10:51.633+0000] {dag.py:3947} INFO - Setting next_dagrun for weather_hourly to 2025-12-29 02:15:00+00:00, run_after=2025-12-29 03:15:00+00:00
[2025-12-29T03:10:51.655+0000] {processor.py:183} INFO - Processing /opt/airflow/dags/weather_hourly.py took 0.093 seconds
[2025-12-29T03:11:38.341+0000] {processor.py:161} INFO - Started process (PID=189) to work on /opt/airflow/dags/weather_hourly.py
[2025-12-29T03:11:38.342+0000] {processor.py:830} INFO - Processing file /opt/airflow/dags/weather_hourly.py for tasks to queue
[2025-12-29T03:11:38.344+0000] {logging_mixin.py:188} INFO - [2025-12-29T03:11:38.344+0000] {dagbag.py:545} INFO - Filling up the DagBag from /opt/airflow/dags/weather_hourly.py
[2025-12-29T03:11:38.374+0000] {processor.py:840} INFO - DAG(s) 'weather_hourly' retrieved from /opt/airflow/dags/weather_hourly.py
[2025-12-29T03:11:38.762+0000] {logging_mixin.py:188} INFO - [2025-12-29T03:11:38.762+0000] {override.py:1858} INFO - Created Permission View: can delete on DAG:weather_hourly
[2025-12-29T03:11:38.772+0000] {logging_mixin.py:188} INFO - [2025-12-29T03:11:38.772+0000] {override.py:1858} INFO - Created Permission View: can edit on DAG:weather_hourly
[2025-12-29T03:11:38.778+0000] {logging_mixin.py:188} INFO - [2025-12-29T03:11:38.778+0000] {override.py:1858} INFO - Created Permission View: can read on DAG:weather_hourly
[2025-12-29T03:11:38.779+0000] {logging_mixin.py:188} INFO - [2025-12-29T03:11:38.779+0000] {dag.py:3089} INFO - Sync 1 DAGs
[2025-12-29T03:11:38.790+0000] {logging_mixin.py:188} INFO - [2025-12-29T03:11:38.789+0000] {dag.py:3111} INFO - Creating ORM DAG for weather_hourly
[2025-12-29T03:11:38.800+0000] {logging_mixin.py:188} INFO - [2025-12-29T03:11:38.800+0000] {dag.py:3947} INFO - Setting next_dagrun for weather_hourly to 2025-12-29 01:15:00+00:00, run_after=2025-12-29 02:15:00+00:00
[2025-12-29T03:11:38.821+0000] {processor.py:183} INFO - Processing /opt/airflow/dags/weather_hourly.py took 0.485 seconds
[2025-12-29T03:12:09.165+0000] {processor.py:161} INFO - Started process (PID=205) to work on /opt/airflow/dags/weather_hourly.py
[2025-12-29T03:12:09.166+0000] {processor.py:830} INFO - Processing file /opt/airflow/dags/weather_hourly.py for tasks to queue
[2025-12-29T03:12:09.167+0000] {logging_mixin.py:188} INFO - [2025-12-29T03:12:09.167+0000] {dagbag.py:545} INFO - Filling up the DagBag from /opt/airflow/dags/weather_hourly.py
[2025-12-29T03:12:09.184+0000] {processor.py:840} INFO - DAG(s) 'weather_hourly' retrieved from /opt/airflow/dags/weather_hourly.py
[2025-12-29T03:12:09.211+0000] {logging_mixin.py:188} INFO - [2025-12-29T03:12:09.211+0000] {dag.py:3089} INFO - Sync 1 DAGs
[2025-12-29T03:12:09.232+0000] {logging_mixin.py:188} INFO - [2025-12-29T03:12:09.232+0000] {dag.py:3947} INFO - Setting next_dagrun for weather_hourly to 2025-12-29 02:15:00+00:00, run_after=2025-12-29 03:15:00+00:00
[2025-12-29T03:12:09.252+0000] {processor.py:183} INFO - Processing /opt/airflow/dags/weather_hourly.py took 0.091 seconds
[2025-12-29T03:12:39.446+0000] {processor.py:161} INFO - Started process (PID=215) to work on /opt/airflow/dags/weather_hourly.py
[2025-12-29T03:12:39.447+0000] {processor.py:830} INFO - Processing file /opt/airflow/dags/weather_hourly.py for tasks to queue
[2025-12-29T03:12:39.448+0000] {logging_mixin.py:188} INFO - [2025-12-29T03:12:39.448+0000] {dagbag.py:545} INFO - Filling up the DagBag from /opt/airflow/dags/weather_hourly.py
[2025-12-29T03:12:39.464+0000] {processor.py:840} INFO - DAG(s) 'weather_hourly' retrieved from /opt/airflow/dags/weather_hourly.py
[2025-12-29T03:12:39.493+0000] {logging_mixin.py:188} INFO - [2025-12-29T03:12:39.493+0000] {dag.py:3089} INFO - Sync 1 DAGs
[2025-12-29T03:12:39.515+0000] {logging_mixin.py:188} INFO - [2025-12-29T03:12:39.515+0000] {dag.py:3947} INFO - Setting next_dagrun for weather_hourly to 2025-12-29 02:15:00+00:00, run_after=2025-12-29 03:15:00+00:00
[2025-12-29T03:12:39.533+0000] {processor.py:183} INFO - Processing /opt/airflow/dags/weather_hourly.py took 0.091 seconds
[2025-12-29T03:13:09.734+0000] {processor.py:161} INFO - Started process (PID=225) to work on /opt/airflow/dags/weather_hourly.py
[2025-12-29T03:13:09.735+0000] {processor.py:830} INFO - Processing file /opt/airflow/dags/weather_hourly.py for tasks to queue
[2025-12-29T03:13:09.736+0000] {logging_mixin.py:188} INFO - [2025-12-29T03:13:09.736+0000] {dagbag.py:545} INFO - Filling up the DagBag from /opt/airflow/dags/weather_hourly.py
[2025-12-29T03:13:09.752+0000] {processor.py:840} INFO - DAG(s) 'weather_hourly' retrieved from /opt/airflow/dags/weather_hourly.py
[2025-12-29T03:13:09.778+0000] {logging_mixin.py:188} INFO - [2025-12-29T03:13:09.777+0000] {dag.py:3089} INFO - Sync 1 DAGs
[2025-12-29T03:13:09.798+0000] {logging_mixin.py:188} INFO - [2025-12-29T03:13:09.798+0000] {dag.py:3947} INFO - Setting next_dagrun for weather_hourly to 2025-12-29 02:15:00+00:00, run_after=2025-12-29 03:15:00+00:00
[2025-12-29T03:13:09.816+0000] {processor.py:183} INFO - Processing /opt/airflow/dags/weather_hourly.py took 0.086 seconds
[2025-12-29T03:13:40.024+0000] {processor.py:161} INFO - Started process (PID=235) to work on /opt/airflow/dags/weather_hourly.py
[2025-12-29T03:13:40.025+0000] {processor.py:830} INFO - Processing file /opt/airflow/dags/weather_hourly.py for tasks to queue
[2025-12-29T03:13:40.027+0000] {logging_mixin.py:188} INFO - [2025-12-29T03:13:40.026+0000] {dagbag.py:545} INFO - Filling up the DagBag from /opt/airflow/dags/weather_hourly.py
[2025-12-29T03:13:40.045+0000] {processor.py:840} INFO - DAG(s) 'weather_hourly' retrieved from /opt/airflow/dags/weather_hourly.py
[2025-12-29T03:13:40.078+0000] {logging_mixin.py:188} INFO - [2025-12-29T03:13:40.077+0000] {dag.py:3089} INFO - Sync 1 DAGs
[2025-12-29T03:13:40.100+0000] {logging_mixin.py:188} INFO - [2025-12-29T03:13:40.099+0000] {dag.py:3947} INFO - Setting next_dagrun for weather_hourly to 2025-12-29 02:15:00+00:00, run_after=2025-12-29 03:15:00+00:00
[2025-12-29T03:13:40.118+0000] {processor.py:183} INFO - Processing /opt/airflow/dags/weather_hourly.py took 0.100 seconds
[2025-12-29T03:14:10.317+0000] {processor.py:161} INFO - Started process (PID=245) to work on /opt/airflow/dags/weather_hourly.py
[2025-12-29T03:14:10.317+0000] {processor.py:830} INFO - Processing file /opt/airflow/dags/weather_hourly.py for tasks to queue
[2025-12-29T03:14:10.319+0000] {logging_mixin.py:188} INFO - [2025-12-29T03:14:10.318+0000] {dagbag.py:545} INFO - Filling up the DagBag from /opt/airflow/dags/weather_hourly.py
[2025-12-29T03:14:10.332+0000] {processor.py:840} INFO - DAG(s) 'weather_hourly' retrieved from /opt/airflow/dags/weather_hourly.py
[2025-12-29T03:14:10.359+0000] {logging_mixin.py:188} INFO - [2025-12-29T03:14:10.359+0000] {dag.py:3089} INFO - Sync 1 DAGs
[2025-12-29T03:14:10.380+0000] {logging_mixin.py:188} INFO - [2025-12-29T03:14:10.380+0000] {dag.py:3947} INFO - Setting next_dagrun for weather_hourly to 2025-12-29 02:15:00+00:00, run_after=2025-12-29 03:15:00+00:00
[2025-12-29T03:14:10.396+0000] {processor.py:183} INFO - Processing /opt/airflow/dags/weather_hourly.py took 0.083 seconds
[2025-12-29T03:18:49.849+0000] {processor.py:161} INFO - Started process (PID=189) to work on /opt/airflow/dags/weather_hourly.py
[2025-12-29T03:18:49.850+0000] {processor.py:830} INFO - Processing file /opt/airflow/dags/weather_hourly.py for tasks to queue
[2025-12-29T03:18:49.852+0000] {logging_mixin.py:188} INFO - [2025-12-29T03:18:49.852+0000] {dagbag.py:545} INFO - Filling up the DagBag from /opt/airflow/dags/weather_hourly.py
[2025-12-29T03:18:49.878+0000] {processor.py:840} INFO - DAG(s) 'weather_hourly' retrieved from /opt/airflow/dags/weather_hourly.py
[2025-12-29T03:18:50.255+0000] {logging_mixin.py:188} INFO - [2025-12-29T03:18:50.255+0000] {override.py:1858} INFO - Created Permission View: can edit on DAG:weather_hourly
[2025-12-29T03:18:50.263+0000] {logging_mixin.py:188} INFO - [2025-12-29T03:18:50.263+0000] {override.py:1858} INFO - Created Permission View: can delete on DAG:weather_hourly
[2025-12-29T03:18:50.269+0000] {logging_mixin.py:188} INFO - [2025-12-29T03:18:50.269+0000] {override.py:1858} INFO - Created Permission View: can read on DAG:weather_hourly
[2025-12-29T03:18:50.270+0000] {logging_mixin.py:188} INFO - [2025-12-29T03:18:50.270+0000] {dag.py:3089} INFO - Sync 1 DAGs
[2025-12-29T03:18:50.279+0000] {logging_mixin.py:188} INFO - [2025-12-29T03:18:50.279+0000] {dag.py:3111} INFO - Creating ORM DAG for weather_hourly
[2025-12-29T03:18:50.290+0000] {logging_mixin.py:188} INFO - [2025-12-29T03:18:50.289+0000] {dag.py:3947} INFO - Setting next_dagrun for weather_hourly to 2025-12-29 02:15:00+00:00, run_after=2025-12-29 03:15:00+00:00
[2025-12-29T03:18:50.307+0000] {processor.py:183} INFO - Processing /opt/airflow/dags/weather_hourly.py took 0.464 seconds
[2025-12-29T03:19:20.650+0000] {processor.py:161} INFO - Started process (PID=205) to work on /opt/airflow/dags/weather_hourly.py
[2025-12-29T03:19:20.650+0000] {processor.py:830} INFO - Processing file /opt/airflow/dags/weather_hourly.py for tasks to queue
[2025-12-29T03:19:20.652+0000] {logging_mixin.py:188} INFO - [2025-12-29T03:19:20.651+0000] {dagbag.py:545} INFO - Filling up the DagBag from /opt/airflow/dags/weather_hourly.py
[2025-12-29T03:19:20.669+0000] {processor.py:840} INFO - DAG(s) 'weather_hourly' retrieved from /opt/airflow/dags/weather_hourly.py
[2025-12-29T03:19:20.697+0000] {logging_mixin.py:188} INFO - [2025-12-29T03:19:20.696+0000] {dag.py:3089} INFO - Sync 1 DAGs
[2025-12-29T03:19:20.717+0000] {logging_mixin.py:188} INFO - [2025-12-29T03:19:20.716+0000] {dag.py:3947} INFO - Setting next_dagrun for weather_hourly to 2025-12-29 03:15:00+00:00, run_after=2025-12-29 04:15:00+00:00
[2025-12-29T03:19:20.735+0000] {processor.py:183} INFO - Processing /opt/airflow/dags/weather_hourly.py took 0.090 seconds
[2025-12-29T03:19:50.937+0000] {processor.py:161} INFO - Started process (PID=215) to work on /opt/airflow/dags/weather_hourly.py
[2025-12-29T03:19:50.938+0000] {processor.py:830} INFO - Processing file /opt/airflow/dags/weather_hourly.py for tasks to queue
[2025-12-29T03:19:50.939+0000] {logging_mixin.py:188} INFO - [2025-12-29T03:19:50.939+0000] {dagbag.py:545} INFO - Filling up the DagBag from /opt/airflow/dags/weather_hourly.py
[2025-12-29T03:19:50.955+0000] {processor.py:840} INFO - DAG(s) 'weather_hourly' retrieved from /opt/airflow/dags/weather_hourly.py
[2025-12-29T03:19:50.983+0000] {logging_mixin.py:188} INFO - [2025-12-29T03:19:50.983+0000] {dag.py:3089} INFO - Sync 1 DAGs
[2025-12-29T03:19:51.003+0000] {logging_mixin.py:188} INFO - [2025-12-29T03:19:51.003+0000] {dag.py:3947} INFO - Setting next_dagrun for weather_hourly to 2025-12-29 03:15:00+00:00, run_after=2025-12-29 04:15:00+00:00
[2025-12-29T03:19:51.019+0000] {processor.py:183} INFO - Processing /opt/airflow/dags/weather_hourly.py took 0.087 seconds
[2025-12-29T03:20:21.130+0000] {processor.py:161} INFO - Started process (PID=225) to work on /opt/airflow/dags/weather_hourly.py
[2025-12-29T03:20:21.131+0000] {processor.py:830} INFO - Processing file /opt/airflow/dags/weather_hourly.py for tasks to queue
[2025-12-29T03:20:21.132+0000] {logging_mixin.py:188} INFO - [2025-12-29T03:20:21.132+0000] {dagbag.py:545} INFO - Filling up the DagBag from /opt/airflow/dags/weather_hourly.py
[2025-12-29T03:20:21.148+0000] {processor.py:840} INFO - DAG(s) 'weather_hourly' retrieved from /opt/airflow/dags/weather_hourly.py
[2025-12-29T03:20:21.178+0000] {logging_mixin.py:188} INFO - [2025-12-29T03:20:21.177+0000] {dag.py:3089} INFO - Sync 1 DAGs
[2025-12-29T03:20:21.199+0000] {logging_mixin.py:188} INFO - [2025-12-29T03:20:21.199+0000] {dag.py:3947} INFO - Setting next_dagrun for weather_hourly to 2025-12-29 03:15:00+00:00, run_after=2025-12-29 04:15:00+00:00
[2025-12-29T03:20:21.217+0000] {processor.py:183} INFO - Processing /opt/airflow/dags/weather_hourly.py took 0.091 seconds
[2025-12-29T03:20:51.422+0000] {processor.py:161} INFO - Started process (PID=235) to work on /opt/airflow/dags/weather_hourly.py
[2025-12-29T03:20:51.423+0000] {processor.py:830} INFO - Processing file /opt/airflow/dags/weather_hourly.py for tasks to queue
[2025-12-29T03:20:51.424+0000] {logging_mixin.py:188} INFO - [2025-12-29T03:20:51.424+0000] {dagbag.py:545} INFO - Filling up the DagBag from /opt/airflow/dags/weather_hourly.py
[2025-12-29T03:20:51.439+0000] {processor.py:840} INFO - DAG(s) 'weather_hourly' retrieved from /opt/airflow/dags/weather_hourly.py
[2025-12-29T03:20:51.467+0000] {logging_mixin.py:188} INFO - [2025-12-29T03:20:51.467+0000] {dag.py:3089} INFO - Sync 1 DAGs
[2025-12-29T03:20:51.487+0000] {logging_mixin.py:188} INFO - [2025-12-29T03:20:51.487+0000] {dag.py:3947} INFO - Setting next_dagrun for weather_hourly to 2025-12-29 03:15:00+00:00, run_after=2025-12-29 04:15:00+00:00
[2025-12-29T03:20:51.505+0000] {processor.py:183} INFO - Processing /opt/airflow/dags/weather_hourly.py took 0.088 seconds
[2025-12-29T03:21:21.705+0000] {processor.py:161} INFO - Started process (PID=245) to work on /opt/airflow/dags/weather_hourly.py
[2025-12-29T03:21:21.705+0000] {processor.py:830} INFO - Processing file /opt/airflow/dags/weather_hourly.py for tasks to queue
[2025-12-29T03:21:21.706+0000] {logging_mixin.py:188} INFO - [2025-12-29T03:21:21.706+0000] {dagbag.py:545} INFO - Filling up the DagBag from /opt/airflow/dags/weather_hourly.py
[2025-12-29T03:21:21.719+0000] {processor.py:840} INFO - DAG(s) 'weather_hourly' retrieved from /opt/airflow/dags/weather_hourly.py
[2025-12-29T03:21:21.747+0000] {logging_mixin.py:188} INFO - [2025-12-29T03:21:21.746+0000] {dag.py:3089} INFO - Sync 1 DAGs
[2025-12-29T03:21:21.767+0000] {logging_mixin.py:188} INFO - [2025-12-29T03:21:21.766+0000] {dag.py:3947} INFO - Setting next_dagrun for weather_hourly to 2025-12-29 03:15:00+00:00, run_after=2025-12-29 04:15:00+00:00
[2025-12-29T03:21:21.783+0000] {processor.py:183} INFO - Processing /opt/airflow/dags/weather_hourly.py took 0.082 seconds
[2025-12-29T03:21:51.983+0000] {processor.py:161} INFO - Started process (PID=255) to work on /opt/airflow/dags/weather_hourly.py
[2025-12-29T03:21:51.984+0000] {processor.py:830} INFO - Processing file /opt/airflow/dags/weather_hourly.py for tasks to queue
[2025-12-29T03:21:51.985+0000] {logging_mixin.py:188} INFO - [2025-12-29T03:21:51.985+0000] {dagbag.py:545} INFO - Filling up the DagBag from /opt/airflow/dags/weather_hourly.py
[2025-12-29T03:21:52.000+0000] {processor.py:840} INFO - DAG(s) 'weather_hourly' retrieved from /opt/airflow/dags/weather_hourly.py
[2025-12-29T03:21:52.028+0000] {logging_mixin.py:188} INFO - [2025-12-29T03:21:52.028+0000] {dag.py:3089} INFO - Sync 1 DAGs
[2025-12-29T03:21:52.049+0000] {logging_mixin.py:188} INFO - [2025-12-29T03:21:52.049+0000] {dag.py:3947} INFO - Setting next_dagrun for weather_hourly to 2025-12-29 03:15:00+00:00, run_after=2025-12-29 04:15:00+00:00
[2025-12-29T03:21:52.068+0000] {processor.py:183} INFO - Processing /opt/airflow/dags/weather_hourly.py took 0.089 seconds
[2025-12-29T03:22:22.275+0000] {processor.py:161} INFO - Started process (PID=265) to work on /opt/airflow/dags/weather_hourly.py
[2025-12-29T03:22:22.275+0000] {processor.py:830} INFO - Processing file /opt/airflow/dags/weather_hourly.py for tasks to queue
[2025-12-29T03:22:22.277+0000] {logging_mixin.py:188} INFO - [2025-12-29T03:22:22.276+0000] {dagbag.py:545} INFO - Filling up the DagBag from /opt/airflow/dags/weather_hourly.py
[2025-12-29T03:22:22.291+0000] {processor.py:840} INFO - DAG(s) 'weather_hourly' retrieved from /opt/airflow/dags/weather_hourly.py
[2025-12-29T03:22:22.319+0000] {logging_mixin.py:188} INFO - [2025-12-29T03:22:22.319+0000] {dag.py:3089} INFO - Sync 1 DAGs
[2025-12-29T03:22:22.342+0000] {logging_mixin.py:188} INFO - [2025-12-29T03:22:22.341+0000] {dag.py:3947} INFO - Setting next_dagrun for weather_hourly to 2025-12-29 03:15:00+00:00, run_after=2025-12-29 04:15:00+00:00
[2025-12-29T03:22:22.362+0000] {processor.py:183} INFO - Processing /opt/airflow/dags/weather_hourly.py took 0.091 seconds
[2025-12-29T03:22:52.575+0000] {processor.py:161} INFO - Started process (PID=275) to work on /opt/airflow/dags/weather_hourly.py
[2025-12-29T03:22:52.576+0000] {processor.py:830} INFO - Processing file /opt/airflow/dags/weather_hourly.py for tasks to queue
[2025-12-29T03:22:52.578+0000] {logging_mixin.py:188} INFO - [2025-12-29T03:22:52.577+0000] {dagbag.py:545} INFO - Filling up the DagBag from /opt/airflow/dags/weather_hourly.py
[2025-12-29T03:22:52.591+0000] {processor.py:840} INFO - DAG(s) 'weather_hourly' retrieved from /opt/airflow/dags/weather_hourly.py
[2025-12-29T03:22:52.618+0000] {logging_mixin.py:188} INFO - [2025-12-29T03:22:52.618+0000] {dag.py:3089} INFO - Sync 1 DAGs
[2025-12-29T03:22:52.639+0000] {logging_mixin.py:188} INFO - [2025-12-29T03:22:52.639+0000] {dag.py:3947} INFO - Setting next_dagrun for weather_hourly to 2025-12-29 03:15:00+00:00, run_after=2025-12-29 04:15:00+00:00
[2025-12-29T03:22:52.655+0000] {processor.py:183} INFO - Processing /opt/airflow/dags/weather_hourly.py took 0.085 seconds
[2025-12-29T03:23:22.864+0000] {processor.py:161} INFO - Started process (PID=285) to work on /opt/airflow/dags/weather_hourly.py
[2025-12-29T03:23:22.865+0000] {processor.py:830} INFO - Processing file /opt/airflow/dags/weather_hourly.py for tasks to queue
[2025-12-29T03:23:22.866+0000] {logging_mixin.py:188} INFO - [2025-12-29T03:23:22.866+0000] {dagbag.py:545} INFO - Filling up the DagBag from /opt/airflow/dags/weather_hourly.py
[2025-12-29T03:23:22.881+0000] {processor.py:840} INFO - DAG(s) 'weather_hourly' retrieved from /opt/airflow/dags/weather_hourly.py
[2025-12-29T03:23:22.910+0000] {logging_mixin.py:188} INFO - [2025-12-29T03:23:22.910+0000] {dag.py:3089} INFO - Sync 1 DAGs
[2025-12-29T03:23:22.936+0000] {logging_mixin.py:188} INFO - [2025-12-29T03:23:22.936+0000] {dag.py:3947} INFO - Setting next_dagrun for weather_hourly to 2025-12-29 03:15:00+00:00, run_after=2025-12-29 04:15:00+00:00
[2025-12-29T03:23:22.957+0000] {processor.py:183} INFO - Processing /opt/airflow/dags/weather_hourly.py took 0.098 seconds
[2025-12-29T03:23:53.189+0000] {processor.py:161} INFO - Started process (PID=295) to work on /opt/airflow/dags/weather_hourly.py
[2025-12-29T03:23:53.190+0000] {processor.py:830} INFO - Processing file /opt/airflow/dags/weather_hourly.py for tasks to queue
[2025-12-29T03:23:53.191+0000] {logging_mixin.py:188} INFO - [2025-12-29T03:23:53.191+0000] {dagbag.py:545} INFO - Filling up the DagBag from /opt/airflow/dags/weather_hourly.py
[2025-12-29T03:23:53.204+0000] {processor.py:840} INFO - DAG(s) 'weather_hourly' retrieved from /opt/airflow/dags/weather_hourly.py
[2025-12-29T03:23:53.229+0000] {logging_mixin.py:188} INFO - [2025-12-29T03:23:53.229+0000] {dag.py:3089} INFO - Sync 1 DAGs
[2025-12-29T03:23:53.249+0000] {logging_mixin.py:188} INFO - [2025-12-29T03:23:53.249+0000] {dag.py:3947} INFO - Setting next_dagrun for weather_hourly to 2025-12-29 03:15:00+00:00, run_after=2025-12-29 04:15:00+00:00
[2025-12-29T03:23:53.265+0000] {processor.py:183} INFO - Processing /opt/airflow/dags/weather_hourly.py took 0.080 seconds
[2025-12-29T03:24:23.465+0000] {processor.py:161} INFO - Started process (PID=305) to work on /opt/airflow/dags/weather_hourly.py
[2025-12-29T03:24:23.466+0000] {processor.py:830} INFO - Processing file /opt/airflow/dags/weather_hourly.py for tasks to queue
[2025-12-29T03:24:23.467+0000] {logging_mixin.py:188} INFO - [2025-12-29T03:24:23.467+0000] {dagbag.py:545} INFO - Filling up the DagBag from /opt/airflow/dags/weather_hourly.py
[2025-12-29T03:24:23.481+0000] {processor.py:840} INFO - DAG(s) 'weather_hourly' retrieved from /opt/airflow/dags/weather_hourly.py
[2025-12-29T03:24:23.508+0000] {logging_mixin.py:188} INFO - [2025-12-29T03:24:23.507+0000] {dag.py:3089} INFO - Sync 1 DAGs
[2025-12-29T03:24:23.529+0000] {logging_mixin.py:188} INFO - [2025-12-29T03:24:23.529+0000] {dag.py:3947} INFO - Setting next_dagrun for weather_hourly to 2025-12-29 03:15:00+00:00, run_after=2025-12-29 04:15:00+00:00
[2025-12-29T03:24:23.546+0000] {processor.py:183} INFO - Processing /opt/airflow/dags/weather_hourly.py took 0.085 seconds
[2025-12-29T03:24:53.762+0000] {processor.py:161} INFO - Started process (PID=315) to work on /opt/airflow/dags/weather_hourly.py
[2025-12-29T03:24:53.763+0000] {processor.py:830} INFO - Processing file /opt/airflow/dags/weather_hourly.py for tasks to queue
[2025-12-29T03:24:53.765+0000] {logging_mixin.py:188} INFO - [2025-12-29T03:24:53.764+0000] {dagbag.py:545} INFO - Filling up the DagBag from /opt/airflow/dags/weather_hourly.py
[2025-12-29T03:24:53.783+0000] {processor.py:840} INFO - DAG(s) 'weather_hourly' retrieved from /opt/airflow/dags/weather_hourly.py
[2025-12-29T03:24:53.810+0000] {logging_mixin.py:188} INFO - [2025-12-29T03:24:53.810+0000] {dag.py:3089} INFO - Sync 1 DAGs
[2025-12-29T03:24:53.832+0000] {logging_mixin.py:188} INFO - [2025-12-29T03:24:53.832+0000] {dag.py:3947} INFO - Setting next_dagrun for weather_hourly to 2025-12-29 03:15:00+00:00, run_after=2025-12-29 04:15:00+00:00
[2025-12-29T03:24:53.850+0000] {processor.py:183} INFO - Processing /opt/airflow/dags/weather_hourly.py took 0.094 seconds
[2025-12-29T03:25:24.060+0000] {processor.py:161} INFO - Started process (PID=325) to work on /opt/airflow/dags/weather_hourly.py
[2025-12-29T03:25:24.061+0000] {processor.py:830} INFO - Processing file /opt/airflow/dags/weather_hourly.py for tasks to queue
[2025-12-29T03:25:24.063+0000] {logging_mixin.py:188} INFO - [2025-12-29T03:25:24.063+0000] {dagbag.py:545} INFO - Filling up the DagBag from /opt/airflow/dags/weather_hourly.py
[2025-12-29T03:25:24.077+0000] {processor.py:840} INFO - DAG(s) 'weather_hourly' retrieved from /opt/airflow/dags/weather_hourly.py
[2025-12-29T03:25:24.101+0000] {logging_mixin.py:188} INFO - [2025-12-29T03:25:24.101+0000] {dag.py:3089} INFO - Sync 1 DAGs
[2025-12-29T03:25:24.122+0000] {logging_mixin.py:188} INFO - [2025-12-29T03:25:24.122+0000] {dag.py:3947} INFO - Setting next_dagrun for weather_hourly to 2025-12-29 03:15:00+00:00, run_after=2025-12-29 04:15:00+00:00
[2025-12-29T03:25:24.141+0000] {processor.py:183} INFO - Processing /opt/airflow/dags/weather_hourly.py took 0.085 seconds
[2025-12-29T03:25:54.345+0000] {processor.py:161} INFO - Started process (PID=335) to work on /opt/airflow/dags/weather_hourly.py
[2025-12-29T03:25:54.346+0000] {processor.py:830} INFO - Processing file /opt/airflow/dags/weather_hourly.py for tasks to queue
[2025-12-29T03:25:54.347+0000] {logging_mixin.py:188} INFO - [2025-12-29T03:25:54.347+0000] {dagbag.py:545} INFO - Filling up the DagBag from /opt/airflow/dags/weather_hourly.py
[2025-12-29T03:25:54.360+0000] {processor.py:840} INFO - DAG(s) 'weather_hourly' retrieved from /opt/airflow/dags/weather_hourly.py
[2025-12-29T03:25:54.385+0000] {logging_mixin.py:188} INFO - [2025-12-29T03:25:54.384+0000] {dag.py:3089} INFO - Sync 1 DAGs
[2025-12-29T03:25:54.406+0000] {logging_mixin.py:188} INFO - [2025-12-29T03:25:54.405+0000] {dag.py:3947} INFO - Setting next_dagrun for weather_hourly to 2025-12-29 03:15:00+00:00, run_after=2025-12-29 04:15:00+00:00
[2025-12-29T03:25:54.422+0000] {processor.py:183} INFO - Processing /opt/airflow/dags/weather_hourly.py took 0.081 seconds
[2025-12-29T03:26:24.632+0000] {processor.py:161} INFO - Started process (PID=345) to work on /opt/airflow/dags/weather_hourly.py
[2025-12-29T03:26:24.633+0000] {processor.py:830} INFO - Processing file /opt/airflow/dags/weather_hourly.py for tasks to queue
[2025-12-29T03:26:24.634+0000] {logging_mixin.py:188} INFO - [2025-12-29T03:26:24.634+0000] {dagbag.py:545} INFO - Filling up the DagBag from /opt/airflow/dags/weather_hourly.py
[2025-12-29T03:26:24.652+0000] {processor.py:840} INFO - DAG(s) 'weather_hourly' retrieved from /opt/airflow/dags/weather_hourly.py
[2025-12-29T03:26:24.681+0000] {logging_mixin.py:188} INFO - [2025-12-29T03:26:24.681+0000] {dag.py:3089} INFO - Sync 1 DAGs
[2025-12-29T03:26:24.704+0000] {logging_mixin.py:188} INFO - [2025-12-29T03:26:24.704+0000] {dag.py:3947} INFO - Setting next_dagrun for weather_hourly to 2025-12-29 03:15:00+00:00, run_after=2025-12-29 04:15:00+00:00
[2025-12-29T03:26:24.723+0000] {processor.py:183} INFO - Processing /opt/airflow/dags/weather_hourly.py took 0.097 seconds
[2025-12-29T03:29:37.787+0000] {processor.py:161} INFO - Started process (PID=189) to work on /opt/airflow/dags/weather_hourly.py
[2025-12-29T03:29:37.788+0000] {processor.py:830} INFO - Processing file /opt/airflow/dags/weather_hourly.py for tasks to queue
[2025-12-29T03:29:37.790+0000] {logging_mixin.py:188} INFO - [2025-12-29T03:29:37.790+0000] {dagbag.py:545} INFO - Filling up the DagBag from /opt/airflow/dags/weather_hourly.py
[2025-12-29T03:29:37.810+0000] {processor.py:840} INFO - DAG(s) 'weather_hourly' retrieved from /opt/airflow/dags/weather_hourly.py
[2025-12-29T03:29:38.162+0000] {logging_mixin.py:188} INFO - [2025-12-29T03:29:38.161+0000] {override.py:1858} INFO - Created Permission View: can delete on DAG:weather_hourly
[2025-12-29T03:29:38.170+0000] {logging_mixin.py:188} INFO - [2025-12-29T03:29:38.170+0000] {override.py:1858} INFO - Created Permission View: can read on DAG:weather_hourly
[2025-12-29T03:29:38.175+0000] {logging_mixin.py:188} INFO - [2025-12-29T03:29:38.175+0000] {override.py:1858} INFO - Created Permission View: can edit on DAG:weather_hourly
[2025-12-29T03:29:38.175+0000] {logging_mixin.py:188} INFO - [2025-12-29T03:29:38.175+0000] {dag.py:3089} INFO - Sync 1 DAGs
[2025-12-29T03:29:38.184+0000] {logging_mixin.py:188} INFO - [2025-12-29T03:29:38.184+0000] {dag.py:3111} INFO - Creating ORM DAG for weather_hourly
[2025-12-29T03:29:38.192+0000] {logging_mixin.py:188} INFO - [2025-12-29T03:29:38.192+0000] {dag.py:3947} INFO - Setting next_dagrun for weather_hourly to 2025-12-29 02:15:00+00:00, run_after=2025-12-29 03:15:00+00:00
[2025-12-29T03:29:38.211+0000] {processor.py:183} INFO - Processing /opt/airflow/dags/weather_hourly.py took 0.429 seconds
[2025-12-29T03:30:08.565+0000] {processor.py:161} INFO - Started process (PID=205) to work on /opt/airflow/dags/weather_hourly.py
[2025-12-29T03:30:08.566+0000] {processor.py:830} INFO - Processing file /opt/airflow/dags/weather_hourly.py for tasks to queue
[2025-12-29T03:30:08.568+0000] {logging_mixin.py:188} INFO - [2025-12-29T03:30:08.567+0000] {dagbag.py:545} INFO - Filling up the DagBag from /opt/airflow/dags/weather_hourly.py
[2025-12-29T03:30:08.584+0000] {processor.py:840} INFO - DAG(s) 'weather_hourly' retrieved from /opt/airflow/dags/weather_hourly.py
[2025-12-29T03:30:08.618+0000] {logging_mixin.py:188} INFO - [2025-12-29T03:30:08.618+0000] {dag.py:3089} INFO - Sync 1 DAGs
[2025-12-29T03:30:08.643+0000] {logging_mixin.py:188} INFO - [2025-12-29T03:30:08.643+0000] {dag.py:3947} INFO - Setting next_dagrun for weather_hourly to 2025-12-29 03:15:00+00:00, run_after=2025-12-29 04:15:00+00:00
[2025-12-29T03:30:08.665+0000] {processor.py:183} INFO - Processing /opt/airflow/dags/weather_hourly.py took 0.106 seconds
[2025-12-29T03:30:38.875+0000] {processor.py:161} INFO - Started process (PID=215) to work on /opt/airflow/dags/weather_hourly.py
[2025-12-29T03:30:38.876+0000] {processor.py:830} INFO - Processing file /opt/airflow/dags/weather_hourly.py for tasks to queue
[2025-12-29T03:30:38.878+0000] {logging_mixin.py:188} INFO - [2025-12-29T03:30:38.878+0000] {dagbag.py:545} INFO - Filling up the DagBag from /opt/airflow/dags/weather_hourly.py
[2025-12-29T03:30:38.894+0000] {processor.py:840} INFO - DAG(s) 'weather_hourly' retrieved from /opt/airflow/dags/weather_hourly.py
[2025-12-29T03:30:38.923+0000] {logging_mixin.py:188} INFO - [2025-12-29T03:30:38.922+0000] {dag.py:3089} INFO - Sync 1 DAGs
[2025-12-29T03:30:38.944+0000] {logging_mixin.py:188} INFO - [2025-12-29T03:30:38.944+0000] {dag.py:3947} INFO - Setting next_dagrun for weather_hourly to 2025-12-29 03:15:00+00:00, run_after=2025-12-29 04:15:00+00:00
[2025-12-29T03:30:38.961+0000] {processor.py:183} INFO - Processing /opt/airflow/dags/weather_hourly.py took 0.092 seconds
[2025-12-29T03:31:09.071+0000] {processor.py:161} INFO - Started process (PID=225) to work on /opt/airflow/dags/weather_hourly.py
[2025-12-29T03:31:09.071+0000] {processor.py:830} INFO - Processing file /opt/airflow/dags/weather_hourly.py for tasks to queue
[2025-12-29T03:31:09.073+0000] {logging_mixin.py:188} INFO - [2025-12-29T03:31:09.072+0000] {dagbag.py:545} INFO - Filling up the DagBag from /opt/airflow/dags/weather_hourly.py
[2025-12-29T03:31:09.088+0000] {processor.py:840} INFO - DAG(s) 'weather_hourly' retrieved from /opt/airflow/dags/weather_hourly.py
[2025-12-29T03:31:09.117+0000] {logging_mixin.py:188} INFO - [2025-12-29T03:31:09.116+0000] {dag.py:3089} INFO - Sync 1 DAGs
[2025-12-29T03:31:09.138+0000] {logging_mixin.py:188} INFO - [2025-12-29T03:31:09.138+0000] {dag.py:3947} INFO - Setting next_dagrun for weather_hourly to 2025-12-29 03:15:00+00:00, run_after=2025-12-29 04:15:00+00:00
[2025-12-29T03:31:09.155+0000] {processor.py:183} INFO - Processing /opt/airflow/dags/weather_hourly.py took 0.089 seconds
[2025-12-29T03:31:39.362+0000] {processor.py:161} INFO - Started process (PID=235) to work on /opt/airflow/dags/weather_hourly.py
[2025-12-29T03:31:39.362+0000] {processor.py:830} INFO - Processing file /opt/airflow/dags/weather_hourly.py for tasks to queue
[2025-12-29T03:31:39.364+0000] {logging_mixin.py:188} INFO - [2025-12-29T03:31:39.364+0000] {dagbag.py:545} INFO - Filling up the DagBag from /opt/airflow/dags/weather_hourly.py
[2025-12-29T03:31:39.382+0000] {processor.py:840} INFO - DAG(s) 'weather_hourly' retrieved from /opt/airflow/dags/weather_hourly.py
[2025-12-29T03:31:39.413+0000] {logging_mixin.py:188} INFO - [2025-12-29T03:31:39.413+0000] {dag.py:3089} INFO - Sync 1 DAGs
[2025-12-29T03:31:39.435+0000] {logging_mixin.py:188} INFO - [2025-12-29T03:31:39.435+0000] {dag.py:3947} INFO - Setting next_dagrun for weather_hourly to 2025-12-29 03:15:00+00:00, run_after=2025-12-29 04:15:00+00:00
[2025-12-29T03:31:39.454+0000] {processor.py:183} INFO - Processing /opt/airflow/dags/weather_hourly.py took 0.098 seconds
[2025-12-29T03:32:09.687+0000] {processor.py:161} INFO - Started process (PID=245) to work on /opt/airflow/dags/weather_hourly.py
[2025-12-29T03:32:09.690+0000] {processor.py:830} INFO - Processing file /opt/airflow/dags/weather_hourly.py for tasks to queue
[2025-12-29T03:32:09.693+0000] {logging_mixin.py:188} INFO - [2025-12-29T03:32:09.692+0000] {dagbag.py:545} INFO - Filling up the DagBag from /opt/airflow/dags/weather_hourly.py
[2025-12-29T03:32:09.717+0000] {processor.py:840} INFO - DAG(s) 'weather_hourly' retrieved from /opt/airflow/dags/weather_hourly.py
[2025-12-29T03:32:09.752+0000] {logging_mixin.py:188} INFO - [2025-12-29T03:32:09.751+0000] {dag.py:3089} INFO - Sync 1 DAGs
[2025-12-29T03:32:09.774+0000] {logging_mixin.py:188} INFO - [2025-12-29T03:32:09.774+0000] {dag.py:3947} INFO - Setting next_dagrun for weather_hourly to 2025-12-29 03:15:00+00:00, run_after=2025-12-29 04:15:00+00:00
[2025-12-29T03:32:09.793+0000] {processor.py:183} INFO - Processing /opt/airflow/dags/weather_hourly.py took 0.115 seconds
[2025-12-29T03:32:40.002+0000] {processor.py:161} INFO - Started process (PID=255) to work on /opt/airflow/dags/weather_hourly.py
[2025-12-29T03:32:40.003+0000] {processor.py:830} INFO - Processing file /opt/airflow/dags/weather_hourly.py for tasks to queue
[2025-12-29T03:32:40.006+0000] {logging_mixin.py:188} INFO - [2025-12-29T03:32:40.005+0000] {dagbag.py:545} INFO - Filling up the DagBag from /opt/airflow/dags/weather_hourly.py
[2025-12-29T03:32:40.032+0000] {processor.py:840} INFO - DAG(s) 'weather_hourly' retrieved from /opt/airflow/dags/weather_hourly.py
[2025-12-29T03:32:40.071+0000] {logging_mixin.py:188} INFO - [2025-12-29T03:32:40.071+0000] {dag.py:3089} INFO - Sync 1 DAGs
[2025-12-29T03:32:40.101+0000] {logging_mixin.py:188} INFO - [2025-12-29T03:32:40.101+0000] {dag.py:3947} INFO - Setting next_dagrun for weather_hourly to 2025-12-29 03:15:00+00:00, run_after=2025-12-29 04:15:00+00:00
[2025-12-29T03:32:40.127+0000] {processor.py:183} INFO - Processing /opt/airflow/dags/weather_hourly.py took 0.133 seconds
[2025-12-29T03:33:10.334+0000] {processor.py:161} INFO - Started process (PID=265) to work on /opt/airflow/dags/weather_hourly.py
[2025-12-29T03:33:10.334+0000] {processor.py:830} INFO - Processing file /opt/airflow/dags/weather_hourly.py for tasks to queue
[2025-12-29T03:33:10.336+0000] {logging_mixin.py:188} INFO - [2025-12-29T03:33:10.336+0000] {dagbag.py:545} INFO - Filling up the DagBag from /opt/airflow/dags/weather_hourly.py
[2025-12-29T03:33:10.349+0000] {processor.py:840} INFO - DAG(s) 'weather_hourly' retrieved from /opt/airflow/dags/weather_hourly.py
[2025-12-29T03:33:10.376+0000] {logging_mixin.py:188} INFO - [2025-12-29T03:33:10.375+0000] {dag.py:3089} INFO - Sync 1 DAGs
[2025-12-29T03:33:10.396+0000] {logging_mixin.py:188} INFO - [2025-12-29T03:33:10.395+0000] {dag.py:3947} INFO - Setting next_dagrun for weather_hourly to 2025-12-29 03:15:00+00:00, run_after=2025-12-29 04:15:00+00:00
[2025-12-29T03:33:10.413+0000] {processor.py:183} INFO - Processing /opt/airflow/dags/weather_hourly.py took 0.084 seconds
[2025-12-29T03:33:40.616+0000] {processor.py:161} INFO - Started process (PID=275) to work on /opt/airflow/dags/weather_hourly.py
[2025-12-29T03:33:40.617+0000] {processor.py:830} INFO - Processing file /opt/airflow/dags/weather_hourly.py for tasks to queue
[2025-12-29T03:33:40.619+0000] {logging_mixin.py:188} INFO - [2025-12-29T03:33:40.618+0000] {dagbag.py:545} INFO - Filling up the DagBag from /opt/airflow/dags/weather_hourly.py
[2025-12-29T03:33:40.634+0000] {processor.py:840} INFO - DAG(s) 'weather_hourly' retrieved from /opt/airflow/dags/weather_hourly.py
[2025-12-29T03:33:40.661+0000] {logging_mixin.py:188} INFO - [2025-12-29T03:33:40.661+0000] {dag.py:3089} INFO - Sync 1 DAGs
[2025-12-29T03:33:40.685+0000] {logging_mixin.py:188} INFO - [2025-12-29T03:33:40.684+0000] {dag.py:3947} INFO - Setting next_dagrun for weather_hourly to 2025-12-29 03:15:00+00:00, run_after=2025-12-29 04:15:00+00:00
[2025-12-29T03:33:40.703+0000] {processor.py:183} INFO - Processing /opt/airflow/dags/weather_hourly.py took 0.091 seconds
[2025-12-29T03:34:10.928+0000] {processor.py:161} INFO - Started process (PID=291) to work on /opt/airflow/dags/weather_hourly.py
[2025-12-29T03:34:10.930+0000] {processor.py:830} INFO - Processing file /opt/airflow/dags/weather_hourly.py for tasks to queue
[2025-12-29T03:34:10.933+0000] {logging_mixin.py:188} INFO - [2025-12-29T03:34:10.933+0000] {dagbag.py:545} INFO - Filling up the DagBag from /opt/airflow/dags/weather_hourly.py
[2025-12-29T03:34:10.958+0000] {processor.py:840} INFO - DAG(s) 'weather_hourly' retrieved from /opt/airflow/dags/weather_hourly.py
[2025-12-29T03:34:10.999+0000] {logging_mixin.py:188} INFO - [2025-12-29T03:34:10.999+0000] {dag.py:3089} INFO - Sync 1 DAGs
[2025-12-29T03:34:11.030+0000] {logging_mixin.py:188} INFO - [2025-12-29T03:34:11.029+0000] {dag.py:3947} INFO - Setting next_dagrun for weather_hourly to 2025-12-29 03:15:00+00:00, run_after=2025-12-29 04:15:00+00:00
[2025-12-29T03:34:11.050+0000] {processor.py:183} INFO - Processing /opt/airflow/dags/weather_hourly.py took 0.132 seconds
[2025-12-29T03:34:41.280+0000] {processor.py:161} INFO - Started process (PID=301) to work on /opt/airflow/dags/weather_hourly.py
[2025-12-29T03:34:41.281+0000] {processor.py:830} INFO - Processing file /opt/airflow/dags/weather_hourly.py for tasks to queue
[2025-12-29T03:34:41.283+0000] {logging_mixin.py:188} INFO - [2025-12-29T03:34:41.283+0000] {dagbag.py:545} INFO - Filling up the DagBag from /opt/airflow/dags/weather_hourly.py
[2025-12-29T03:34:41.298+0000] {processor.py:840} INFO - DAG(s) 'weather_hourly' retrieved from /opt/airflow/dags/weather_hourly.py
[2025-12-29T03:34:41.325+0000] {logging_mixin.py:188} INFO - [2025-12-29T03:34:41.324+0000] {dag.py:3089} INFO - Sync 1 DAGs
[2025-12-29T03:34:41.346+0000] {logging_mixin.py:188} INFO - [2025-12-29T03:34:41.346+0000] {dag.py:3947} INFO - Setting next_dagrun for weather_hourly to 2025-12-29 03:15:00+00:00, run_after=2025-12-29 04:15:00+00:00
[2025-12-29T03:34:41.364+0000] {processor.py:183} INFO - Processing /opt/airflow/dags/weather_hourly.py took 0.089 seconds
[2025-12-29T03:35:11.576+0000] {processor.py:161} INFO - Started process (PID=311) to work on /opt/airflow/dags/weather_hourly.py
[2025-12-29T03:35:11.577+0000] {processor.py:830} INFO - Processing file /opt/airflow/dags/weather_hourly.py for tasks to queue
[2025-12-29T03:35:11.579+0000] {logging_mixin.py:188} INFO - [2025-12-29T03:35:11.579+0000] {dagbag.py:545} INFO - Filling up the DagBag from /opt/airflow/dags/weather_hourly.py
[2025-12-29T03:35:11.594+0000] {processor.py:840} INFO - DAG(s) 'weather_hourly' retrieved from /opt/airflow/dags/weather_hourly.py
[2025-12-29T03:35:11.621+0000] {logging_mixin.py:188} INFO - [2025-12-29T03:35:11.621+0000] {dag.py:3089} INFO - Sync 1 DAGs
[2025-12-29T03:35:11.642+0000] {logging_mixin.py:188} INFO - [2025-12-29T03:35:11.642+0000] {dag.py:3947} INFO - Setting next_dagrun for weather_hourly to 2025-12-29 03:15:00+00:00, run_after=2025-12-29 04:15:00+00:00
[2025-12-29T03:35:11.660+0000] {processor.py:183} INFO - Processing /opt/airflow/dags/weather_hourly.py took 0.089 seconds
[2025-12-29T03:35:41.864+0000] {processor.py:161} INFO - Started process (PID=327) to work on /opt/airflow/dags/weather_hourly.py
[2025-12-29T03:35:41.865+0000] {processor.py:830} INFO - Processing file /opt/airflow/dags/weather_hourly.py for tasks to queue
[2025-12-29T03:35:41.866+0000] {logging_mixin.py:188} INFO - [2025-12-29T03:35:41.866+0000] {dagbag.py:545} INFO - Filling up the DagBag from /opt/airflow/dags/weather_hourly.py
[2025-12-29T03:35:41.880+0000] {processor.py:840} INFO - DAG(s) 'weather_hourly' retrieved from /opt/airflow/dags/weather_hourly.py
[2025-12-29T03:35:41.904+0000] {logging_mixin.py:188} INFO - [2025-12-29T03:35:41.904+0000] {dag.py:3089} INFO - Sync 1 DAGs
[2025-12-29T03:35:41.924+0000] {logging_mixin.py:188} INFO - [2025-12-29T03:35:41.924+0000] {dag.py:3947} INFO - Setting next_dagrun for weather_hourly to 2025-12-29 03:15:00+00:00, run_after=2025-12-29 04:15:00+00:00
[2025-12-29T03:35:41.941+0000] {processor.py:183} INFO - Processing /opt/airflow/dags/weather_hourly.py took 0.081 seconds
[2025-12-29T03:36:12.140+0000] {processor.py:161} INFO - Started process (PID=337) to work on /opt/airflow/dags/weather_hourly.py
[2025-12-29T03:36:12.140+0000] {processor.py:830} INFO - Processing file /opt/airflow/dags/weather_hourly.py for tasks to queue
[2025-12-29T03:36:12.142+0000] {logging_mixin.py:188} INFO - [2025-12-29T03:36:12.141+0000] {dagbag.py:545} INFO - Filling up the DagBag from /opt/airflow/dags/weather_hourly.py
[2025-12-29T03:36:12.156+0000] {processor.py:840} INFO - DAG(s) 'weather_hourly' retrieved from /opt/airflow/dags/weather_hourly.py
[2025-12-29T03:36:12.182+0000] {logging_mixin.py:188} INFO - [2025-12-29T03:36:12.182+0000] {dag.py:3089} INFO - Sync 1 DAGs
[2025-12-29T03:36:12.204+0000] {logging_mixin.py:188} INFO - [2025-12-29T03:36:12.204+0000] {dag.py:3947} INFO - Setting next_dagrun for weather_hourly to 2025-12-29 03:15:00+00:00, run_after=2025-12-29 04:15:00+00:00
[2025-12-29T03:36:12.223+0000] {processor.py:183} INFO - Processing /opt/airflow/dags/weather_hourly.py took 0.088 seconds
[2025-12-29T03:36:42.424+0000] {processor.py:161} INFO - Started process (PID=347) to work on /opt/airflow/dags/weather_hourly.py
[2025-12-29T03:36:42.425+0000] {processor.py:830} INFO - Processing file /opt/airflow/dags/weather_hourly.py for tasks to queue
[2025-12-29T03:36:42.427+0000] {logging_mixin.py:188} INFO - [2025-12-29T03:36:42.426+0000] {dagbag.py:545} INFO - Filling up the DagBag from /opt/airflow/dags/weather_hourly.py
[2025-12-29T03:36:42.441+0000] {processor.py:840} INFO - DAG(s) 'weather_hourly' retrieved from /opt/airflow/dags/weather_hourly.py
[2025-12-29T03:36:42.466+0000] {logging_mixin.py:188} INFO - [2025-12-29T03:36:42.466+0000] {dag.py:3089} INFO - Sync 1 DAGs
[2025-12-29T03:36:42.488+0000] {logging_mixin.py:188} INFO - [2025-12-29T03:36:42.488+0000] {dag.py:3947} INFO - Setting next_dagrun for weather_hourly to 2025-12-29 03:15:00+00:00, run_after=2025-12-29 04:15:00+00:00
[2025-12-29T03:36:42.505+0000] {processor.py:183} INFO - Processing /opt/airflow/dags/weather_hourly.py took 0.085 seconds
[2025-12-29T03:37:12.705+0000] {processor.py:161} INFO - Started process (PID=357) to work on /opt/airflow/dags/weather_hourly.py
[2025-12-29T03:37:12.705+0000] {processor.py:830} INFO - Processing file /opt/airflow/dags/weather_hourly.py for tasks to queue
[2025-12-29T03:37:12.707+0000] {logging_mixin.py:188} INFO - [2025-12-29T03:37:12.707+0000] {dagbag.py:545} INFO - Filling up the DagBag from /opt/airflow/dags/weather_hourly.py
[2025-12-29T03:37:12.722+0000] {processor.py:840} INFO - DAG(s) 'weather_hourly' retrieved from /opt/airflow/dags/weather_hourly.py
[2025-12-29T03:37:12.747+0000] {logging_mixin.py:188} INFO - [2025-12-29T03:37:12.747+0000] {dag.py:3089} INFO - Sync 1 DAGs
[2025-12-29T03:37:12.767+0000] {logging_mixin.py:188} INFO - [2025-12-29T03:37:12.766+0000] {dag.py:3947} INFO - Setting next_dagrun for weather_hourly to 2025-12-29 03:15:00+00:00, run_after=2025-12-29 04:15:00+00:00
[2025-12-29T03:37:12.784+0000] {processor.py:183} INFO - Processing /opt/airflow/dags/weather_hourly.py took 0.084 seconds
[2025-12-29T03:37:42.994+0000] {processor.py:161} INFO - Started process (PID=367) to work on /opt/airflow/dags/weather_hourly.py
[2025-12-29T03:37:42.995+0000] {processor.py:830} INFO - Processing file /opt/airflow/dags/weather_hourly.py for tasks to queue
[2025-12-29T03:37:42.996+0000] {logging_mixin.py:188} INFO - [2025-12-29T03:37:42.996+0000] {dagbag.py:545} INFO - Filling up the DagBag from /opt/airflow/dags/weather_hourly.py
[2025-12-29T03:37:43.010+0000] {processor.py:840} INFO - DAG(s) 'weather_hourly' retrieved from /opt/airflow/dags/weather_hourly.py
[2025-12-29T03:37:43.035+0000] {logging_mixin.py:188} INFO - [2025-12-29T03:37:43.035+0000] {dag.py:3089} INFO - Sync 1 DAGs
[2025-12-29T03:37:43.057+0000] {logging_mixin.py:188} INFO - [2025-12-29T03:37:43.057+0000] {dag.py:3947} INFO - Setting next_dagrun for weather_hourly to 2025-12-29 03:15:00+00:00, run_after=2025-12-29 04:15:00+00:00
[2025-12-29T03:37:43.075+0000] {processor.py:183} INFO - Processing /opt/airflow/dags/weather_hourly.py took 0.085 seconds
[2025-12-29T03:38:13.279+0000] {processor.py:161} INFO - Started process (PID=377) to work on /opt/airflow/dags/weather_hourly.py
[2025-12-29T03:38:13.280+0000] {processor.py:830} INFO - Processing file /opt/airflow/dags/weather_hourly.py for tasks to queue
[2025-12-29T03:38:13.281+0000] {logging_mixin.py:188} INFO - [2025-12-29T03:38:13.281+0000] {dagbag.py:545} INFO - Filling up the DagBag from /opt/airflow/dags/weather_hourly.py
[2025-12-29T03:38:13.295+0000] {processor.py:840} INFO - DAG(s) 'weather_hourly' retrieved from /opt/airflow/dags/weather_hourly.py
[2025-12-29T03:38:13.320+0000] {logging_mixin.py:188} INFO - [2025-12-29T03:38:13.320+0000] {dag.py:3089} INFO - Sync 1 DAGs
[2025-12-29T03:38:13.339+0000] {logging_mixin.py:188} INFO - [2025-12-29T03:38:13.339+0000] {dag.py:3947} INFO - Setting next_dagrun for weather_hourly to 2025-12-29 03:15:00+00:00, run_after=2025-12-29 04:15:00+00:00
[2025-12-29T03:38:13.355+0000] {processor.py:183} INFO - Processing /opt/airflow/dags/weather_hourly.py took 0.081 seconds
[2025-12-29T03:38:16.408+0000] {processor.py:161} INFO - Started process (PID=387) to work on /opt/airflow/dags/weather_hourly.py
[2025-12-29T03:38:16.409+0000] {processor.py:830} INFO - Processing file /opt/airflow/dags/weather_hourly.py for tasks to queue
[2025-12-29T03:38:16.411+0000] {logging_mixin.py:188} INFO - [2025-12-29T03:38:16.411+0000] {dagbag.py:545} INFO - Filling up the DagBag from /opt/airflow/dags/weather_hourly.py
[2025-12-29T03:38:16.431+0000] {processor.py:840} INFO - DAG(s) 'weather_hourly' retrieved from /opt/airflow/dags/weather_hourly.py
[2025-12-29T03:38:16.526+0000] {logging_mixin.py:188} INFO - [2025-12-29T03:38:16.526+0000] {dag.py:3089} INFO - Sync 1 DAGs
[2025-12-29T03:38:16.544+0000] {logging_mixin.py:188} INFO - [2025-12-29T03:38:16.544+0000] {dag.py:3947} INFO - Setting next_dagrun for weather_hourly to 2025-12-29 03:15:00+00:00, run_after=2025-12-29 04:15:00+00:00
[2025-12-29T03:38:16.563+0000] {processor.py:183} INFO - Processing /opt/airflow/dags/weather_hourly.py took 0.160 seconds
[2025-12-29T03:38:48.991+0000] {processor.py:161} INFO - Started process (PID=189) to work on /opt/airflow/dags/weather_hourly.py
[2025-12-29T03:38:48.991+0000] {processor.py:830} INFO - Processing file /opt/airflow/dags/weather_hourly.py for tasks to queue
[2025-12-29T03:38:48.993+0000] {logging_mixin.py:188} INFO - [2025-12-29T03:38:48.992+0000] {dagbag.py:545} INFO - Filling up the DagBag from /opt/airflow/dags/weather_hourly.py
[2025-12-29T03:38:49.008+0000] {processor.py:840} INFO - DAG(s) 'weather_hourly' retrieved from /opt/airflow/dags/weather_hourly.py
[2025-12-29T03:38:49.041+0000] {logging_mixin.py:188} INFO - [2025-12-29T03:38:49.041+0000] {dag.py:3089} INFO - Sync 1 DAGs
[2025-12-29T03:38:49.062+0000] {logging_mixin.py:188} INFO - [2025-12-29T03:38:49.061+0000] {dag.py:3947} INFO - Setting next_dagrun for weather_hourly to 2025-12-29 03:15:00+00:00, run_after=2025-12-29 04:15:00+00:00
[2025-12-29T03:38:49.254+0000] {processor.py:183} INFO - Processing /opt/airflow/dags/weather_hourly.py took 0.267 seconds
[2025-12-29T03:39:19.460+0000] {processor.py:161} INFO - Started process (PID=205) to work on /opt/airflow/dags/weather_hourly.py
[2025-12-29T03:39:19.461+0000] {processor.py:830} INFO - Processing file /opt/airflow/dags/weather_hourly.py for tasks to queue
[2025-12-29T03:39:19.463+0000] {logging_mixin.py:188} INFO - [2025-12-29T03:39:19.463+0000] {dagbag.py:545} INFO - Filling up the DagBag from /opt/airflow/dags/weather_hourly.py
[2025-12-29T03:39:19.483+0000] {processor.py:840} INFO - DAG(s) 'weather_hourly' retrieved from /opt/airflow/dags/weather_hourly.py
[2025-12-29T03:39:19.736+0000] {logging_mixin.py:188} INFO - [2025-12-29T03:39:19.735+0000] {dag.py:3089} INFO - Sync 1 DAGs
[2025-12-29T03:39:19.757+0000] {logging_mixin.py:188} INFO - [2025-12-29T03:39:19.757+0000] {dag.py:3947} INFO - Setting next_dagrun for weather_hourly to 2025-12-29 03:15:00+00:00, run_after=2025-12-29 04:15:00+00:00
[2025-12-29T03:39:19.777+0000] {processor.py:183} INFO - Processing /opt/airflow/dags/weather_hourly.py took 0.325 seconds
[2025-12-29T03:39:49.992+0000] {processor.py:161} INFO - Started process (PID=219) to work on /opt/airflow/dags/weather_hourly.py
[2025-12-29T03:39:49.993+0000] {processor.py:830} INFO - Processing file /opt/airflow/dags/weather_hourly.py for tasks to queue
[2025-12-29T03:39:49.994+0000] {logging_mixin.py:188} INFO - [2025-12-29T03:39:49.994+0000] {dagbag.py:545} INFO - Filling up the DagBag from /opt/airflow/dags/weather_hourly.py
[2025-12-29T03:39:50.169+0000] {processor.py:840} INFO - DAG(s) 'weather_hourly' retrieved from /opt/airflow/dags/weather_hourly.py
[2025-12-29T03:39:50.193+0000] {logging_mixin.py:188} INFO - [2025-12-29T03:39:50.193+0000] {dag.py:3089} INFO - Sync 1 DAGs
[2025-12-29T03:39:50.213+0000] {logging_mixin.py:188} INFO - [2025-12-29T03:39:50.212+0000] {dag.py:3947} INFO - Setting next_dagrun for weather_hourly to 2025-12-29 03:15:00+00:00, run_after=2025-12-29 04:15:00+00:00
[2025-12-29T03:39:50.230+0000] {processor.py:183} INFO - Processing /opt/airflow/dags/weather_hourly.py took 0.242 seconds
[2025-12-29T03:40:20.442+0000] {processor.py:161} INFO - Started process (PID=229) to work on /opt/airflow/dags/weather_hourly.py
[2025-12-29T03:40:20.443+0000] {processor.py:830} INFO - Processing file /opt/airflow/dags/weather_hourly.py for tasks to queue
[2025-12-29T03:40:20.445+0000] {logging_mixin.py:188} INFO - [2025-12-29T03:40:20.445+0000] {dagbag.py:545} INFO - Filling up the DagBag from /opt/airflow/dags/weather_hourly.py
[2025-12-29T03:40:20.464+0000] {processor.py:840} INFO - DAG(s) 'weather_hourly' retrieved from /opt/airflow/dags/weather_hourly.py
[2025-12-29T03:40:20.495+0000] {logging_mixin.py:188} INFO - [2025-12-29T03:40:20.494+0000] {dag.py:3089} INFO - Sync 1 DAGs
[2025-12-29T03:40:20.518+0000] {logging_mixin.py:188} INFO - [2025-12-29T03:40:20.517+0000] {dag.py:3947} INFO - Setting next_dagrun for weather_hourly to 2025-12-29 03:15:00+00:00, run_after=2025-12-29 04:15:00+00:00
[2025-12-29T03:40:20.535+0000] {processor.py:183} INFO - Processing /opt/airflow/dags/weather_hourly.py took 0.098 seconds
[2025-12-29T03:40:43.705+0000] {processor.py:161} INFO - Started process (PID=239) to work on /opt/airflow/dags/weather_hourly.py
[2025-12-29T03:40:43.706+0000] {processor.py:830} INFO - Processing file /opt/airflow/dags/weather_hourly.py for tasks to queue
[2025-12-29T03:40:43.707+0000] {logging_mixin.py:188} INFO - [2025-12-29T03:40:43.707+0000] {dagbag.py:545} INFO - Filling up the DagBag from /opt/airflow/dags/weather_hourly.py
[2025-12-29T03:40:43.729+0000] {processor.py:840} INFO - DAG(s) 'weather_hourly' retrieved from /opt/airflow/dags/weather_hourly.py
[2025-12-29T03:40:43.767+0000] {logging_mixin.py:188} INFO - [2025-12-29T03:40:43.766+0000] {dag.py:3089} INFO - Sync 1 DAGs
[2025-12-29T03:40:43.792+0000] {logging_mixin.py:188} INFO - [2025-12-29T03:40:43.791+0000] {dag.py:3947} INFO - Setting next_dagrun for weather_hourly to 2025-12-29 03:15:00+00:00, run_after=2025-12-29 04:15:00+00:00
[2025-12-29T03:40:43.813+0000] {processor.py:183} INFO - Processing /opt/airflow/dags/weather_hourly.py took 0.112 seconds
[2025-12-29T03:41:00.716+0000] {processor.py:161} INFO - Started process (PID=189) to work on /opt/airflow/dags/weather_hourly.py
[2025-12-29T03:41:00.717+0000] {processor.py:830} INFO - Processing file /opt/airflow/dags/weather_hourly.py for tasks to queue
[2025-12-29T03:41:00.718+0000] {logging_mixin.py:188} INFO - [2025-12-29T03:41:00.718+0000] {dagbag.py:545} INFO - Filling up the DagBag from /opt/airflow/dags/weather_hourly.py
[2025-12-29T03:41:00.734+0000] {processor.py:840} INFO - DAG(s) 'weather_hourly' retrieved from /opt/airflow/dags/weather_hourly.py
[2025-12-29T03:41:00.772+0000] {logging_mixin.py:188} INFO - [2025-12-29T03:41:00.772+0000] {dag.py:3089} INFO - Sync 1 DAGs
[2025-12-29T03:41:00.798+0000] {logging_mixin.py:188} INFO - [2025-12-29T03:41:00.798+0000] {dag.py:3947} INFO - Setting next_dagrun for weather_hourly to 2025-12-29 03:15:00+00:00, run_after=2025-12-29 04:15:00+00:00
[2025-12-29T03:41:00.992+0000] {processor.py:183} INFO - Processing /opt/airflow/dags/weather_hourly.py took 0.280 seconds
[2025-12-29T03:41:31.192+0000] {processor.py:161} INFO - Started process (PID=205) to work on /opt/airflow/dags/weather_hourly.py
[2025-12-29T03:41:31.193+0000] {processor.py:830} INFO - Processing file /opt/airflow/dags/weather_hourly.py for tasks to queue
[2025-12-29T03:41:31.194+0000] {logging_mixin.py:188} INFO - [2025-12-29T03:41:31.194+0000] {dagbag.py:545} INFO - Filling up the DagBag from /opt/airflow/dags/weather_hourly.py
[2025-12-29T03:41:31.210+0000] {processor.py:840} INFO - DAG(s) 'weather_hourly' retrieved from /opt/airflow/dags/weather_hourly.py
[2025-12-29T03:41:31.393+0000] {logging_mixin.py:188} INFO - [2025-12-29T03:41:31.392+0000] {dag.py:3089} INFO - Sync 1 DAGs
[2025-12-29T03:41:31.411+0000] {logging_mixin.py:188} INFO - [2025-12-29T03:41:31.411+0000] {dag.py:3947} INFO - Setting next_dagrun for weather_hourly to 2025-12-29 03:15:00+00:00, run_after=2025-12-29 04:15:00+00:00
[2025-12-29T03:41:31.427+0000] {processor.py:183} INFO - Processing /opt/airflow/dags/weather_hourly.py took 0.239 seconds
[2025-12-29T03:42:01.610+0000] {processor.py:161} INFO - Started process (PID=215) to work on /opt/airflow/dags/weather_hourly.py
[2025-12-29T03:42:01.611+0000] {processor.py:830} INFO - Processing file /opt/airflow/dags/weather_hourly.py for tasks to queue
[2025-12-29T03:42:01.613+0000] {logging_mixin.py:188} INFO - [2025-12-29T03:42:01.613+0000] {dagbag.py:545} INFO - Filling up the DagBag from /opt/airflow/dags/weather_hourly.py
[2025-12-29T03:42:01.778+0000] {processor.py:840} INFO - DAG(s) 'weather_hourly' retrieved from /opt/airflow/dags/weather_hourly.py
[2025-12-29T03:42:01.801+0000] {logging_mixin.py:188} INFO - [2025-12-29T03:42:01.801+0000] {dag.py:3089} INFO - Sync 1 DAGs
[2025-12-29T03:42:01.818+0000] {logging_mixin.py:188} INFO - [2025-12-29T03:42:01.818+0000] {dag.py:3947} INFO - Setting next_dagrun for weather_hourly to 2025-12-29 03:15:00+00:00, run_after=2025-12-29 04:15:00+00:00
[2025-12-29T03:42:01.834+0000] {processor.py:183} INFO - Processing /opt/airflow/dags/weather_hourly.py took 0.228 seconds
[2025-12-29T03:42:32.183+0000] {processor.py:161} INFO - Started process (PID=225) to work on /opt/airflow/dags/weather_hourly.py
[2025-12-29T03:42:32.184+0000] {processor.py:830} INFO - Processing file /opt/airflow/dags/weather_hourly.py for tasks to queue
[2025-12-29T03:42:32.185+0000] {logging_mixin.py:188} INFO - [2025-12-29T03:42:32.185+0000] {dagbag.py:545} INFO - Filling up the DagBag from /opt/airflow/dags/weather_hourly.py
[2025-12-29T03:42:32.200+0000] {processor.py:840} INFO - DAG(s) 'weather_hourly' retrieved from /opt/airflow/dags/weather_hourly.py
[2025-12-29T03:42:32.227+0000] {logging_mixin.py:188} INFO - [2025-12-29T03:42:32.227+0000] {dag.py:3089} INFO - Sync 1 DAGs
[2025-12-29T03:42:32.246+0000] {logging_mixin.py:188} INFO - [2025-12-29T03:42:32.246+0000] {dag.py:3947} INFO - Setting next_dagrun for weather_hourly to 2025-12-29 03:15:00+00:00, run_after=2025-12-29 04:15:00+00:00
[2025-12-29T03:42:32.263+0000] {processor.py:183} INFO - Processing /opt/airflow/dags/weather_hourly.py took 0.085 seconds
[2025-12-29T03:43:02.464+0000] {processor.py:161} INFO - Started process (PID=235) to work on /opt/airflow/dags/weather_hourly.py
[2025-12-29T03:43:02.465+0000] {processor.py:830} INFO - Processing file /opt/airflow/dags/weather_hourly.py for tasks to queue
[2025-12-29T03:43:02.467+0000] {logging_mixin.py:188} INFO - [2025-12-29T03:43:02.466+0000] {dagbag.py:545} INFO - Filling up the DagBag from /opt/airflow/dags/weather_hourly.py
[2025-12-29T03:43:02.482+0000] {processor.py:840} INFO - DAG(s) 'weather_hourly' retrieved from /opt/airflow/dags/weather_hourly.py
[2025-12-29T03:43:02.510+0000] {logging_mixin.py:188} INFO - [2025-12-29T03:43:02.509+0000] {dag.py:3089} INFO - Sync 1 DAGs
[2025-12-29T03:43:02.530+0000] {logging_mixin.py:188} INFO - [2025-12-29T03:43:02.530+0000] {dag.py:3947} INFO - Setting next_dagrun for weather_hourly to 2025-12-29 03:15:00+00:00, run_after=2025-12-29 04:15:00+00:00
[2025-12-29T03:43:02.550+0000] {processor.py:183} INFO - Processing /opt/airflow/dags/weather_hourly.py took 0.090 seconds
[2025-12-29T03:43:32.767+0000] {processor.py:161} INFO - Started process (PID=245) to work on /opt/airflow/dags/weather_hourly.py
[2025-12-29T03:43:32.767+0000] {processor.py:830} INFO - Processing file /opt/airflow/dags/weather_hourly.py for tasks to queue
[2025-12-29T03:43:32.769+0000] {logging_mixin.py:188} INFO - [2025-12-29T03:43:32.769+0000] {dagbag.py:545} INFO - Filling up the DagBag from /opt/airflow/dags/weather_hourly.py
[2025-12-29T03:43:32.786+0000] {processor.py:840} INFO - DAG(s) 'weather_hourly' retrieved from /opt/airflow/dags/weather_hourly.py
[2025-12-29T03:43:32.826+0000] {logging_mixin.py:188} INFO - [2025-12-29T03:43:32.825+0000] {dag.py:3089} INFO - Sync 1 DAGs
[2025-12-29T03:43:32.855+0000] {logging_mixin.py:188} INFO - [2025-12-29T03:43:32.855+0000] {dag.py:3947} INFO - Setting next_dagrun for weather_hourly to 2025-12-29 03:15:00+00:00, run_after=2025-12-29 04:15:00+00:00
[2025-12-29T03:43:32.874+0000] {processor.py:183} INFO - Processing /opt/airflow/dags/weather_hourly.py took 0.112 seconds
[2025-12-29T03:44:02.962+0000] {processor.py:161} INFO - Started process (PID=255) to work on /opt/airflow/dags/weather_hourly.py
[2025-12-29T03:44:02.963+0000] {processor.py:830} INFO - Processing file /opt/airflow/dags/weather_hourly.py for tasks to queue
[2025-12-29T03:44:02.964+0000] {logging_mixin.py:188} INFO - [2025-12-29T03:44:02.964+0000] {dagbag.py:545} INFO - Filling up the DagBag from /opt/airflow/dags/weather_hourly.py
[2025-12-29T03:44:02.980+0000] {processor.py:840} INFO - DAG(s) 'weather_hourly' retrieved from /opt/airflow/dags/weather_hourly.py
[2025-12-29T03:44:03.010+0000] {logging_mixin.py:188} INFO - [2025-12-29T03:44:03.010+0000] {dag.py:3089} INFO - Sync 1 DAGs
[2025-12-29T03:44:03.033+0000] {logging_mixin.py:188} INFO - [2025-12-29T03:44:03.032+0000] {dag.py:3947} INFO - Setting next_dagrun for weather_hourly to 2025-12-29 03:15:00+00:00, run_after=2025-12-29 04:15:00+00:00
[2025-12-29T03:44:03.051+0000] {processor.py:183} INFO - Processing /opt/airflow/dags/weather_hourly.py took 0.093 seconds
[2025-12-29T03:44:33.278+0000] {processor.py:161} INFO - Started process (PID=265) to work on /opt/airflow/dags/weather_hourly.py
[2025-12-29T03:44:33.279+0000] {processor.py:830} INFO - Processing file /opt/airflow/dags/weather_hourly.py for tasks to queue
[2025-12-29T03:44:33.282+0000] {logging_mixin.py:188} INFO - [2025-12-29T03:44:33.281+0000] {dagbag.py:545} INFO - Filling up the DagBag from /opt/airflow/dags/weather_hourly.py
[2025-12-29T03:44:33.306+0000] {processor.py:840} INFO - DAG(s) 'weather_hourly' retrieved from /opt/airflow/dags/weather_hourly.py
[2025-12-29T03:44:33.350+0000] {logging_mixin.py:188} INFO - [2025-12-29T03:44:33.350+0000] {dag.py:3089} INFO - Sync 1 DAGs
[2025-12-29T03:44:33.387+0000] {logging_mixin.py:188} INFO - [2025-12-29T03:44:33.387+0000] {dag.py:3947} INFO - Setting next_dagrun for weather_hourly to 2025-12-29 03:15:00+00:00, run_after=2025-12-29 04:15:00+00:00
[2025-12-29T03:44:33.413+0000] {processor.py:183} INFO - Processing /opt/airflow/dags/weather_hourly.py took 0.141 seconds
[2025-12-29T03:45:40.879+0000] {processor.py:161} INFO - Started process (PID=189) to work on /opt/airflow/dags/weather_hourly.py
[2025-12-29T03:45:40.880+0000] {processor.py:830} INFO - Processing file /opt/airflow/dags/weather_hourly.py for tasks to queue
[2025-12-29T03:45:40.882+0000] {logging_mixin.py:188} INFO - [2025-12-29T03:45:40.882+0000] {dagbag.py:545} INFO - Filling up the DagBag from /opt/airflow/dags/weather_hourly.py
[2025-12-29T03:45:40.903+0000] {processor.py:840} INFO - DAG(s) 'weather_hourly' retrieved from /opt/airflow/dags/weather_hourly.py
[2025-12-29T03:45:41.264+0000] {logging_mixin.py:188} INFO - [2025-12-29T03:45:41.263+0000] {override.py:1858} INFO - Created Permission View: can read on DAG:weather_hourly
[2025-12-29T03:45:41.272+0000] {logging_mixin.py:188} INFO - [2025-12-29T03:45:41.272+0000] {override.py:1858} INFO - Created Permission View: can edit on DAG:weather_hourly
[2025-12-29T03:45:41.278+0000] {logging_mixin.py:188} INFO - [2025-12-29T03:45:41.278+0000] {override.py:1858} INFO - Created Permission View: can delete on DAG:weather_hourly
[2025-12-29T03:45:41.279+0000] {logging_mixin.py:188} INFO - [2025-12-29T03:45:41.279+0000] {dag.py:3089} INFO - Sync 1 DAGs
[2025-12-29T03:45:41.288+0000] {logging_mixin.py:188} INFO - [2025-12-29T03:45:41.288+0000] {dag.py:3111} INFO - Creating ORM DAG for weather_hourly
[2025-12-29T03:45:41.298+0000] {logging_mixin.py:188} INFO - [2025-12-29T03:45:41.298+0000] {dag.py:3947} INFO - Setting next_dagrun for weather_hourly to 2025-12-29 02:15:00+00:00, run_after=2025-12-29 03:15:00+00:00
[2025-12-29T03:45:41.316+0000] {processor.py:183} INFO - Processing /opt/airflow/dags/weather_hourly.py took 0.442 seconds
[2025-12-29T03:46:11.662+0000] {processor.py:161} INFO - Started process (PID=209) to work on /opt/airflow/dags/weather_hourly.py
[2025-12-29T03:46:11.663+0000] {processor.py:830} INFO - Processing file /opt/airflow/dags/weather_hourly.py for tasks to queue
[2025-12-29T03:46:11.664+0000] {logging_mixin.py:188} INFO - [2025-12-29T03:46:11.664+0000] {dagbag.py:545} INFO - Filling up the DagBag from /opt/airflow/dags/weather_hourly.py
[2025-12-29T03:46:11.678+0000] {processor.py:840} INFO - DAG(s) 'weather_hourly' retrieved from /opt/airflow/dags/weather_hourly.py
[2025-12-29T03:46:11.705+0000] {logging_mixin.py:188} INFO - [2025-12-29T03:46:11.705+0000] {dag.py:3089} INFO - Sync 1 DAGs
[2025-12-29T03:46:11.738+0000] {processor.py:183} INFO - Processing /opt/airflow/dags/weather_hourly.py took 0.081 seconds
[2025-12-29T03:46:41.935+0000] {processor.py:161} INFO - Started process (PID=219) to work on /opt/airflow/dags/weather_hourly.py
[2025-12-29T03:46:41.936+0000] {processor.py:830} INFO - Processing file /opt/airflow/dags/weather_hourly.py for tasks to queue
[2025-12-29T03:46:41.937+0000] {logging_mixin.py:188} INFO - [2025-12-29T03:46:41.937+0000] {dagbag.py:545} INFO - Filling up the DagBag from /opt/airflow/dags/weather_hourly.py
[2025-12-29T03:46:41.951+0000] {processor.py:840} INFO - DAG(s) 'weather_hourly' retrieved from /opt/airflow/dags/weather_hourly.py
[2025-12-29T03:46:41.978+0000] {logging_mixin.py:188} INFO - [2025-12-29T03:46:41.978+0000] {dag.py:3089} INFO - Sync 1 DAGs
[2025-12-29T03:46:42.013+0000] {processor.py:183} INFO - Processing /opt/airflow/dags/weather_hourly.py took 0.082 seconds
[2025-12-29T03:47:12.213+0000] {processor.py:161} INFO - Started process (PID=237) to work on /opt/airflow/dags/weather_hourly.py
[2025-12-29T03:47:12.214+0000] {processor.py:830} INFO - Processing file /opt/airflow/dags/weather_hourly.py for tasks to queue
[2025-12-29T03:47:12.215+0000] {logging_mixin.py:188} INFO - [2025-12-29T03:47:12.215+0000] {dagbag.py:545} INFO - Filling up the DagBag from /opt/airflow/dags/weather_hourly.py
[2025-12-29T03:47:12.231+0000] {processor.py:840} INFO - DAG(s) 'weather_hourly' retrieved from /opt/airflow/dags/weather_hourly.py
[2025-12-29T03:47:12.257+0000] {logging_mixin.py:188} INFO - [2025-12-29T03:47:12.257+0000] {dag.py:3089} INFO - Sync 1 DAGs
[2025-12-29T03:47:12.277+0000] {logging_mixin.py:188} INFO - [2025-12-29T03:47:12.277+0000] {dag.py:3947} INFO - Setting next_dagrun for weather_hourly to 2025-12-29 03:15:00+00:00, run_after=2025-12-29 04:15:00+00:00
[2025-12-29T03:47:12.294+0000] {processor.py:183} INFO - Processing /opt/airflow/dags/weather_hourly.py took 0.086 seconds
[2025-12-29T03:47:42.494+0000] {processor.py:161} INFO - Started process (PID=247) to work on /opt/airflow/dags/weather_hourly.py
[2025-12-29T03:47:42.495+0000] {processor.py:830} INFO - Processing file /opt/airflow/dags/weather_hourly.py for tasks to queue
[2025-12-29T03:47:42.496+0000] {logging_mixin.py:188} INFO - [2025-12-29T03:47:42.496+0000] {dagbag.py:545} INFO - Filling up the DagBag from /opt/airflow/dags/weather_hourly.py
[2025-12-29T03:47:42.510+0000] {processor.py:840} INFO - DAG(s) 'weather_hourly' retrieved from /opt/airflow/dags/weather_hourly.py
[2025-12-29T03:47:42.534+0000] {logging_mixin.py:188} INFO - [2025-12-29T03:47:42.534+0000] {dag.py:3089} INFO - Sync 1 DAGs
[2025-12-29T03:47:42.552+0000] {logging_mixin.py:188} INFO - [2025-12-29T03:47:42.552+0000] {dag.py:3947} INFO - Setting next_dagrun for weather_hourly to 2025-12-29 03:15:00+00:00, run_after=2025-12-29 04:15:00+00:00
[2025-12-29T03:47:42.569+0000] {processor.py:183} INFO - Processing /opt/airflow/dags/weather_hourly.py took 0.078 seconds
[2025-12-29T03:48:12.772+0000] {processor.py:161} INFO - Started process (PID=257) to work on /opt/airflow/dags/weather_hourly.py
[2025-12-29T03:48:12.773+0000] {processor.py:830} INFO - Processing file /opt/airflow/dags/weather_hourly.py for tasks to queue
[2025-12-29T03:48:12.774+0000] {logging_mixin.py:188} INFO - [2025-12-29T03:48:12.774+0000] {dagbag.py:545} INFO - Filling up the DagBag from /opt/airflow/dags/weather_hourly.py
[2025-12-29T03:48:12.787+0000] {processor.py:840} INFO - DAG(s) 'weather_hourly' retrieved from /opt/airflow/dags/weather_hourly.py
[2025-12-29T03:48:12.811+0000] {logging_mixin.py:188} INFO - [2025-12-29T03:48:12.811+0000] {dag.py:3089} INFO - Sync 1 DAGs
[2025-12-29T03:48:12.829+0000] {logging_mixin.py:188} INFO - [2025-12-29T03:48:12.829+0000] {dag.py:3947} INFO - Setting next_dagrun for weather_hourly to 2025-12-29 03:15:00+00:00, run_after=2025-12-29 04:15:00+00:00
[2025-12-29T03:48:12.844+0000] {processor.py:183} INFO - Processing /opt/airflow/dags/weather_hourly.py took 0.076 seconds
[2025-12-29T03:48:25.942+0000] {processor.py:161} INFO - Started process (PID=189) to work on /opt/airflow/dags/weather_hourly.py
[2025-12-29T03:48:25.943+0000] {processor.py:830} INFO - Processing file /opt/airflow/dags/weather_hourly.py for tasks to queue
[2025-12-29T03:48:25.944+0000] {logging_mixin.py:188} INFO - [2025-12-29T03:48:25.944+0000] {dagbag.py:545} INFO - Filling up the DagBag from /opt/airflow/dags/weather_hourly.py
[2025-12-29T03:48:25.960+0000] {processor.py:840} INFO - DAG(s) 'weather_hourly' retrieved from /opt/airflow/dags/weather_hourly.py
[2025-12-29T03:48:26.004+0000] {logging_mixin.py:188} INFO - [2025-12-29T03:48:26.003+0000] {dag.py:3089} INFO - Sync 1 DAGs
[2025-12-29T03:48:26.027+0000] {logging_mixin.py:188} INFO - [2025-12-29T03:48:26.026+0000] {dag.py:3947} INFO - Setting next_dagrun for weather_hourly to 2025-12-29 03:15:00+00:00, run_after=2025-12-29 04:15:00+00:00
[2025-12-29T03:48:26.214+0000] {processor.py:183} INFO - Processing /opt/airflow/dags/weather_hourly.py took 0.276 seconds
[2025-12-29T03:48:56.398+0000] {processor.py:161} INFO - Started process (PID=207) to work on /opt/airflow/dags/weather_hourly.py
[2025-12-29T03:48:56.399+0000] {processor.py:830} INFO - Processing file /opt/airflow/dags/weather_hourly.py for tasks to queue
[2025-12-29T03:48:56.400+0000] {logging_mixin.py:188} INFO - [2025-12-29T03:48:56.400+0000] {dagbag.py:545} INFO - Filling up the DagBag from /opt/airflow/dags/weather_hourly.py
[2025-12-29T03:48:56.415+0000] {processor.py:840} INFO - DAG(s) 'weather_hourly' retrieved from /opt/airflow/dags/weather_hourly.py
[2025-12-29T03:48:56.584+0000] {logging_mixin.py:188} INFO - [2025-12-29T03:48:56.583+0000] {dag.py:3089} INFO - Sync 1 DAGs
[2025-12-29T03:48:56.601+0000] {logging_mixin.py:188} INFO - [2025-12-29T03:48:56.601+0000] {dag.py:3947} INFO - Setting next_dagrun for weather_hourly to 2025-12-29 03:15:00+00:00, run_after=2025-12-29 04:15:00+00:00
[2025-12-29T03:48:56.615+0000] {processor.py:183} INFO - Processing /opt/airflow/dags/weather_hourly.py took 0.222 seconds
[2025-12-29T03:49:26.799+0000] {processor.py:161} INFO - Started process (PID=217) to work on /opt/airflow/dags/weather_hourly.py
[2025-12-29T03:49:26.800+0000] {processor.py:830} INFO - Processing file /opt/airflow/dags/weather_hourly.py for tasks to queue
[2025-12-29T03:49:26.801+0000] {logging_mixin.py:188} INFO - [2025-12-29T03:49:26.801+0000] {dagbag.py:545} INFO - Filling up the DagBag from /opt/airflow/dags/weather_hourly.py
[2025-12-29T03:49:26.961+0000] {processor.py:840} INFO - DAG(s) 'weather_hourly' retrieved from /opt/airflow/dags/weather_hourly.py
[2025-12-29T03:49:26.985+0000] {logging_mixin.py:188} INFO - [2025-12-29T03:49:26.985+0000] {dag.py:3089} INFO - Sync 1 DAGs
[2025-12-29T03:49:27.003+0000] {logging_mixin.py:188} INFO - [2025-12-29T03:49:27.003+0000] {dag.py:3947} INFO - Setting next_dagrun for weather_hourly to 2025-12-29 03:15:00+00:00, run_after=2025-12-29 04:15:00+00:00
[2025-12-29T03:49:27.020+0000] {processor.py:183} INFO - Processing /opt/airflow/dags/weather_hourly.py took 0.224 seconds
[2025-12-29T03:49:57.120+0000] {processor.py:161} INFO - Started process (PID=227) to work on /opt/airflow/dags/weather_hourly.py
[2025-12-29T03:49:57.121+0000] {processor.py:830} INFO - Processing file /opt/airflow/dags/weather_hourly.py for tasks to queue
[2025-12-29T03:49:57.122+0000] {logging_mixin.py:188} INFO - [2025-12-29T03:49:57.122+0000] {dagbag.py:545} INFO - Filling up the DagBag from /opt/airflow/dags/weather_hourly.py
[2025-12-29T03:49:57.136+0000] {processor.py:840} INFO - DAG(s) 'weather_hourly' retrieved from /opt/airflow/dags/weather_hourly.py
[2025-12-29T03:49:57.159+0000] {logging_mixin.py:188} INFO - [2025-12-29T03:49:57.159+0000] {dag.py:3089} INFO - Sync 1 DAGs
[2025-12-29T03:49:57.177+0000] {logging_mixin.py:188} INFO - [2025-12-29T03:49:57.176+0000] {dag.py:3947} INFO - Setting next_dagrun for weather_hourly to 2025-12-29 03:15:00+00:00, run_after=2025-12-29 04:15:00+00:00
[2025-12-29T03:49:57.191+0000] {processor.py:183} INFO - Processing /opt/airflow/dags/weather_hourly.py took 0.074 seconds
[2025-12-29T03:50:36.306+0000] {processor.py:161} INFO - Started process (PID=189) to work on /opt/airflow/dags/weather_hourly.py
[2025-12-29T03:50:36.307+0000] {processor.py:830} INFO - Processing file /opt/airflow/dags/weather_hourly.py for tasks to queue
[2025-12-29T03:50:36.309+0000] {logging_mixin.py:188} INFO - [2025-12-29T03:50:36.309+0000] {dagbag.py:545} INFO - Filling up the DagBag from /opt/airflow/dags/weather_hourly.py
[2025-12-29T03:50:36.326+0000] {processor.py:840} INFO - DAG(s) 'weather_hourly' retrieved from /opt/airflow/dags/weather_hourly.py
[2025-12-29T03:50:36.368+0000] {logging_mixin.py:188} INFO - [2025-12-29T03:50:36.367+0000] {dag.py:3089} INFO - Sync 1 DAGs
[2025-12-29T03:50:36.397+0000] {logging_mixin.py:188} INFO - [2025-12-29T03:50:36.397+0000] {dag.py:3947} INFO - Setting next_dagrun for weather_hourly to 2025-12-29 03:15:00+00:00, run_after=2025-12-29 04:15:00+00:00
[2025-12-29T03:50:36.589+0000] {processor.py:183} INFO - Processing /opt/airflow/dags/weather_hourly.py took 0.287 seconds
[2025-12-29T03:51:06.793+0000] {processor.py:161} INFO - Started process (PID=207) to work on /opt/airflow/dags/weather_hourly.py
[2025-12-29T03:51:06.794+0000] {processor.py:830} INFO - Processing file /opt/airflow/dags/weather_hourly.py for tasks to queue
[2025-12-29T03:51:06.795+0000] {logging_mixin.py:188} INFO - [2025-12-29T03:51:06.795+0000] {dagbag.py:545} INFO - Filling up the DagBag from /opt/airflow/dags/weather_hourly.py
[2025-12-29T03:51:06.811+0000] {processor.py:840} INFO - DAG(s) 'weather_hourly' retrieved from /opt/airflow/dags/weather_hourly.py
[2025-12-29T03:51:07.005+0000] {logging_mixin.py:188} INFO - [2025-12-29T03:51:07.005+0000] {dag.py:3089} INFO - Sync 1 DAGs
[2025-12-29T03:51:07.027+0000] {logging_mixin.py:188} INFO - [2025-12-29T03:51:07.027+0000] {dag.py:3947} INFO - Setting next_dagrun for weather_hourly to 2025-12-29 03:15:00+00:00, run_after=2025-12-29 04:15:00+00:00
[2025-12-29T03:51:07.043+0000] {processor.py:183} INFO - Processing /opt/airflow/dags/weather_hourly.py took 0.255 seconds
[2025-12-29T03:51:44.182+0000] {processor.py:161} INFO - Started process (PID=189) to work on /opt/airflow/dags/weather_hourly.py
[2025-12-29T03:51:44.183+0000] {processor.py:830} INFO - Processing file /opt/airflow/dags/weather_hourly.py for tasks to queue
[2025-12-29T03:51:44.185+0000] {logging_mixin.py:188} INFO - [2025-12-29T03:51:44.185+0000] {dagbag.py:545} INFO - Filling up the DagBag from /opt/airflow/dags/weather_hourly.py
[2025-12-29T03:51:44.235+0000] {processor.py:840} INFO - DAG(s) 'weather_hourly' retrieved from /opt/airflow/dags/weather_hourly.py
[2025-12-29T03:51:44.293+0000] {logging_mixin.py:188} INFO - [2025-12-29T03:51:44.293+0000] {dag.py:3089} INFO - Sync 1 DAGs
[2025-12-29T03:51:44.322+0000] {logging_mixin.py:188} INFO - [2025-12-29T03:51:44.322+0000] {dag.py:3947} INFO - Setting next_dagrun for weather_hourly to 2025-12-29 03:15:00+00:00, run_after=2025-12-29 04:15:00+00:00
[2025-12-29T03:51:44.503+0000] {processor.py:183} INFO - Processing /opt/airflow/dags/weather_hourly.py took 0.326 seconds
[2025-12-29T03:52:14.686+0000] {processor.py:161} INFO - Started process (PID=207) to work on /opt/airflow/dags/weather_hourly.py
[2025-12-29T03:52:14.687+0000] {processor.py:830} INFO - Processing file /opt/airflow/dags/weather_hourly.py for tasks to queue
[2025-12-29T03:52:14.688+0000] {logging_mixin.py:188} INFO - [2025-12-29T03:52:14.688+0000] {dagbag.py:545} INFO - Filling up the DagBag from /opt/airflow/dags/weather_hourly.py
[2025-12-29T03:52:14.702+0000] {processor.py:840} INFO - DAG(s) 'weather_hourly' retrieved from /opt/airflow/dags/weather_hourly.py
[2025-12-29T03:52:14.900+0000] {logging_mixin.py:188} INFO - [2025-12-29T03:52:14.899+0000] {dag.py:3089} INFO - Sync 1 DAGs
[2025-12-29T03:52:14.917+0000] {logging_mixin.py:188} INFO - [2025-12-29T03:52:14.917+0000] {dag.py:3947} INFO - Setting next_dagrun for weather_hourly to 2025-12-29 03:15:00+00:00, run_after=2025-12-29 04:15:00+00:00
[2025-12-29T03:52:14.933+0000] {processor.py:183} INFO - Processing /opt/airflow/dags/weather_hourly.py took 0.251 seconds
[2025-12-29T03:52:45.114+0000] {processor.py:161} INFO - Started process (PID=217) to work on /opt/airflow/dags/weather_hourly.py
[2025-12-29T03:52:45.115+0000] {processor.py:830} INFO - Processing file /opt/airflow/dags/weather_hourly.py for tasks to queue
[2025-12-29T03:52:45.117+0000] {logging_mixin.py:188} INFO - [2025-12-29T03:52:45.116+0000] {dagbag.py:545} INFO - Filling up the DagBag from /opt/airflow/dags/weather_hourly.py
[2025-12-29T03:52:45.289+0000] {processor.py:840} INFO - DAG(s) 'weather_hourly' retrieved from /opt/airflow/dags/weather_hourly.py
[2025-12-29T03:52:45.311+0000] {logging_mixin.py:188} INFO - [2025-12-29T03:52:45.310+0000] {dag.py:3089} INFO - Sync 1 DAGs
[2025-12-29T03:52:45.327+0000] {logging_mixin.py:188} INFO - [2025-12-29T03:52:45.326+0000] {dag.py:3947} INFO - Setting next_dagrun for weather_hourly to 2025-12-29 03:15:00+00:00, run_after=2025-12-29 04:15:00+00:00
[2025-12-29T03:52:45.340+0000] {processor.py:183} INFO - Processing /opt/airflow/dags/weather_hourly.py took 0.231 seconds
[2025-12-29T03:53:15.442+0000] {processor.py:161} INFO - Started process (PID=227) to work on /opt/airflow/dags/weather_hourly.py
[2025-12-29T03:53:15.442+0000] {processor.py:830} INFO - Processing file /opt/airflow/dags/weather_hourly.py for tasks to queue
[2025-12-29T03:53:15.443+0000] {logging_mixin.py:188} INFO - [2025-12-29T03:53:15.443+0000] {dagbag.py:545} INFO - Filling up the DagBag from /opt/airflow/dags/weather_hourly.py
[2025-12-29T03:53:15.457+0000] {processor.py:840} INFO - DAG(s) 'weather_hourly' retrieved from /opt/airflow/dags/weather_hourly.py
[2025-12-29T03:53:15.487+0000] {logging_mixin.py:188} INFO - [2025-12-29T03:53:15.486+0000] {dag.py:3089} INFO - Sync 1 DAGs
[2025-12-29T03:53:15.507+0000] {logging_mixin.py:188} INFO - [2025-12-29T03:53:15.506+0000] {dag.py:3947} INFO - Setting next_dagrun for weather_hourly to 2025-12-29 03:15:00+00:00, run_after=2025-12-29 04:15:00+00:00
[2025-12-29T03:53:15.523+0000] {processor.py:183} INFO - Processing /opt/airflow/dags/weather_hourly.py took 0.085 seconds
[2025-12-29T03:53:45.737+0000] {processor.py:161} INFO - Started process (PID=237) to work on /opt/airflow/dags/weather_hourly.py
[2025-12-29T03:53:45.738+0000] {processor.py:830} INFO - Processing file /opt/airflow/dags/weather_hourly.py for tasks to queue
[2025-12-29T03:53:45.739+0000] {logging_mixin.py:188} INFO - [2025-12-29T03:53:45.739+0000] {dagbag.py:545} INFO - Filling up the DagBag from /opt/airflow/dags/weather_hourly.py
[2025-12-29T03:53:45.754+0000] {processor.py:840} INFO - DAG(s) 'weather_hourly' retrieved from /opt/airflow/dags/weather_hourly.py
[2025-12-29T03:53:45.783+0000] {logging_mixin.py:188} INFO - [2025-12-29T03:53:45.783+0000] {dag.py:3089} INFO - Sync 1 DAGs
[2025-12-29T03:53:45.806+0000] {logging_mixin.py:188} INFO - [2025-12-29T03:53:45.806+0000] {dag.py:3947} INFO - Setting next_dagrun for weather_hourly to 2025-12-29 03:15:00+00:00, run_after=2025-12-29 04:15:00+00:00
[2025-12-29T03:53:45.825+0000] {processor.py:183} INFO - Processing /opt/airflow/dags/weather_hourly.py took 0.092 seconds
[2025-12-29T03:54:16.034+0000] {processor.py:161} INFO - Started process (PID=247) to work on /opt/airflow/dags/weather_hourly.py
[2025-12-29T03:54:16.035+0000] {processor.py:830} INFO - Processing file /opt/airflow/dags/weather_hourly.py for tasks to queue
[2025-12-29T03:54:16.036+0000] {logging_mixin.py:188} INFO - [2025-12-29T03:54:16.036+0000] {dagbag.py:545} INFO - Filling up the DagBag from /opt/airflow/dags/weather_hourly.py
[2025-12-29T03:54:16.050+0000] {processor.py:840} INFO - DAG(s) 'weather_hourly' retrieved from /opt/airflow/dags/weather_hourly.py
[2025-12-29T03:54:16.078+0000] {logging_mixin.py:188} INFO - [2025-12-29T03:54:16.078+0000] {dag.py:3089} INFO - Sync 1 DAGs
[2025-12-29T03:54:16.101+0000] {logging_mixin.py:188} INFO - [2025-12-29T03:54:16.101+0000] {dag.py:3947} INFO - Setting next_dagrun for weather_hourly to 2025-12-29 03:15:00+00:00, run_after=2025-12-29 04:15:00+00:00
[2025-12-29T03:54:16.118+0000] {processor.py:183} INFO - Processing /opt/airflow/dags/weather_hourly.py took 0.088 seconds
[2025-12-29T03:54:46.326+0000] {processor.py:161} INFO - Started process (PID=257) to work on /opt/airflow/dags/weather_hourly.py
[2025-12-29T03:54:46.327+0000] {processor.py:830} INFO - Processing file /opt/airflow/dags/weather_hourly.py for tasks to queue
[2025-12-29T03:54:46.328+0000] {logging_mixin.py:188} INFO - [2025-12-29T03:54:46.328+0000] {dagbag.py:545} INFO - Filling up the DagBag from /opt/airflow/dags/weather_hourly.py
[2025-12-29T03:54:46.344+0000] {processor.py:840} INFO - DAG(s) 'weather_hourly' retrieved from /opt/airflow/dags/weather_hourly.py
[2025-12-29T03:54:46.373+0000] {logging_mixin.py:188} INFO - [2025-12-29T03:54:46.372+0000] {dag.py:3089} INFO - Sync 1 DAGs
[2025-12-29T03:54:46.394+0000] {logging_mixin.py:188} INFO - [2025-12-29T03:54:46.393+0000] {dag.py:3947} INFO - Setting next_dagrun for weather_hourly to 2025-12-29 03:15:00+00:00, run_after=2025-12-29 04:15:00+00:00
[2025-12-29T03:54:46.412+0000] {processor.py:183} INFO - Processing /opt/airflow/dags/weather_hourly.py took 0.090 seconds
[2025-12-29T03:55:16.629+0000] {processor.py:161} INFO - Started process (PID=267) to work on /opt/airflow/dags/weather_hourly.py
[2025-12-29T03:55:16.630+0000] {processor.py:830} INFO - Processing file /opt/airflow/dags/weather_hourly.py for tasks to queue
[2025-12-29T03:55:16.631+0000] {logging_mixin.py:188} INFO - [2025-12-29T03:55:16.631+0000] {dagbag.py:545} INFO - Filling up the DagBag from /opt/airflow/dags/weather_hourly.py
[2025-12-29T03:55:16.644+0000] {processor.py:840} INFO - DAG(s) 'weather_hourly' retrieved from /opt/airflow/dags/weather_hourly.py
[2025-12-29T03:55:16.673+0000] {logging_mixin.py:188} INFO - [2025-12-29T03:55:16.673+0000] {dag.py:3089} INFO - Sync 1 DAGs
[2025-12-29T03:55:16.695+0000] {logging_mixin.py:188} INFO - [2025-12-29T03:55:16.695+0000] {dag.py:3947} INFO - Setting next_dagrun for weather_hourly to 2025-12-29 03:15:00+00:00, run_after=2025-12-29 04:15:00+00:00
[2025-12-29T03:55:16.712+0000] {processor.py:183} INFO - Processing /opt/airflow/dags/weather_hourly.py took 0.087 seconds
[2025-12-29T03:55:46.939+0000] {processor.py:161} INFO - Started process (PID=277) to work on /opt/airflow/dags/weather_hourly.py
[2025-12-29T03:55:46.939+0000] {processor.py:830} INFO - Processing file /opt/airflow/dags/weather_hourly.py for tasks to queue
[2025-12-29T03:55:46.941+0000] {logging_mixin.py:188} INFO - [2025-12-29T03:55:46.941+0000] {dagbag.py:545} INFO - Filling up the DagBag from /opt/airflow/dags/weather_hourly.py
[2025-12-29T03:55:46.959+0000] {processor.py:840} INFO - DAG(s) 'weather_hourly' retrieved from /opt/airflow/dags/weather_hourly.py
[2025-12-29T03:55:46.996+0000] {logging_mixin.py:188} INFO - [2025-12-29T03:55:46.995+0000] {dag.py:3089} INFO - Sync 1 DAGs
[2025-12-29T03:55:47.019+0000] {logging_mixin.py:188} INFO - [2025-12-29T03:55:47.018+0000] {dag.py:3947} INFO - Setting next_dagrun for weather_hourly to 2025-12-29 03:15:00+00:00, run_after=2025-12-29 04:15:00+00:00
[2025-12-29T03:55:47.039+0000] {processor.py:183} INFO - Processing /opt/airflow/dags/weather_hourly.py took 0.106 seconds
[2025-12-29T03:56:17.256+0000] {processor.py:161} INFO - Started process (PID=287) to work on /opt/airflow/dags/weather_hourly.py
[2025-12-29T03:56:17.257+0000] {processor.py:830} INFO - Processing file /opt/airflow/dags/weather_hourly.py for tasks to queue
[2025-12-29T03:56:17.258+0000] {logging_mixin.py:188} INFO - [2025-12-29T03:56:17.258+0000] {dagbag.py:545} INFO - Filling up the DagBag from /opt/airflow/dags/weather_hourly.py
[2025-12-29T03:56:17.273+0000] {processor.py:840} INFO - DAG(s) 'weather_hourly' retrieved from /opt/airflow/dags/weather_hourly.py
[2025-12-29T03:56:17.300+0000] {logging_mixin.py:188} INFO - [2025-12-29T03:56:17.300+0000] {dag.py:3089} INFO - Sync 1 DAGs
[2025-12-29T03:56:17.321+0000] {logging_mixin.py:188} INFO - [2025-12-29T03:56:17.320+0000] {dag.py:3947} INFO - Setting next_dagrun for weather_hourly to 2025-12-29 03:15:00+00:00, run_after=2025-12-29 04:15:00+00:00
[2025-12-29T03:56:17.339+0000] {processor.py:183} INFO - Processing /opt/airflow/dags/weather_hourly.py took 0.087 seconds
[2025-12-29T03:56:47.574+0000] {processor.py:161} INFO - Started process (PID=297) to work on /opt/airflow/dags/weather_hourly.py
[2025-12-29T03:56:47.575+0000] {processor.py:830} INFO - Processing file /opt/airflow/dags/weather_hourly.py for tasks to queue
[2025-12-29T03:56:47.577+0000] {logging_mixin.py:188} INFO - [2025-12-29T03:56:47.576+0000] {dagbag.py:545} INFO - Filling up the DagBag from /opt/airflow/dags/weather_hourly.py
[2025-12-29T03:56:47.591+0000] {processor.py:840} INFO - DAG(s) 'weather_hourly' retrieved from /opt/airflow/dags/weather_hourly.py
[2025-12-29T03:56:47.619+0000] {logging_mixin.py:188} INFO - [2025-12-29T03:56:47.619+0000] {dag.py:3089} INFO - Sync 1 DAGs
[2025-12-29T03:56:47.641+0000] {logging_mixin.py:188} INFO - [2025-12-29T03:56:47.641+0000] {dag.py:3947} INFO - Setting next_dagrun for weather_hourly to 2025-12-29 03:15:00+00:00, run_after=2025-12-29 04:15:00+00:00
[2025-12-29T03:56:47.659+0000] {processor.py:183} INFO - Processing /opt/airflow/dags/weather_hourly.py took 0.089 seconds
[2025-12-29T03:57:17.875+0000] {processor.py:161} INFO - Started process (PID=307) to work on /opt/airflow/dags/weather_hourly.py
[2025-12-29T03:57:17.876+0000] {processor.py:830} INFO - Processing file /opt/airflow/dags/weather_hourly.py for tasks to queue
[2025-12-29T03:57:17.878+0000] {logging_mixin.py:188} INFO - [2025-12-29T03:57:17.877+0000] {dagbag.py:545} INFO - Filling up the DagBag from /opt/airflow/dags/weather_hourly.py
[2025-12-29T03:57:17.893+0000] {processor.py:840} INFO - DAG(s) 'weather_hourly' retrieved from /opt/airflow/dags/weather_hourly.py
[2025-12-29T03:57:17.922+0000] {logging_mixin.py:188} INFO - [2025-12-29T03:57:17.922+0000] {dag.py:3089} INFO - Sync 1 DAGs
[2025-12-29T03:57:17.946+0000] {logging_mixin.py:188} INFO - [2025-12-29T03:57:17.945+0000] {dag.py:3947} INFO - Setting next_dagrun for weather_hourly to 2025-12-29 03:15:00+00:00, run_after=2025-12-29 04:15:00+00:00
[2025-12-29T03:57:17.968+0000] {processor.py:183} INFO - Processing /opt/airflow/dags/weather_hourly.py took 0.100 seconds
[2025-12-29T03:57:48.189+0000] {processor.py:161} INFO - Started process (PID=317) to work on /opt/airflow/dags/weather_hourly.py
[2025-12-29T03:57:48.190+0000] {processor.py:830} INFO - Processing file /opt/airflow/dags/weather_hourly.py for tasks to queue
[2025-12-29T03:57:48.192+0000] {logging_mixin.py:188} INFO - [2025-12-29T03:57:48.191+0000] {dagbag.py:545} INFO - Filling up the DagBag from /opt/airflow/dags/weather_hourly.py
[2025-12-29T03:57:48.206+0000] {processor.py:840} INFO - DAG(s) 'weather_hourly' retrieved from /opt/airflow/dags/weather_hourly.py
[2025-12-29T03:57:48.235+0000] {logging_mixin.py:188} INFO - [2025-12-29T03:57:48.234+0000] {dag.py:3089} INFO - Sync 1 DAGs
[2025-12-29T03:57:48.255+0000] {logging_mixin.py:188} INFO - [2025-12-29T03:57:48.255+0000] {dag.py:3947} INFO - Setting next_dagrun for weather_hourly to 2025-12-29 03:15:00+00:00, run_after=2025-12-29 04:15:00+00:00
[2025-12-29T03:57:48.271+0000] {processor.py:183} INFO - Processing /opt/airflow/dags/weather_hourly.py took 0.086 seconds
[2025-12-29T03:58:18.394+0000] {processor.py:161} INFO - Started process (PID=327) to work on /opt/airflow/dags/weather_hourly.py
[2025-12-29T03:58:18.394+0000] {processor.py:830} INFO - Processing file /opt/airflow/dags/weather_hourly.py for tasks to queue
[2025-12-29T03:58:18.396+0000] {logging_mixin.py:188} INFO - [2025-12-29T03:58:18.395+0000] {dagbag.py:545} INFO - Filling up the DagBag from /opt/airflow/dags/weather_hourly.py
[2025-12-29T03:58:18.409+0000] {processor.py:840} INFO - DAG(s) 'weather_hourly' retrieved from /opt/airflow/dags/weather_hourly.py
[2025-12-29T03:58:18.435+0000] {logging_mixin.py:188} INFO - [2025-12-29T03:58:18.435+0000] {dag.py:3089} INFO - Sync 1 DAGs
[2025-12-29T03:58:18.455+0000] {logging_mixin.py:188} INFO - [2025-12-29T03:58:18.455+0000] {dag.py:3947} INFO - Setting next_dagrun for weather_hourly to 2025-12-29 03:15:00+00:00, run_after=2025-12-29 04:15:00+00:00
[2025-12-29T03:58:18.472+0000] {processor.py:183} INFO - Processing /opt/airflow/dags/weather_hourly.py took 0.082 seconds
[2025-12-29T03:58:48.690+0000] {processor.py:161} INFO - Started process (PID=337) to work on /opt/airflow/dags/weather_hourly.py
[2025-12-29T03:58:48.691+0000] {processor.py:830} INFO - Processing file /opt/airflow/dags/weather_hourly.py for tasks to queue
[2025-12-29T03:58:48.693+0000] {logging_mixin.py:188} INFO - [2025-12-29T03:58:48.692+0000] {dagbag.py:545} INFO - Filling up the DagBag from /opt/airflow/dags/weather_hourly.py
[2025-12-29T03:58:48.708+0000] {processor.py:840} INFO - DAG(s) 'weather_hourly' retrieved from /opt/airflow/dags/weather_hourly.py
[2025-12-29T03:58:48.742+0000] {logging_mixin.py:188} INFO - [2025-12-29T03:58:48.741+0000] {dag.py:3089} INFO - Sync 1 DAGs
[2025-12-29T03:58:48.763+0000] {logging_mixin.py:188} INFO - [2025-12-29T03:58:48.763+0000] {dag.py:3947} INFO - Setting next_dagrun for weather_hourly to 2025-12-29 03:15:00+00:00, run_after=2025-12-29 04:15:00+00:00
[2025-12-29T03:58:48.780+0000] {processor.py:183} INFO - Processing /opt/airflow/dags/weather_hourly.py took 0.095 seconds
[2025-12-29T03:59:19.002+0000] {processor.py:161} INFO - Started process (PID=347) to work on /opt/airflow/dags/weather_hourly.py
[2025-12-29T03:59:19.002+0000] {processor.py:830} INFO - Processing file /opt/airflow/dags/weather_hourly.py for tasks to queue
[2025-12-29T03:59:19.004+0000] {logging_mixin.py:188} INFO - [2025-12-29T03:59:19.003+0000] {dagbag.py:545} INFO - Filling up the DagBag from /opt/airflow/dags/weather_hourly.py
[2025-12-29T03:59:19.018+0000] {processor.py:840} INFO - DAG(s) 'weather_hourly' retrieved from /opt/airflow/dags/weather_hourly.py
[2025-12-29T03:59:19.046+0000] {logging_mixin.py:188} INFO - [2025-12-29T03:59:19.046+0000] {dag.py:3089} INFO - Sync 1 DAGs
[2025-12-29T03:59:19.068+0000] {logging_mixin.py:188} INFO - [2025-12-29T03:59:19.067+0000] {dag.py:3947} INFO - Setting next_dagrun for weather_hourly to 2025-12-29 03:15:00+00:00, run_after=2025-12-29 04:15:00+00:00
[2025-12-29T03:59:19.088+0000] {processor.py:183} INFO - Processing /opt/airflow/dags/weather_hourly.py took 0.090 seconds
[2025-12-29T03:59:49.293+0000] {processor.py:161} INFO - Started process (PID=357) to work on /opt/airflow/dags/weather_hourly.py
[2025-12-29T03:59:49.294+0000] {processor.py:830} INFO - Processing file /opt/airflow/dags/weather_hourly.py for tasks to queue
[2025-12-29T03:59:49.295+0000] {logging_mixin.py:188} INFO - [2025-12-29T03:59:49.295+0000] {dagbag.py:545} INFO - Filling up the DagBag from /opt/airflow/dags/weather_hourly.py
[2025-12-29T03:59:49.309+0000] {processor.py:840} INFO - DAG(s) 'weather_hourly' retrieved from /opt/airflow/dags/weather_hourly.py
[2025-12-29T03:59:49.336+0000] {logging_mixin.py:188} INFO - [2025-12-29T03:59:49.336+0000] {dag.py:3089} INFO - Sync 1 DAGs
[2025-12-29T03:59:49.358+0000] {logging_mixin.py:188} INFO - [2025-12-29T03:59:49.358+0000] {dag.py:3947} INFO - Setting next_dagrun for weather_hourly to 2025-12-29 03:15:00+00:00, run_after=2025-12-29 04:15:00+00:00
[2025-12-29T03:59:49.376+0000] {processor.py:183} INFO - Processing /opt/airflow/dags/weather_hourly.py took 0.087 seconds
[2025-12-29T04:00:19.495+0000] {processor.py:161} INFO - Started process (PID=367) to work on /opt/airflow/dags/weather_hourly.py
[2025-12-29T04:00:19.496+0000] {processor.py:830} INFO - Processing file /opt/airflow/dags/weather_hourly.py for tasks to queue
[2025-12-29T04:00:19.497+0000] {logging_mixin.py:188} INFO - [2025-12-29T04:00:19.497+0000] {dagbag.py:545} INFO - Filling up the DagBag from /opt/airflow/dags/weather_hourly.py
[2025-12-29T04:00:19.513+0000] {processor.py:840} INFO - DAG(s) 'weather_hourly' retrieved from /opt/airflow/dags/weather_hourly.py
[2025-12-29T04:00:19.543+0000] {logging_mixin.py:188} INFO - [2025-12-29T04:00:19.542+0000] {dag.py:3089} INFO - Sync 1 DAGs
[2025-12-29T04:00:19.563+0000] {logging_mixin.py:188} INFO - [2025-12-29T04:00:19.563+0000] {dag.py:3947} INFO - Setting next_dagrun for weather_hourly to 2025-12-29 03:15:00+00:00, run_after=2025-12-29 04:15:00+00:00
[2025-12-29T04:00:19.580+0000] {processor.py:183} INFO - Processing /opt/airflow/dags/weather_hourly.py took 0.089 seconds
[2025-12-29T04:00:49.799+0000] {processor.py:161} INFO - Started process (PID=377) to work on /opt/airflow/dags/weather_hourly.py
[2025-12-29T04:00:49.800+0000] {processor.py:830} INFO - Processing file /opt/airflow/dags/weather_hourly.py for tasks to queue
[2025-12-29T04:00:49.801+0000] {logging_mixin.py:188} INFO - [2025-12-29T04:00:49.801+0000] {dagbag.py:545} INFO - Filling up the DagBag from /opt/airflow/dags/weather_hourly.py
[2025-12-29T04:00:49.817+0000] {processor.py:840} INFO - DAG(s) 'weather_hourly' retrieved from /opt/airflow/dags/weather_hourly.py
[2025-12-29T04:00:49.844+0000] {logging_mixin.py:188} INFO - [2025-12-29T04:00:49.844+0000] {dag.py:3089} INFO - Sync 1 DAGs
[2025-12-29T04:00:49.863+0000] {logging_mixin.py:188} INFO - [2025-12-29T04:00:49.863+0000] {dag.py:3947} INFO - Setting next_dagrun for weather_hourly to 2025-12-29 03:15:00+00:00, run_after=2025-12-29 04:15:00+00:00
[2025-12-29T04:00:49.879+0000] {processor.py:183} INFO - Processing /opt/airflow/dags/weather_hourly.py took 0.084 seconds
[2025-12-29T04:01:20.081+0000] {processor.py:161} INFO - Started process (PID=387) to work on /opt/airflow/dags/weather_hourly.py
[2025-12-29T04:01:20.082+0000] {processor.py:830} INFO - Processing file /opt/airflow/dags/weather_hourly.py for tasks to queue
[2025-12-29T04:01:20.083+0000] {logging_mixin.py:188} INFO - [2025-12-29T04:01:20.083+0000] {dagbag.py:545} INFO - Filling up the DagBag from /opt/airflow/dags/weather_hourly.py
[2025-12-29T04:01:20.098+0000] {processor.py:840} INFO - DAG(s) 'weather_hourly' retrieved from /opt/airflow/dags/weather_hourly.py
[2025-12-29T04:01:20.125+0000] {logging_mixin.py:188} INFO - [2025-12-29T04:01:20.124+0000] {dag.py:3089} INFO - Sync 1 DAGs
[2025-12-29T04:01:20.145+0000] {logging_mixin.py:188} INFO - [2025-12-29T04:01:20.145+0000] {dag.py:3947} INFO - Setting next_dagrun for weather_hourly to 2025-12-29 03:15:00+00:00, run_after=2025-12-29 04:15:00+00:00
[2025-12-29T04:01:20.161+0000] {processor.py:183} INFO - Processing /opt/airflow/dags/weather_hourly.py took 0.084 seconds
[2025-12-29T04:01:50.403+0000] {processor.py:161} INFO - Started process (PID=397) to work on /opt/airflow/dags/weather_hourly.py
[2025-12-29T04:01:50.404+0000] {processor.py:830} INFO - Processing file /opt/airflow/dags/weather_hourly.py for tasks to queue
[2025-12-29T04:01:50.406+0000] {logging_mixin.py:188} INFO - [2025-12-29T04:01:50.405+0000] {dagbag.py:545} INFO - Filling up the DagBag from /opt/airflow/dags/weather_hourly.py
[2025-12-29T04:01:50.425+0000] {processor.py:840} INFO - DAG(s) 'weather_hourly' retrieved from /opt/airflow/dags/weather_hourly.py
[2025-12-29T04:01:50.456+0000] {logging_mixin.py:188} INFO - [2025-12-29T04:01:50.456+0000] {dag.py:3089} INFO - Sync 1 DAGs
[2025-12-29T04:01:50.479+0000] {logging_mixin.py:188} INFO - [2025-12-29T04:01:50.479+0000] {dag.py:3947} INFO - Setting next_dagrun for weather_hourly to 2025-12-29 03:15:00+00:00, run_after=2025-12-29 04:15:00+00:00
[2025-12-29T04:01:50.499+0000] {processor.py:183} INFO - Processing /opt/airflow/dags/weather_hourly.py took 0.100 seconds
[2025-12-29T04:02:20.715+0000] {processor.py:161} INFO - Started process (PID=407) to work on /opt/airflow/dags/weather_hourly.py
[2025-12-29T04:02:20.715+0000] {processor.py:830} INFO - Processing file /opt/airflow/dags/weather_hourly.py for tasks to queue
[2025-12-29T04:02:20.717+0000] {logging_mixin.py:188} INFO - [2025-12-29T04:02:20.716+0000] {dagbag.py:545} INFO - Filling up the DagBag from /opt/airflow/dags/weather_hourly.py
[2025-12-29T04:02:20.730+0000] {processor.py:840} INFO - DAG(s) 'weather_hourly' retrieved from /opt/airflow/dags/weather_hourly.py
[2025-12-29T04:02:20.758+0000] {logging_mixin.py:188} INFO - [2025-12-29T04:02:20.758+0000] {dag.py:3089} INFO - Sync 1 DAGs
[2025-12-29T04:02:20.780+0000] {logging_mixin.py:188} INFO - [2025-12-29T04:02:20.779+0000] {dag.py:3947} INFO - Setting next_dagrun for weather_hourly to 2025-12-29 03:15:00+00:00, run_after=2025-12-29 04:15:00+00:00
[2025-12-29T04:02:20.796+0000] {processor.py:183} INFO - Processing /opt/airflow/dags/weather_hourly.py took 0.086 seconds
[2025-12-29T04:02:51.004+0000] {processor.py:161} INFO - Started process (PID=417) to work on /opt/airflow/dags/weather_hourly.py
[2025-12-29T04:02:51.005+0000] {processor.py:830} INFO - Processing file /opt/airflow/dags/weather_hourly.py for tasks to queue
[2025-12-29T04:02:51.006+0000] {logging_mixin.py:188} INFO - [2025-12-29T04:02:51.006+0000] {dagbag.py:545} INFO - Filling up the DagBag from /opt/airflow/dags/weather_hourly.py
[2025-12-29T04:02:51.020+0000] {processor.py:840} INFO - DAG(s) 'weather_hourly' retrieved from /opt/airflow/dags/weather_hourly.py
[2025-12-29T04:02:51.048+0000] {logging_mixin.py:188} INFO - [2025-12-29T04:02:51.047+0000] {dag.py:3089} INFO - Sync 1 DAGs
[2025-12-29T04:02:51.070+0000] {logging_mixin.py:188} INFO - [2025-12-29T04:02:51.070+0000] {dag.py:3947} INFO - Setting next_dagrun for weather_hourly to 2025-12-29 03:15:00+00:00, run_after=2025-12-29 04:15:00+00:00
[2025-12-29T04:02:51.087+0000] {processor.py:183} INFO - Processing /opt/airflow/dags/weather_hourly.py took 0.087 seconds
[2025-12-29T04:03:21.303+0000] {processor.py:161} INFO - Started process (PID=427) to work on /opt/airflow/dags/weather_hourly.py
[2025-12-29T04:03:21.304+0000] {processor.py:830} INFO - Processing file /opt/airflow/dags/weather_hourly.py for tasks to queue
[2025-12-29T04:03:21.305+0000] {logging_mixin.py:188} INFO - [2025-12-29T04:03:21.305+0000] {dagbag.py:545} INFO - Filling up the DagBag from /opt/airflow/dags/weather_hourly.py
[2025-12-29T04:03:21.317+0000] {processor.py:840} INFO - DAG(s) 'weather_hourly' retrieved from /opt/airflow/dags/weather_hourly.py
[2025-12-29T04:03:21.344+0000] {logging_mixin.py:188} INFO - [2025-12-29T04:03:21.344+0000] {dag.py:3089} INFO - Sync 1 DAGs
[2025-12-29T04:03:21.367+0000] {logging_mixin.py:188} INFO - [2025-12-29T04:03:21.367+0000] {dag.py:3947} INFO - Setting next_dagrun for weather_hourly to 2025-12-29 03:15:00+00:00, run_after=2025-12-29 04:15:00+00:00
[2025-12-29T04:03:21.385+0000] {processor.py:183} INFO - Processing /opt/airflow/dags/weather_hourly.py took 0.086 seconds
[2025-12-29T04:03:51.596+0000] {processor.py:161} INFO - Started process (PID=437) to work on /opt/airflow/dags/weather_hourly.py
[2025-12-29T04:03:51.596+0000] {processor.py:830} INFO - Processing file /opt/airflow/dags/weather_hourly.py for tasks to queue
[2025-12-29T04:03:51.598+0000] {logging_mixin.py:188} INFO - [2025-12-29T04:03:51.597+0000] {dagbag.py:545} INFO - Filling up the DagBag from /opt/airflow/dags/weather_hourly.py
[2025-12-29T04:03:51.612+0000] {processor.py:840} INFO - DAG(s) 'weather_hourly' retrieved from /opt/airflow/dags/weather_hourly.py
[2025-12-29T04:03:51.639+0000] {logging_mixin.py:188} INFO - [2025-12-29T04:03:51.639+0000] {dag.py:3089} INFO - Sync 1 DAGs
[2025-12-29T04:03:51.659+0000] {logging_mixin.py:188} INFO - [2025-12-29T04:03:51.659+0000] {dag.py:3947} INFO - Setting next_dagrun for weather_hourly to 2025-12-29 03:15:00+00:00, run_after=2025-12-29 04:15:00+00:00
[2025-12-29T04:03:51.676+0000] {processor.py:183} INFO - Processing /opt/airflow/dags/weather_hourly.py took 0.084 seconds
[2025-12-29T04:04:21.879+0000] {processor.py:161} INFO - Started process (PID=447) to work on /opt/airflow/dags/weather_hourly.py
[2025-12-29T04:04:21.880+0000] {processor.py:830} INFO - Processing file /opt/airflow/dags/weather_hourly.py for tasks to queue
[2025-12-29T04:04:21.882+0000] {logging_mixin.py:188} INFO - [2025-12-29T04:04:21.881+0000] {dagbag.py:545} INFO - Filling up the DagBag from /opt/airflow/dags/weather_hourly.py
[2025-12-29T04:04:21.897+0000] {processor.py:840} INFO - DAG(s) 'weather_hourly' retrieved from /opt/airflow/dags/weather_hourly.py
[2025-12-29T04:04:21.925+0000] {logging_mixin.py:188} INFO - [2025-12-29T04:04:21.925+0000] {dag.py:3089} INFO - Sync 1 DAGs
[2025-12-29T04:04:21.946+0000] {logging_mixin.py:188} INFO - [2025-12-29T04:04:21.946+0000] {dag.py:3947} INFO - Setting next_dagrun for weather_hourly to 2025-12-29 03:15:00+00:00, run_after=2025-12-29 04:15:00+00:00
[2025-12-29T04:04:21.963+0000] {processor.py:183} INFO - Processing /opt/airflow/dags/weather_hourly.py took 0.088 seconds
[2025-12-29T04:04:52.170+0000] {processor.py:161} INFO - Started process (PID=457) to work on /opt/airflow/dags/weather_hourly.py
[2025-12-29T04:04:52.171+0000] {processor.py:830} INFO - Processing file /opt/airflow/dags/weather_hourly.py for tasks to queue
[2025-12-29T04:04:52.172+0000] {logging_mixin.py:188} INFO - [2025-12-29T04:04:52.172+0000] {dagbag.py:545} INFO - Filling up the DagBag from /opt/airflow/dags/weather_hourly.py
[2025-12-29T04:04:52.185+0000] {processor.py:840} INFO - DAG(s) 'weather_hourly' retrieved from /opt/airflow/dags/weather_hourly.py
[2025-12-29T04:04:52.209+0000] {logging_mixin.py:188} INFO - [2025-12-29T04:04:52.209+0000] {dag.py:3089} INFO - Sync 1 DAGs
[2025-12-29T04:04:52.227+0000] {logging_mixin.py:188} INFO - [2025-12-29T04:04:52.227+0000] {dag.py:3947} INFO - Setting next_dagrun for weather_hourly to 2025-12-29 03:15:00+00:00, run_after=2025-12-29 04:15:00+00:00
[2025-12-29T04:04:52.247+0000] {processor.py:183} INFO - Processing /opt/airflow/dags/weather_hourly.py took 0.081 seconds
[2025-12-29T04:05:22.461+0000] {processor.py:161} INFO - Started process (PID=467) to work on /opt/airflow/dags/weather_hourly.py
[2025-12-29T04:05:22.461+0000] {processor.py:830} INFO - Processing file /opt/airflow/dags/weather_hourly.py for tasks to queue
[2025-12-29T04:05:22.463+0000] {logging_mixin.py:188} INFO - [2025-12-29T04:05:22.462+0000] {dagbag.py:545} INFO - Filling up the DagBag from /opt/airflow/dags/weather_hourly.py
[2025-12-29T04:05:22.476+0000] {processor.py:840} INFO - DAG(s) 'weather_hourly' retrieved from /opt/airflow/dags/weather_hourly.py
[2025-12-29T04:05:22.500+0000] {logging_mixin.py:188} INFO - [2025-12-29T04:05:22.500+0000] {dag.py:3089} INFO - Sync 1 DAGs
[2025-12-29T04:05:22.519+0000] {logging_mixin.py:188} INFO - [2025-12-29T04:05:22.519+0000] {dag.py:3947} INFO - Setting next_dagrun for weather_hourly to 2025-12-29 03:15:00+00:00, run_after=2025-12-29 04:15:00+00:00
[2025-12-29T04:05:22.535+0000] {processor.py:183} INFO - Processing /opt/airflow/dags/weather_hourly.py took 0.078 seconds
[2025-12-29T04:05:52.751+0000] {processor.py:161} INFO - Started process (PID=477) to work on /opt/airflow/dags/weather_hourly.py
[2025-12-29T04:05:52.752+0000] {processor.py:830} INFO - Processing file /opt/airflow/dags/weather_hourly.py for tasks to queue
[2025-12-29T04:05:52.754+0000] {logging_mixin.py:188} INFO - [2025-12-29T04:05:52.753+0000] {dagbag.py:545} INFO - Filling up the DagBag from /opt/airflow/dags/weather_hourly.py
[2025-12-29T04:05:52.770+0000] {processor.py:840} INFO - DAG(s) 'weather_hourly' retrieved from /opt/airflow/dags/weather_hourly.py
[2025-12-29T04:05:52.800+0000] {logging_mixin.py:188} INFO - [2025-12-29T04:05:52.800+0000] {dag.py:3089} INFO - Sync 1 DAGs
[2025-12-29T04:05:52.824+0000] {logging_mixin.py:188} INFO - [2025-12-29T04:05:52.824+0000] {dag.py:3947} INFO - Setting next_dagrun for weather_hourly to 2025-12-29 03:15:00+00:00, run_after=2025-12-29 04:15:00+00:00
[2025-12-29T04:05:52.842+0000] {processor.py:183} INFO - Processing /opt/airflow/dags/weather_hourly.py took 0.097 seconds
[2025-12-29T04:06:23.050+0000] {processor.py:161} INFO - Started process (PID=487) to work on /opt/airflow/dags/weather_hourly.py
[2025-12-29T04:06:23.051+0000] {processor.py:830} INFO - Processing file /opt/airflow/dags/weather_hourly.py for tasks to queue
[2025-12-29T04:06:23.053+0000] {logging_mixin.py:188} INFO - [2025-12-29T04:06:23.052+0000] {dagbag.py:545} INFO - Filling up the DagBag from /opt/airflow/dags/weather_hourly.py
[2025-12-29T04:06:23.067+0000] {processor.py:840} INFO - DAG(s) 'weather_hourly' retrieved from /opt/airflow/dags/weather_hourly.py
[2025-12-29T04:06:23.093+0000] {logging_mixin.py:188} INFO - [2025-12-29T04:06:23.092+0000] {dag.py:3089} INFO - Sync 1 DAGs
[2025-12-29T04:06:23.112+0000] {logging_mixin.py:188} INFO - [2025-12-29T04:06:23.111+0000] {dag.py:3947} INFO - Setting next_dagrun for weather_hourly to 2025-12-29 03:15:00+00:00, run_after=2025-12-29 04:15:00+00:00
[2025-12-29T04:06:23.128+0000] {processor.py:183} INFO - Processing /opt/airflow/dags/weather_hourly.py took 0.083 seconds
[2025-12-29T04:06:53.359+0000] {processor.py:161} INFO - Started process (PID=497) to work on /opt/airflow/dags/weather_hourly.py
[2025-12-29T04:06:53.359+0000] {processor.py:830} INFO - Processing file /opt/airflow/dags/weather_hourly.py for tasks to queue
[2025-12-29T04:06:53.361+0000] {logging_mixin.py:188} INFO - [2025-12-29T04:06:53.360+0000] {dagbag.py:545} INFO - Filling up the DagBag from /opt/airflow/dags/weather_hourly.py
[2025-12-29T04:06:53.374+0000] {processor.py:840} INFO - DAG(s) 'weather_hourly' retrieved from /opt/airflow/dags/weather_hourly.py
[2025-12-29T04:06:53.399+0000] {logging_mixin.py:188} INFO - [2025-12-29T04:06:53.399+0000] {dag.py:3089} INFO - Sync 1 DAGs
[2025-12-29T04:06:53.419+0000] {logging_mixin.py:188} INFO - [2025-12-29T04:06:53.419+0000] {dag.py:3947} INFO - Setting next_dagrun for weather_hourly to 2025-12-29 03:15:00+00:00, run_after=2025-12-29 04:15:00+00:00
[2025-12-29T04:06:53.435+0000] {processor.py:183} INFO - Processing /opt/airflow/dags/weather_hourly.py took 0.081 seconds
[2025-12-29T04:07:23.637+0000] {processor.py:161} INFO - Started process (PID=507) to work on /opt/airflow/dags/weather_hourly.py
[2025-12-29T04:07:23.638+0000] {processor.py:830} INFO - Processing file /opt/airflow/dags/weather_hourly.py for tasks to queue
[2025-12-29T04:07:23.639+0000] {logging_mixin.py:188} INFO - [2025-12-29T04:07:23.639+0000] {dagbag.py:545} INFO - Filling up the DagBag from /opt/airflow/dags/weather_hourly.py
[2025-12-29T04:07:23.653+0000] {processor.py:840} INFO - DAG(s) 'weather_hourly' retrieved from /opt/airflow/dags/weather_hourly.py
[2025-12-29T04:07:23.679+0000] {logging_mixin.py:188} INFO - [2025-12-29T04:07:23.679+0000] {dag.py:3089} INFO - Sync 1 DAGs
[2025-12-29T04:07:23.701+0000] {logging_mixin.py:188} INFO - [2025-12-29T04:07:23.700+0000] {dag.py:3947} INFO - Setting next_dagrun for weather_hourly to 2025-12-29 03:15:00+00:00, run_after=2025-12-29 04:15:00+00:00
[2025-12-29T04:07:23.718+0000] {processor.py:183} INFO - Processing /opt/airflow/dags/weather_hourly.py took 0.085 seconds
[2025-12-29T04:07:53.911+0000] {processor.py:161} INFO - Started process (PID=517) to work on /opt/airflow/dags/weather_hourly.py
[2025-12-29T04:07:53.912+0000] {processor.py:830} INFO - Processing file /opt/airflow/dags/weather_hourly.py for tasks to queue
[2025-12-29T04:07:53.913+0000] {logging_mixin.py:188} INFO - [2025-12-29T04:07:53.913+0000] {dagbag.py:545} INFO - Filling up the DagBag from /opt/airflow/dags/weather_hourly.py
[2025-12-29T04:07:53.927+0000] {processor.py:840} INFO - DAG(s) 'weather_hourly' retrieved from /opt/airflow/dags/weather_hourly.py
[2025-12-29T04:07:53.953+0000] {logging_mixin.py:188} INFO - [2025-12-29T04:07:53.953+0000] {dag.py:3089} INFO - Sync 1 DAGs
[2025-12-29T04:07:53.976+0000] {logging_mixin.py:188} INFO - [2025-12-29T04:07:53.976+0000] {dag.py:3947} INFO - Setting next_dagrun for weather_hourly to 2025-12-29 03:15:00+00:00, run_after=2025-12-29 04:15:00+00:00
[2025-12-29T04:07:53.995+0000] {processor.py:183} INFO - Processing /opt/airflow/dags/weather_hourly.py took 0.088 seconds
[2025-12-29T04:08:24.198+0000] {processor.py:161} INFO - Started process (PID=527) to work on /opt/airflow/dags/weather_hourly.py
[2025-12-29T04:08:24.199+0000] {processor.py:830} INFO - Processing file /opt/airflow/dags/weather_hourly.py for tasks to queue
[2025-12-29T04:08:24.200+0000] {logging_mixin.py:188} INFO - [2025-12-29T04:08:24.200+0000] {dagbag.py:545} INFO - Filling up the DagBag from /opt/airflow/dags/weather_hourly.py
[2025-12-29T04:08:24.213+0000] {processor.py:840} INFO - DAG(s) 'weather_hourly' retrieved from /opt/airflow/dags/weather_hourly.py
[2025-12-29T04:08:24.238+0000] {logging_mixin.py:188} INFO - [2025-12-29T04:08:24.238+0000] {dag.py:3089} INFO - Sync 1 DAGs
[2025-12-29T04:08:24.258+0000] {logging_mixin.py:188} INFO - [2025-12-29T04:08:24.258+0000] {dag.py:3947} INFO - Setting next_dagrun for weather_hourly to 2025-12-29 03:15:00+00:00, run_after=2025-12-29 04:15:00+00:00
[2025-12-29T04:08:24.274+0000] {processor.py:183} INFO - Processing /opt/airflow/dags/weather_hourly.py took 0.080 seconds
[2025-12-29T04:08:54.482+0000] {processor.py:161} INFO - Started process (PID=537) to work on /opt/airflow/dags/weather_hourly.py
[2025-12-29T04:08:54.483+0000] {processor.py:830} INFO - Processing file /opt/airflow/dags/weather_hourly.py for tasks to queue
[2025-12-29T04:08:54.484+0000] {logging_mixin.py:188} INFO - [2025-12-29T04:08:54.484+0000] {dagbag.py:545} INFO - Filling up the DagBag from /opt/airflow/dags/weather_hourly.py
[2025-12-29T04:08:54.497+0000] {processor.py:840} INFO - DAG(s) 'weather_hourly' retrieved from /opt/airflow/dags/weather_hourly.py
[2025-12-29T04:08:54.523+0000] {logging_mixin.py:188} INFO - [2025-12-29T04:08:54.523+0000] {dag.py:3089} INFO - Sync 1 DAGs
[2025-12-29T04:08:54.543+0000] {logging_mixin.py:188} INFO - [2025-12-29T04:08:54.543+0000] {dag.py:3947} INFO - Setting next_dagrun for weather_hourly to 2025-12-29 03:15:00+00:00, run_after=2025-12-29 04:15:00+00:00
[2025-12-29T04:08:54.560+0000] {processor.py:183} INFO - Processing /opt/airflow/dags/weather_hourly.py took 0.082 seconds
[2025-12-29T04:09:24.766+0000] {processor.py:161} INFO - Started process (PID=547) to work on /opt/airflow/dags/weather_hourly.py
[2025-12-29T04:09:24.767+0000] {processor.py:830} INFO - Processing file /opt/airflow/dags/weather_hourly.py for tasks to queue
[2025-12-29T04:09:24.768+0000] {logging_mixin.py:188} INFO - [2025-12-29T04:09:24.768+0000] {dagbag.py:545} INFO - Filling up the DagBag from /opt/airflow/dags/weather_hourly.py
[2025-12-29T04:09:24.782+0000] {processor.py:840} INFO - DAG(s) 'weather_hourly' retrieved from /opt/airflow/dags/weather_hourly.py
[2025-12-29T04:09:24.807+0000] {logging_mixin.py:188} INFO - [2025-12-29T04:09:24.807+0000] {dag.py:3089} INFO - Sync 1 DAGs
[2025-12-29T04:09:24.827+0000] {logging_mixin.py:188} INFO - [2025-12-29T04:09:24.826+0000] {dag.py:3947} INFO - Setting next_dagrun for weather_hourly to 2025-12-29 03:15:00+00:00, run_after=2025-12-29 04:15:00+00:00
[2025-12-29T04:09:24.844+0000] {processor.py:183} INFO - Processing /opt/airflow/dags/weather_hourly.py took 0.083 seconds
[2025-12-29T04:09:55.048+0000] {processor.py:161} INFO - Started process (PID=557) to work on /opt/airflow/dags/weather_hourly.py
[2025-12-29T04:09:55.049+0000] {processor.py:830} INFO - Processing file /opt/airflow/dags/weather_hourly.py for tasks to queue
[2025-12-29T04:09:55.051+0000] {logging_mixin.py:188} INFO - [2025-12-29T04:09:55.050+0000] {dagbag.py:545} INFO - Filling up the DagBag from /opt/airflow/dags/weather_hourly.py
[2025-12-29T04:09:55.067+0000] {processor.py:840} INFO - DAG(s) 'weather_hourly' retrieved from /opt/airflow/dags/weather_hourly.py
[2025-12-29T04:09:55.093+0000] {logging_mixin.py:188} INFO - [2025-12-29T04:09:55.093+0000] {dag.py:3089} INFO - Sync 1 DAGs
[2025-12-29T04:09:55.114+0000] {logging_mixin.py:188} INFO - [2025-12-29T04:09:55.113+0000] {dag.py:3947} INFO - Setting next_dagrun for weather_hourly to 2025-12-29 03:15:00+00:00, run_after=2025-12-29 04:15:00+00:00
[2025-12-29T04:09:55.130+0000] {processor.py:183} INFO - Processing /opt/airflow/dags/weather_hourly.py took 0.087 seconds
[2025-12-29T04:10:25.328+0000] {processor.py:161} INFO - Started process (PID=567) to work on /opt/airflow/dags/weather_hourly.py
[2025-12-29T04:10:25.329+0000] {processor.py:830} INFO - Processing file /opt/airflow/dags/weather_hourly.py for tasks to queue
[2025-12-29T04:10:25.330+0000] {logging_mixin.py:188} INFO - [2025-12-29T04:10:25.330+0000] {dagbag.py:545} INFO - Filling up the DagBag from /opt/airflow/dags/weather_hourly.py
[2025-12-29T04:10:25.344+0000] {processor.py:840} INFO - DAG(s) 'weather_hourly' retrieved from /opt/airflow/dags/weather_hourly.py
[2025-12-29T04:10:25.374+0000] {logging_mixin.py:188} INFO - [2025-12-29T04:10:25.373+0000] {dag.py:3089} INFO - Sync 1 DAGs
[2025-12-29T04:10:25.397+0000] {logging_mixin.py:188} INFO - [2025-12-29T04:10:25.396+0000] {dag.py:3947} INFO - Setting next_dagrun for weather_hourly to 2025-12-29 03:15:00+00:00, run_after=2025-12-29 04:15:00+00:00
[2025-12-29T04:10:25.416+0000] {processor.py:183} INFO - Processing /opt/airflow/dags/weather_hourly.py took 0.092 seconds
[2025-12-29T04:10:55.523+0000] {processor.py:161} INFO - Started process (PID=577) to work on /opt/airflow/dags/weather_hourly.py
[2025-12-29T04:10:55.524+0000] {processor.py:830} INFO - Processing file /opt/airflow/dags/weather_hourly.py for tasks to queue
[2025-12-29T04:10:55.525+0000] {logging_mixin.py:188} INFO - [2025-12-29T04:10:55.525+0000] {dagbag.py:545} INFO - Filling up the DagBag from /opt/airflow/dags/weather_hourly.py
[2025-12-29T04:10:55.541+0000] {processor.py:840} INFO - DAG(s) 'weather_hourly' retrieved from /opt/airflow/dags/weather_hourly.py
[2025-12-29T04:10:55.568+0000] {logging_mixin.py:188} INFO - [2025-12-29T04:10:55.568+0000] {dag.py:3089} INFO - Sync 1 DAGs
[2025-12-29T04:10:55.591+0000] {logging_mixin.py:188} INFO - [2025-12-29T04:10:55.591+0000] {dag.py:3947} INFO - Setting next_dagrun for weather_hourly to 2025-12-29 03:15:00+00:00, run_after=2025-12-29 04:15:00+00:00
[2025-12-29T04:10:55.610+0000] {processor.py:183} INFO - Processing /opt/airflow/dags/weather_hourly.py took 0.091 seconds
[2025-12-29T04:11:25.764+0000] {processor.py:161} INFO - Started process (PID=587) to work on /opt/airflow/dags/weather_hourly.py
[2025-12-29T04:11:25.765+0000] {processor.py:830} INFO - Processing file /opt/airflow/dags/weather_hourly.py for tasks to queue
[2025-12-29T04:11:25.766+0000] {logging_mixin.py:188} INFO - [2025-12-29T04:11:25.766+0000] {dagbag.py:545} INFO - Filling up the DagBag from /opt/airflow/dags/weather_hourly.py
[2025-12-29T04:11:25.780+0000] {processor.py:840} INFO - DAG(s) 'weather_hourly' retrieved from /opt/airflow/dags/weather_hourly.py
[2025-12-29T04:11:25.803+0000] {logging_mixin.py:188} INFO - [2025-12-29T04:11:25.803+0000] {dag.py:3089} INFO - Sync 1 DAGs
[2025-12-29T04:11:25.822+0000] {logging_mixin.py:188} INFO - [2025-12-29T04:11:25.822+0000] {dag.py:3947} INFO - Setting next_dagrun for weather_hourly to 2025-12-29 03:15:00+00:00, run_after=2025-12-29 04:15:00+00:00
[2025-12-29T04:11:25.837+0000] {processor.py:183} INFO - Processing /opt/airflow/dags/weather_hourly.py took 0.077 seconds
[2025-12-29T04:11:56.061+0000] {processor.py:161} INFO - Started process (PID=597) to work on /opt/airflow/dags/weather_hourly.py
[2025-12-29T04:11:56.062+0000] {processor.py:830} INFO - Processing file /opt/airflow/dags/weather_hourly.py for tasks to queue
[2025-12-29T04:11:56.063+0000] {logging_mixin.py:188} INFO - [2025-12-29T04:11:56.063+0000] {dagbag.py:545} INFO - Filling up the DagBag from /opt/airflow/dags/weather_hourly.py
[2025-12-29T04:11:56.076+0000] {processor.py:840} INFO - DAG(s) 'weather_hourly' retrieved from /opt/airflow/dags/weather_hourly.py
[2025-12-29T04:11:56.100+0000] {logging_mixin.py:188} INFO - [2025-12-29T04:11:56.099+0000] {dag.py:3089} INFO - Sync 1 DAGs
[2025-12-29T04:11:56.117+0000] {logging_mixin.py:188} INFO - [2025-12-29T04:11:56.117+0000] {dag.py:3947} INFO - Setting next_dagrun for weather_hourly to 2025-12-29 03:15:00+00:00, run_after=2025-12-29 04:15:00+00:00
[2025-12-29T04:11:56.134+0000] {processor.py:183} INFO - Processing /opt/airflow/dags/weather_hourly.py took 0.077 seconds
[2025-12-29T04:12:26.342+0000] {processor.py:161} INFO - Started process (PID=607) to work on /opt/airflow/dags/weather_hourly.py
[2025-12-29T04:12:26.342+0000] {processor.py:830} INFO - Processing file /opt/airflow/dags/weather_hourly.py for tasks to queue
[2025-12-29T04:12:26.344+0000] {logging_mixin.py:188} INFO - [2025-12-29T04:12:26.343+0000] {dagbag.py:545} INFO - Filling up the DagBag from /opt/airflow/dags/weather_hourly.py
[2025-12-29T04:12:26.357+0000] {processor.py:840} INFO - DAG(s) 'weather_hourly' retrieved from /opt/airflow/dags/weather_hourly.py
[2025-12-29T04:12:26.381+0000] {logging_mixin.py:188} INFO - [2025-12-29T04:12:26.381+0000] {dag.py:3089} INFO - Sync 1 DAGs
[2025-12-29T04:12:26.399+0000] {logging_mixin.py:188} INFO - [2025-12-29T04:12:26.399+0000] {dag.py:3947} INFO - Setting next_dagrun for weather_hourly to 2025-12-29 03:15:00+00:00, run_after=2025-12-29 04:15:00+00:00
[2025-12-29T04:12:26.415+0000] {processor.py:183} INFO - Processing /opt/airflow/dags/weather_hourly.py took 0.077 seconds
[2025-12-29T04:12:56.614+0000] {processor.py:161} INFO - Started process (PID=617) to work on /opt/airflow/dags/weather_hourly.py
[2025-12-29T04:12:56.615+0000] {processor.py:830} INFO - Processing file /opt/airflow/dags/weather_hourly.py for tasks to queue
[2025-12-29T04:12:56.616+0000] {logging_mixin.py:188} INFO - [2025-12-29T04:12:56.616+0000] {dagbag.py:545} INFO - Filling up the DagBag from /opt/airflow/dags/weather_hourly.py
[2025-12-29T04:12:56.631+0000] {processor.py:840} INFO - DAG(s) 'weather_hourly' retrieved from /opt/airflow/dags/weather_hourly.py
[2025-12-29T04:12:56.657+0000] {logging_mixin.py:188} INFO - [2025-12-29T04:12:56.657+0000] {dag.py:3089} INFO - Sync 1 DAGs
[2025-12-29T04:12:56.684+0000] {logging_mixin.py:188} INFO - [2025-12-29T04:12:56.683+0000] {dag.py:3947} INFO - Setting next_dagrun for weather_hourly to 2025-12-29 03:15:00+00:00, run_after=2025-12-29 04:15:00+00:00
[2025-12-29T04:12:56.701+0000] {processor.py:183} INFO - Processing /opt/airflow/dags/weather_hourly.py took 0.091 seconds
[2025-12-29T04:13:26.900+0000] {processor.py:161} INFO - Started process (PID=627) to work on /opt/airflow/dags/weather_hourly.py
[2025-12-29T04:13:26.900+0000] {processor.py:830} INFO - Processing file /opt/airflow/dags/weather_hourly.py for tasks to queue
[2025-12-29T04:13:26.901+0000] {logging_mixin.py:188} INFO - [2025-12-29T04:13:26.901+0000] {dagbag.py:545} INFO - Filling up the DagBag from /opt/airflow/dags/weather_hourly.py
[2025-12-29T04:13:26.915+0000] {processor.py:840} INFO - DAG(s) 'weather_hourly' retrieved from /opt/airflow/dags/weather_hourly.py
[2025-12-29T04:13:26.943+0000] {logging_mixin.py:188} INFO - [2025-12-29T04:13:26.943+0000] {dag.py:3089} INFO - Sync 1 DAGs
[2025-12-29T04:13:26.963+0000] {logging_mixin.py:188} INFO - [2025-12-29T04:13:26.963+0000] {dag.py:3947} INFO - Setting next_dagrun for weather_hourly to 2025-12-29 03:15:00+00:00, run_after=2025-12-29 04:15:00+00:00
[2025-12-29T04:13:26.983+0000] {processor.py:183} INFO - Processing /opt/airflow/dags/weather_hourly.py took 0.087 seconds
[2025-12-29T04:13:57.182+0000] {processor.py:161} INFO - Started process (PID=637) to work on /opt/airflow/dags/weather_hourly.py
[2025-12-29T04:13:57.183+0000] {processor.py:830} INFO - Processing file /opt/airflow/dags/weather_hourly.py for tasks to queue
[2025-12-29T04:13:57.184+0000] {logging_mixin.py:188} INFO - [2025-12-29T04:13:57.184+0000] {dagbag.py:545} INFO - Filling up the DagBag from /opt/airflow/dags/weather_hourly.py
[2025-12-29T04:13:57.198+0000] {processor.py:840} INFO - DAG(s) 'weather_hourly' retrieved from /opt/airflow/dags/weather_hourly.py
[2025-12-29T04:13:57.223+0000] {logging_mixin.py:188} INFO - [2025-12-29T04:13:57.223+0000] {dag.py:3089} INFO - Sync 1 DAGs
[2025-12-29T04:13:57.245+0000] {logging_mixin.py:188} INFO - [2025-12-29T04:13:57.245+0000] {dag.py:3947} INFO - Setting next_dagrun for weather_hourly to 2025-12-29 03:15:00+00:00, run_after=2025-12-29 04:15:00+00:00
[2025-12-29T04:13:57.261+0000] {processor.py:183} INFO - Processing /opt/airflow/dags/weather_hourly.py took 0.083 seconds
[2025-12-29T04:14:27.465+0000] {processor.py:161} INFO - Started process (PID=647) to work on /opt/airflow/dags/weather_hourly.py
[2025-12-29T04:14:27.465+0000] {processor.py:830} INFO - Processing file /opt/airflow/dags/weather_hourly.py for tasks to queue
[2025-12-29T04:14:27.467+0000] {logging_mixin.py:188} INFO - [2025-12-29T04:14:27.466+0000] {dagbag.py:545} INFO - Filling up the DagBag from /opt/airflow/dags/weather_hourly.py
[2025-12-29T04:14:27.480+0000] {processor.py:840} INFO - DAG(s) 'weather_hourly' retrieved from /opt/airflow/dags/weather_hourly.py
[2025-12-29T04:14:27.506+0000] {logging_mixin.py:188} INFO - [2025-12-29T04:14:27.505+0000] {dag.py:3089} INFO - Sync 1 DAGs
[2025-12-29T04:14:27.524+0000] {logging_mixin.py:188} INFO - [2025-12-29T04:14:27.524+0000] {dag.py:3947} INFO - Setting next_dagrun for weather_hourly to 2025-12-29 03:15:00+00:00, run_after=2025-12-29 04:15:00+00:00
[2025-12-29T04:14:27.540+0000] {processor.py:183} INFO - Processing /opt/airflow/dags/weather_hourly.py took 0.080 seconds
[2025-12-29T04:14:57.748+0000] {processor.py:161} INFO - Started process (PID=657) to work on /opt/airflow/dags/weather_hourly.py
[2025-12-29T04:14:57.748+0000] {processor.py:830} INFO - Processing file /opt/airflow/dags/weather_hourly.py for tasks to queue
[2025-12-29T04:14:57.749+0000] {logging_mixin.py:188} INFO - [2025-12-29T04:14:57.749+0000] {dagbag.py:545} INFO - Filling up the DagBag from /opt/airflow/dags/weather_hourly.py
[2025-12-29T04:14:57.762+0000] {processor.py:840} INFO - DAG(s) 'weather_hourly' retrieved from /opt/airflow/dags/weather_hourly.py
[2025-12-29T04:14:57.787+0000] {logging_mixin.py:188} INFO - [2025-12-29T04:14:57.787+0000] {dag.py:3089} INFO - Sync 1 DAGs
[2025-12-29T04:14:57.805+0000] {logging_mixin.py:188} INFO - [2025-12-29T04:14:57.804+0000] {dag.py:3947} INFO - Setting next_dagrun for weather_hourly to 2025-12-29 03:15:00+00:00, run_after=2025-12-29 04:15:00+00:00
[2025-12-29T04:14:57.821+0000] {processor.py:183} INFO - Processing /opt/airflow/dags/weather_hourly.py took 0.078 seconds
[2025-12-29T04:15:28.023+0000] {processor.py:161} INFO - Started process (PID=675) to work on /opt/airflow/dags/weather_hourly.py
[2025-12-29T04:15:28.024+0000] {processor.py:830} INFO - Processing file /opt/airflow/dags/weather_hourly.py for tasks to queue
[2025-12-29T04:15:28.025+0000] {logging_mixin.py:188} INFO - [2025-12-29T04:15:28.025+0000] {dagbag.py:545} INFO - Filling up the DagBag from /opt/airflow/dags/weather_hourly.py
[2025-12-29T04:15:28.040+0000] {processor.py:840} INFO - DAG(s) 'weather_hourly' retrieved from /opt/airflow/dags/weather_hourly.py
[2025-12-29T04:15:28.065+0000] {logging_mixin.py:188} INFO - [2025-12-29T04:15:28.065+0000] {dag.py:3089} INFO - Sync 1 DAGs
[2025-12-29T04:15:28.087+0000] {logging_mixin.py:188} INFO - [2025-12-29T04:15:28.086+0000] {dag.py:3947} INFO - Setting next_dagrun for weather_hourly to 2025-12-29 04:15:00+00:00, run_after=2025-12-29 05:15:00+00:00
[2025-12-29T04:15:28.104+0000] {processor.py:183} INFO - Processing /opt/airflow/dags/weather_hourly.py took 0.085 seconds
[2025-12-29T04:15:58.307+0000] {processor.py:161} INFO - Started process (PID=685) to work on /opt/airflow/dags/weather_hourly.py
[2025-12-29T04:15:58.307+0000] {processor.py:830} INFO - Processing file /opt/airflow/dags/weather_hourly.py for tasks to queue
[2025-12-29T04:15:58.309+0000] {logging_mixin.py:188} INFO - [2025-12-29T04:15:58.308+0000] {dagbag.py:545} INFO - Filling up the DagBag from /opt/airflow/dags/weather_hourly.py
[2025-12-29T04:15:58.324+0000] {processor.py:840} INFO - DAG(s) 'weather_hourly' retrieved from /opt/airflow/dags/weather_hourly.py
[2025-12-29T04:15:58.352+0000] {logging_mixin.py:188} INFO - [2025-12-29T04:15:58.351+0000] {dag.py:3089} INFO - Sync 1 DAGs
[2025-12-29T04:15:58.373+0000] {logging_mixin.py:188} INFO - [2025-12-29T04:15:58.373+0000] {dag.py:3947} INFO - Setting next_dagrun for weather_hourly to 2025-12-29 04:15:00+00:00, run_after=2025-12-29 05:15:00+00:00
[2025-12-29T04:15:58.391+0000] {processor.py:183} INFO - Processing /opt/airflow/dags/weather_hourly.py took 0.090 seconds
[2025-12-29T04:16:28.606+0000] {processor.py:161} INFO - Started process (PID=695) to work on /opt/airflow/dags/weather_hourly.py
[2025-12-29T04:16:28.607+0000] {processor.py:830} INFO - Processing file /opt/airflow/dags/weather_hourly.py for tasks to queue
[2025-12-29T04:16:28.608+0000] {logging_mixin.py:188} INFO - [2025-12-29T04:16:28.608+0000] {dagbag.py:545} INFO - Filling up the DagBag from /opt/airflow/dags/weather_hourly.py
[2025-12-29T04:16:28.623+0000] {processor.py:840} INFO - DAG(s) 'weather_hourly' retrieved from /opt/airflow/dags/weather_hourly.py
[2025-12-29T04:16:28.648+0000] {logging_mixin.py:188} INFO - [2025-12-29T04:16:28.648+0000] {dag.py:3089} INFO - Sync 1 DAGs
[2025-12-29T04:16:28.667+0000] {logging_mixin.py:188} INFO - [2025-12-29T04:16:28.667+0000] {dag.py:3947} INFO - Setting next_dagrun for weather_hourly to 2025-12-29 04:15:00+00:00, run_after=2025-12-29 05:15:00+00:00
[2025-12-29T04:16:28.684+0000] {processor.py:183} INFO - Processing /opt/airflow/dags/weather_hourly.py took 0.082 seconds
[2025-12-29T04:16:58.829+0000] {processor.py:161} INFO - Started process (PID=705) to work on /opt/airflow/dags/weather_hourly.py
[2025-12-29T04:16:58.829+0000] {processor.py:830} INFO - Processing file /opt/airflow/dags/weather_hourly.py for tasks to queue
[2025-12-29T04:16:58.831+0000] {logging_mixin.py:188} INFO - [2025-12-29T04:16:58.831+0000] {dagbag.py:545} INFO - Filling up the DagBag from /opt/airflow/dags/weather_hourly.py
[2025-12-29T04:16:58.844+0000] {processor.py:840} INFO - DAG(s) 'weather_hourly' retrieved from /opt/airflow/dags/weather_hourly.py
[2025-12-29T04:16:58.868+0000] {logging_mixin.py:188} INFO - [2025-12-29T04:16:58.868+0000] {dag.py:3089} INFO - Sync 1 DAGs
[2025-12-29T04:16:58.888+0000] {logging_mixin.py:188} INFO - [2025-12-29T04:16:58.888+0000] {dag.py:3947} INFO - Setting next_dagrun for weather_hourly to 2025-12-29 04:15:00+00:00, run_after=2025-12-29 05:15:00+00:00
[2025-12-29T04:16:58.905+0000] {processor.py:183} INFO - Processing /opt/airflow/dags/weather_hourly.py took 0.081 seconds
[2025-12-29T04:17:29.117+0000] {processor.py:161} INFO - Started process (PID=715) to work on /opt/airflow/dags/weather_hourly.py
[2025-12-29T04:17:29.118+0000] {processor.py:830} INFO - Processing file /opt/airflow/dags/weather_hourly.py for tasks to queue
[2025-12-29T04:17:29.119+0000] {logging_mixin.py:188} INFO - [2025-12-29T04:17:29.119+0000] {dagbag.py:545} INFO - Filling up the DagBag from /opt/airflow/dags/weather_hourly.py
[2025-12-29T04:17:29.133+0000] {processor.py:840} INFO - DAG(s) 'weather_hourly' retrieved from /opt/airflow/dags/weather_hourly.py
[2025-12-29T04:17:29.158+0000] {logging_mixin.py:188} INFO - [2025-12-29T04:17:29.158+0000] {dag.py:3089} INFO - Sync 1 DAGs
[2025-12-29T04:17:29.178+0000] {logging_mixin.py:188} INFO - [2025-12-29T04:17:29.177+0000] {dag.py:3947} INFO - Setting next_dagrun for weather_hourly to 2025-12-29 04:15:00+00:00, run_after=2025-12-29 05:15:00+00:00
[2025-12-29T04:17:29.194+0000] {processor.py:183} INFO - Processing /opt/airflow/dags/weather_hourly.py took 0.081 seconds
[2025-12-29T04:17:59.399+0000] {processor.py:161} INFO - Started process (PID=725) to work on /opt/airflow/dags/weather_hourly.py
[2025-12-29T04:17:59.400+0000] {processor.py:830} INFO - Processing file /opt/airflow/dags/weather_hourly.py for tasks to queue
[2025-12-29T04:17:59.401+0000] {logging_mixin.py:188} INFO - [2025-12-29T04:17:59.401+0000] {dagbag.py:545} INFO - Filling up the DagBag from /opt/airflow/dags/weather_hourly.py
[2025-12-29T04:17:59.415+0000] {processor.py:840} INFO - DAG(s) 'weather_hourly' retrieved from /opt/airflow/dags/weather_hourly.py
[2025-12-29T04:17:59.439+0000] {logging_mixin.py:188} INFO - [2025-12-29T04:17:59.439+0000] {dag.py:3089} INFO - Sync 1 DAGs
[2025-12-29T04:17:59.457+0000] {logging_mixin.py:188} INFO - [2025-12-29T04:17:59.457+0000] {dag.py:3947} INFO - Setting next_dagrun for weather_hourly to 2025-12-29 04:15:00+00:00, run_after=2025-12-29 05:15:00+00:00
[2025-12-29T04:17:59.473+0000] {processor.py:183} INFO - Processing /opt/airflow/dags/weather_hourly.py took 0.078 seconds
[2025-12-29T04:18:29.595+0000] {processor.py:161} INFO - Started process (PID=735) to work on /opt/airflow/dags/weather_hourly.py
[2025-12-29T04:18:29.596+0000] {processor.py:830} INFO - Processing file /opt/airflow/dags/weather_hourly.py for tasks to queue
[2025-12-29T04:18:29.597+0000] {logging_mixin.py:188} INFO - [2025-12-29T04:18:29.597+0000] {dagbag.py:545} INFO - Filling up the DagBag from /opt/airflow/dags/weather_hourly.py
[2025-12-29T04:18:29.610+0000] {processor.py:840} INFO - DAG(s) 'weather_hourly' retrieved from /opt/airflow/dags/weather_hourly.py
[2025-12-29T04:18:29.635+0000] {logging_mixin.py:188} INFO - [2025-12-29T04:18:29.634+0000] {dag.py:3089} INFO - Sync 1 DAGs
[2025-12-29T04:18:29.653+0000] {logging_mixin.py:188} INFO - [2025-12-29T04:18:29.653+0000] {dag.py:3947} INFO - Setting next_dagrun for weather_hourly to 2025-12-29 04:15:00+00:00, run_after=2025-12-29 05:15:00+00:00
[2025-12-29T04:18:29.669+0000] {processor.py:183} INFO - Processing /opt/airflow/dags/weather_hourly.py took 0.079 seconds
[2025-12-29T04:18:59.814+0000] {processor.py:161} INFO - Started process (PID=745) to work on /opt/airflow/dags/weather_hourly.py
[2025-12-29T04:18:59.815+0000] {processor.py:830} INFO - Processing file /opt/airflow/dags/weather_hourly.py for tasks to queue
[2025-12-29T04:18:59.816+0000] {logging_mixin.py:188} INFO - [2025-12-29T04:18:59.816+0000] {dagbag.py:545} INFO - Filling up the DagBag from /opt/airflow/dags/weather_hourly.py
[2025-12-29T04:18:59.829+0000] {processor.py:840} INFO - DAG(s) 'weather_hourly' retrieved from /opt/airflow/dags/weather_hourly.py
[2025-12-29T04:18:59.853+0000] {logging_mixin.py:188} INFO - [2025-12-29T04:18:59.853+0000] {dag.py:3089} INFO - Sync 1 DAGs
[2025-12-29T04:18:59.872+0000] {logging_mixin.py:188} INFO - [2025-12-29T04:18:59.872+0000] {dag.py:3947} INFO - Setting next_dagrun for weather_hourly to 2025-12-29 04:15:00+00:00, run_after=2025-12-29 05:15:00+00:00
[2025-12-29T04:18:59.890+0000] {processor.py:183} INFO - Processing /opt/airflow/dags/weather_hourly.py took 0.080 seconds
[2025-12-29T04:19:30.093+0000] {processor.py:161} INFO - Started process (PID=755) to work on /opt/airflow/dags/weather_hourly.py
[2025-12-29T04:19:30.093+0000] {processor.py:830} INFO - Processing file /opt/airflow/dags/weather_hourly.py for tasks to queue
[2025-12-29T04:19:30.095+0000] {logging_mixin.py:188} INFO - [2025-12-29T04:19:30.094+0000] {dagbag.py:545} INFO - Filling up the DagBag from /opt/airflow/dags/weather_hourly.py
[2025-12-29T04:19:30.110+0000] {processor.py:840} INFO - DAG(s) 'weather_hourly' retrieved from /opt/airflow/dags/weather_hourly.py
[2025-12-29T04:19:30.143+0000] {logging_mixin.py:188} INFO - [2025-12-29T04:19:30.143+0000] {dag.py:3089} INFO - Sync 1 DAGs
[2025-12-29T04:19:30.165+0000] {logging_mixin.py:188} INFO - [2025-12-29T04:19:30.164+0000] {dag.py:3947} INFO - Setting next_dagrun for weather_hourly to 2025-12-29 04:15:00+00:00, run_after=2025-12-29 05:15:00+00:00
[2025-12-29T04:19:30.180+0000] {processor.py:183} INFO - Processing /opt/airflow/dags/weather_hourly.py took 0.092 seconds
[2025-12-29T04:20:00.389+0000] {processor.py:161} INFO - Started process (PID=765) to work on /opt/airflow/dags/weather_hourly.py
[2025-12-29T04:20:00.389+0000] {processor.py:830} INFO - Processing file /opt/airflow/dags/weather_hourly.py for tasks to queue
[2025-12-29T04:20:00.391+0000] {logging_mixin.py:188} INFO - [2025-12-29T04:20:00.390+0000] {dagbag.py:545} INFO - Filling up the DagBag from /opt/airflow/dags/weather_hourly.py
[2025-12-29T04:20:00.404+0000] {processor.py:840} INFO - DAG(s) 'weather_hourly' retrieved from /opt/airflow/dags/weather_hourly.py
[2025-12-29T04:20:00.438+0000] {logging_mixin.py:188} INFO - [2025-12-29T04:20:00.437+0000] {dag.py:3089} INFO - Sync 1 DAGs
[2025-12-29T04:20:00.456+0000] {logging_mixin.py:188} INFO - [2025-12-29T04:20:00.455+0000] {dag.py:3947} INFO - Setting next_dagrun for weather_hourly to 2025-12-29 04:15:00+00:00, run_after=2025-12-29 05:15:00+00:00
[2025-12-29T04:20:00.470+0000] {processor.py:183} INFO - Processing /opt/airflow/dags/weather_hourly.py took 0.085 seconds
[2025-12-29T04:20:30.676+0000] {processor.py:161} INFO - Started process (PID=775) to work on /opt/airflow/dags/weather_hourly.py
[2025-12-29T04:20:30.677+0000] {processor.py:830} INFO - Processing file /opt/airflow/dags/weather_hourly.py for tasks to queue
[2025-12-29T04:20:30.678+0000] {logging_mixin.py:188} INFO - [2025-12-29T04:20:30.678+0000] {dagbag.py:545} INFO - Filling up the DagBag from /opt/airflow/dags/weather_hourly.py
[2025-12-29T04:20:30.692+0000] {processor.py:840} INFO - DAG(s) 'weather_hourly' retrieved from /opt/airflow/dags/weather_hourly.py
[2025-12-29T04:20:30.727+0000] {logging_mixin.py:188} INFO - [2025-12-29T04:20:30.727+0000] {dag.py:3089} INFO - Sync 1 DAGs
[2025-12-29T04:20:30.747+0000] {logging_mixin.py:188} INFO - [2025-12-29T04:20:30.747+0000] {dag.py:3947} INFO - Setting next_dagrun for weather_hourly to 2025-12-29 04:15:00+00:00, run_after=2025-12-29 05:15:00+00:00
[2025-12-29T04:20:30.763+0000] {processor.py:183} INFO - Processing /opt/airflow/dags/weather_hourly.py took 0.091 seconds
[2025-12-29T04:21:00.974+0000] {processor.py:161} INFO - Started process (PID=785) to work on /opt/airflow/dags/weather_hourly.py
[2025-12-29T04:21:00.975+0000] {processor.py:830} INFO - Processing file /opt/airflow/dags/weather_hourly.py for tasks to queue
[2025-12-29T04:21:00.976+0000] {logging_mixin.py:188} INFO - [2025-12-29T04:21:00.976+0000] {dagbag.py:545} INFO - Filling up the DagBag from /opt/airflow/dags/weather_hourly.py
[2025-12-29T04:21:01.004+0000] {processor.py:840} INFO - DAG(s) 'weather_hourly' retrieved from /opt/airflow/dags/weather_hourly.py
[2025-12-29T04:21:01.032+0000] {logging_mixin.py:188} INFO - [2025-12-29T04:21:01.031+0000] {dag.py:3089} INFO - Sync 1 DAGs
[2025-12-29T04:21:01.051+0000] {logging_mixin.py:188} INFO - [2025-12-29T04:21:01.051+0000] {dag.py:3947} INFO - Setting next_dagrun for weather_hourly to 2025-12-29 04:15:00+00:00, run_after=2025-12-29 05:15:00+00:00
[2025-12-29T04:21:01.067+0000] {processor.py:183} INFO - Processing /opt/airflow/dags/weather_hourly.py took 0.098 seconds
[2025-12-29T04:21:31.272+0000] {processor.py:161} INFO - Started process (PID=795) to work on /opt/airflow/dags/weather_hourly.py
[2025-12-29T04:21:31.273+0000] {processor.py:830} INFO - Processing file /opt/airflow/dags/weather_hourly.py for tasks to queue
[2025-12-29T04:21:31.275+0000] {logging_mixin.py:188} INFO - [2025-12-29T04:21:31.275+0000] {dagbag.py:545} INFO - Filling up the DagBag from /opt/airflow/dags/weather_hourly.py
[2025-12-29T04:21:31.288+0000] {processor.py:840} INFO - DAG(s) 'weather_hourly' retrieved from /opt/airflow/dags/weather_hourly.py
[2025-12-29T04:21:31.315+0000] {logging_mixin.py:188} INFO - [2025-12-29T04:21:31.315+0000] {dag.py:3089} INFO - Sync 1 DAGs
[2025-12-29T04:21:31.334+0000] {logging_mixin.py:188} INFO - [2025-12-29T04:21:31.333+0000] {dag.py:3947} INFO - Setting next_dagrun for weather_hourly to 2025-12-29 04:15:00+00:00, run_after=2025-12-29 05:15:00+00:00
[2025-12-29T04:21:31.348+0000] {processor.py:183} INFO - Processing /opt/airflow/dags/weather_hourly.py took 0.081 seconds
[2025-12-29T04:22:01.591+0000] {processor.py:161} INFO - Started process (PID=805) to work on /opt/airflow/dags/weather_hourly.py
[2025-12-29T04:22:01.591+0000] {processor.py:830} INFO - Processing file /opt/airflow/dags/weather_hourly.py for tasks to queue
[2025-12-29T04:22:01.593+0000] {logging_mixin.py:188} INFO - [2025-12-29T04:22:01.593+0000] {dagbag.py:545} INFO - Filling up the DagBag from /opt/airflow/dags/weather_hourly.py
[2025-12-29T04:22:01.606+0000] {processor.py:840} INFO - DAG(s) 'weather_hourly' retrieved from /opt/airflow/dags/weather_hourly.py
[2025-12-29T04:22:01.629+0000] {logging_mixin.py:188} INFO - [2025-12-29T04:22:01.629+0000] {dag.py:3089} INFO - Sync 1 DAGs
[2025-12-29T04:22:01.651+0000] {logging_mixin.py:188} INFO - [2025-12-29T04:22:01.650+0000] {dag.py:3947} INFO - Setting next_dagrun for weather_hourly to 2025-12-29 04:15:00+00:00, run_after=2025-12-29 05:15:00+00:00
[2025-12-29T04:22:01.668+0000] {processor.py:183} INFO - Processing /opt/airflow/dags/weather_hourly.py took 0.081 seconds
[2025-12-29T04:22:31.876+0000] {processor.py:161} INFO - Started process (PID=815) to work on /opt/airflow/dags/weather_hourly.py
[2025-12-29T04:22:31.877+0000] {processor.py:830} INFO - Processing file /opt/airflow/dags/weather_hourly.py for tasks to queue
[2025-12-29T04:22:31.878+0000] {logging_mixin.py:188} INFO - [2025-12-29T04:22:31.878+0000] {dagbag.py:545} INFO - Filling up the DagBag from /opt/airflow/dags/weather_hourly.py
[2025-12-29T04:22:31.891+0000] {processor.py:840} INFO - DAG(s) 'weather_hourly' retrieved from /opt/airflow/dags/weather_hourly.py
[2025-12-29T04:22:31.917+0000] {logging_mixin.py:188} INFO - [2025-12-29T04:22:31.917+0000] {dag.py:3089} INFO - Sync 1 DAGs
[2025-12-29T04:22:31.938+0000] {logging_mixin.py:188} INFO - [2025-12-29T04:22:31.937+0000] {dag.py:3947} INFO - Setting next_dagrun for weather_hourly to 2025-12-29 04:15:00+00:00, run_after=2025-12-29 05:15:00+00:00
[2025-12-29T04:22:31.954+0000] {processor.py:183} INFO - Processing /opt/airflow/dags/weather_hourly.py took 0.082 seconds
[2025-12-29T04:23:02.163+0000] {processor.py:161} INFO - Started process (PID=825) to work on /opt/airflow/dags/weather_hourly.py
[2025-12-29T04:23:02.164+0000] {processor.py:830} INFO - Processing file /opt/airflow/dags/weather_hourly.py for tasks to queue
[2025-12-29T04:23:02.165+0000] {logging_mixin.py:188} INFO - [2025-12-29T04:23:02.165+0000] {dagbag.py:545} INFO - Filling up the DagBag from /opt/airflow/dags/weather_hourly.py
[2025-12-29T04:23:02.180+0000] {processor.py:840} INFO - DAG(s) 'weather_hourly' retrieved from /opt/airflow/dags/weather_hourly.py
[2025-12-29T04:23:02.206+0000] {logging_mixin.py:188} INFO - [2025-12-29T04:23:02.205+0000] {dag.py:3089} INFO - Sync 1 DAGs
[2025-12-29T04:23:02.225+0000] {logging_mixin.py:188} INFO - [2025-12-29T04:23:02.225+0000] {dag.py:3947} INFO - Setting next_dagrun for weather_hourly to 2025-12-29 04:15:00+00:00, run_after=2025-12-29 05:15:00+00:00
[2025-12-29T04:23:02.241+0000] {processor.py:183} INFO - Processing /opt/airflow/dags/weather_hourly.py took 0.083 seconds
[2025-12-29T04:23:32.457+0000] {processor.py:161} INFO - Started process (PID=835) to work on /opt/airflow/dags/weather_hourly.py
[2025-12-29T04:23:32.458+0000] {processor.py:830} INFO - Processing file /opt/airflow/dags/weather_hourly.py for tasks to queue
[2025-12-29T04:23:32.459+0000] {logging_mixin.py:188} INFO - [2025-12-29T04:23:32.459+0000] {dagbag.py:545} INFO - Filling up the DagBag from /opt/airflow/dags/weather_hourly.py
[2025-12-29T04:23:32.473+0000] {processor.py:840} INFO - DAG(s) 'weather_hourly' retrieved from /opt/airflow/dags/weather_hourly.py
[2025-12-29T04:23:32.498+0000] {logging_mixin.py:188} INFO - [2025-12-29T04:23:32.498+0000] {dag.py:3089} INFO - Sync 1 DAGs
[2025-12-29T04:23:32.516+0000] {logging_mixin.py:188} INFO - [2025-12-29T04:23:32.515+0000] {dag.py:3947} INFO - Setting next_dagrun for weather_hourly to 2025-12-29 04:15:00+00:00, run_after=2025-12-29 05:15:00+00:00
[2025-12-29T04:23:32.532+0000] {processor.py:183} INFO - Processing /opt/airflow/dags/weather_hourly.py took 0.079 seconds
[2025-12-29T04:24:02.740+0000] {processor.py:161} INFO - Started process (PID=845) to work on /opt/airflow/dags/weather_hourly.py
[2025-12-29T04:24:02.741+0000] {processor.py:830} INFO - Processing file /opt/airflow/dags/weather_hourly.py for tasks to queue
[2025-12-29T04:24:02.742+0000] {logging_mixin.py:188} INFO - [2025-12-29T04:24:02.742+0000] {dagbag.py:545} INFO - Filling up the DagBag from /opt/airflow/dags/weather_hourly.py
[2025-12-29T04:24:02.755+0000] {processor.py:840} INFO - DAG(s) 'weather_hourly' retrieved from /opt/airflow/dags/weather_hourly.py
[2025-12-29T04:24:02.779+0000] {logging_mixin.py:188} INFO - [2025-12-29T04:24:02.778+0000] {dag.py:3089} INFO - Sync 1 DAGs
[2025-12-29T04:24:02.799+0000] {logging_mixin.py:188} INFO - [2025-12-29T04:24:02.798+0000] {dag.py:3947} INFO - Setting next_dagrun for weather_hourly to 2025-12-29 04:15:00+00:00, run_after=2025-12-29 05:15:00+00:00
[2025-12-29T04:24:02.815+0000] {processor.py:183} INFO - Processing /opt/airflow/dags/weather_hourly.py took 0.079 seconds
[2025-12-29T04:24:32.932+0000] {processor.py:161} INFO - Started process (PID=855) to work on /opt/airflow/dags/weather_hourly.py
[2025-12-29T04:24:32.933+0000] {processor.py:830} INFO - Processing file /opt/airflow/dags/weather_hourly.py for tasks to queue
[2025-12-29T04:24:32.934+0000] {logging_mixin.py:188} INFO - [2025-12-29T04:24:32.934+0000] {dagbag.py:545} INFO - Filling up the DagBag from /opt/airflow/dags/weather_hourly.py
[2025-12-29T04:24:32.947+0000] {processor.py:840} INFO - DAG(s) 'weather_hourly' retrieved from /opt/airflow/dags/weather_hourly.py
[2025-12-29T04:24:32.971+0000] {logging_mixin.py:188} INFO - [2025-12-29T04:24:32.971+0000] {dag.py:3089} INFO - Sync 1 DAGs
[2025-12-29T04:24:32.991+0000] {logging_mixin.py:188} INFO - [2025-12-29T04:24:32.991+0000] {dag.py:3947} INFO - Setting next_dagrun for weather_hourly to 2025-12-29 04:15:00+00:00, run_after=2025-12-29 05:15:00+00:00
[2025-12-29T04:24:33.008+0000] {processor.py:183} INFO - Processing /opt/airflow/dags/weather_hourly.py took 0.080 seconds
[2025-12-29T04:25:03.222+0000] {processor.py:161} INFO - Started process (PID=865) to work on /opt/airflow/dags/weather_hourly.py
[2025-12-29T04:25:03.222+0000] {processor.py:830} INFO - Processing file /opt/airflow/dags/weather_hourly.py for tasks to queue
[2025-12-29T04:25:03.224+0000] {logging_mixin.py:188} INFO - [2025-12-29T04:25:03.224+0000] {dagbag.py:545} INFO - Filling up the DagBag from /opt/airflow/dags/weather_hourly.py
[2025-12-29T04:25:03.239+0000] {processor.py:840} INFO - DAG(s) 'weather_hourly' retrieved from /opt/airflow/dags/weather_hourly.py
[2025-12-29T04:25:03.267+0000] {logging_mixin.py:188} INFO - [2025-12-29T04:25:03.267+0000] {dag.py:3089} INFO - Sync 1 DAGs
[2025-12-29T04:25:03.289+0000] {logging_mixin.py:188} INFO - [2025-12-29T04:25:03.289+0000] {dag.py:3947} INFO - Setting next_dagrun for weather_hourly to 2025-12-29 04:15:00+00:00, run_after=2025-12-29 05:15:00+00:00
[2025-12-29T04:25:03.307+0000] {processor.py:183} INFO - Processing /opt/airflow/dags/weather_hourly.py took 0.090 seconds
[2025-12-29T04:25:33.412+0000] {processor.py:161} INFO - Started process (PID=875) to work on /opt/airflow/dags/weather_hourly.py
[2025-12-29T04:25:33.413+0000] {processor.py:830} INFO - Processing file /opt/airflow/dags/weather_hourly.py for tasks to queue
[2025-12-29T04:25:33.414+0000] {logging_mixin.py:188} INFO - [2025-12-29T04:25:33.413+0000] {dagbag.py:545} INFO - Filling up the DagBag from /opt/airflow/dags/weather_hourly.py
[2025-12-29T04:25:33.426+0000] {processor.py:840} INFO - DAG(s) 'weather_hourly' retrieved from /opt/airflow/dags/weather_hourly.py
[2025-12-29T04:25:33.452+0000] {logging_mixin.py:188} INFO - [2025-12-29T04:25:33.452+0000] {dag.py:3089} INFO - Sync 1 DAGs
[2025-12-29T04:25:33.471+0000] {logging_mixin.py:188} INFO - [2025-12-29T04:25:33.471+0000] {dag.py:3947} INFO - Setting next_dagrun for weather_hourly to 2025-12-29 04:15:00+00:00, run_after=2025-12-29 05:15:00+00:00
[2025-12-29T04:25:33.487+0000] {processor.py:183} INFO - Processing /opt/airflow/dags/weather_hourly.py took 0.079 seconds
[2025-12-29T04:26:03.697+0000] {processor.py:161} INFO - Started process (PID=885) to work on /opt/airflow/dags/weather_hourly.py
[2025-12-29T04:26:03.698+0000] {processor.py:830} INFO - Processing file /opt/airflow/dags/weather_hourly.py for tasks to queue
[2025-12-29T04:26:03.700+0000] {logging_mixin.py:188} INFO - [2025-12-29T04:26:03.699+0000] {dagbag.py:545} INFO - Filling up the DagBag from /opt/airflow/dags/weather_hourly.py
[2025-12-29T04:26:03.719+0000] {processor.py:840} INFO - DAG(s) 'weather_hourly' retrieved from /opt/airflow/dags/weather_hourly.py
[2025-12-29T04:26:03.755+0000] {logging_mixin.py:188} INFO - [2025-12-29T04:26:03.754+0000] {dag.py:3089} INFO - Sync 1 DAGs
[2025-12-29T04:26:03.780+0000] {logging_mixin.py:188} INFO - [2025-12-29T04:26:03.780+0000] {dag.py:3947} INFO - Setting next_dagrun for weather_hourly to 2025-12-29 04:15:00+00:00, run_after=2025-12-29 05:15:00+00:00
[2025-12-29T04:26:03.801+0000] {processor.py:183} INFO - Processing /opt/airflow/dags/weather_hourly.py took 0.109 seconds
[2025-12-29T04:26:34.012+0000] {processor.py:161} INFO - Started process (PID=895) to work on /opt/airflow/dags/weather_hourly.py
[2025-12-29T04:26:34.013+0000] {processor.py:830} INFO - Processing file /opt/airflow/dags/weather_hourly.py for tasks to queue
[2025-12-29T04:26:34.014+0000] {logging_mixin.py:188} INFO - [2025-12-29T04:26:34.014+0000] {dagbag.py:545} INFO - Filling up the DagBag from /opt/airflow/dags/weather_hourly.py
[2025-12-29T04:26:34.027+0000] {processor.py:840} INFO - DAG(s) 'weather_hourly' retrieved from /opt/airflow/dags/weather_hourly.py
[2025-12-29T04:26:34.050+0000] {logging_mixin.py:188} INFO - [2025-12-29T04:26:34.050+0000] {dag.py:3089} INFO - Sync 1 DAGs
[2025-12-29T04:26:34.069+0000] {logging_mixin.py:188} INFO - [2025-12-29T04:26:34.069+0000] {dag.py:3947} INFO - Setting next_dagrun for weather_hourly to 2025-12-29 04:15:00+00:00, run_after=2025-12-29 05:15:00+00:00
[2025-12-29T04:26:34.087+0000] {processor.py:183} INFO - Processing /opt/airflow/dags/weather_hourly.py took 0.078 seconds
[2025-12-29T04:27:04.331+0000] {processor.py:161} INFO - Started process (PID=905) to work on /opt/airflow/dags/weather_hourly.py
[2025-12-29T04:27:04.332+0000] {processor.py:830} INFO - Processing file /opt/airflow/dags/weather_hourly.py for tasks to queue
[2025-12-29T04:27:04.334+0000] {logging_mixin.py:188} INFO - [2025-12-29T04:27:04.334+0000] {dagbag.py:545} INFO - Filling up the DagBag from /opt/airflow/dags/weather_hourly.py
[2025-12-29T04:27:04.348+0000] {processor.py:840} INFO - DAG(s) 'weather_hourly' retrieved from /opt/airflow/dags/weather_hourly.py
[2025-12-29T04:27:04.374+0000] {logging_mixin.py:188} INFO - [2025-12-29T04:27:04.374+0000] {dag.py:3089} INFO - Sync 1 DAGs
[2025-12-29T04:27:04.395+0000] {logging_mixin.py:188} INFO - [2025-12-29T04:27:04.395+0000] {dag.py:3947} INFO - Setting next_dagrun for weather_hourly to 2025-12-29 04:15:00+00:00, run_after=2025-12-29 05:15:00+00:00
[2025-12-29T04:27:04.413+0000] {processor.py:183} INFO - Processing /opt/airflow/dags/weather_hourly.py took 0.087 seconds
[2025-12-29T04:27:34.621+0000] {processor.py:161} INFO - Started process (PID=915) to work on /opt/airflow/dags/weather_hourly.py
[2025-12-29T04:27:34.622+0000] {processor.py:830} INFO - Processing file /opt/airflow/dags/weather_hourly.py for tasks to queue
[2025-12-29T04:27:34.624+0000] {logging_mixin.py:188} INFO - [2025-12-29T04:27:34.623+0000] {dagbag.py:545} INFO - Filling up the DagBag from /opt/airflow/dags/weather_hourly.py
[2025-12-29T04:27:34.640+0000] {processor.py:840} INFO - DAG(s) 'weather_hourly' retrieved from /opt/airflow/dags/weather_hourly.py
[2025-12-29T04:27:34.671+0000] {logging_mixin.py:188} INFO - [2025-12-29T04:27:34.671+0000] {dag.py:3089} INFO - Sync 1 DAGs
[2025-12-29T04:27:34.692+0000] {logging_mixin.py:188} INFO - [2025-12-29T04:27:34.692+0000] {dag.py:3947} INFO - Setting next_dagrun for weather_hourly to 2025-12-29 04:15:00+00:00, run_after=2025-12-29 05:15:00+00:00
[2025-12-29T04:27:34.711+0000] {processor.py:183} INFO - Processing /opt/airflow/dags/weather_hourly.py took 0.095 seconds
[2025-12-29T04:28:04.913+0000] {processor.py:161} INFO - Started process (PID=925) to work on /opt/airflow/dags/weather_hourly.py
[2025-12-29T04:28:04.914+0000] {processor.py:830} INFO - Processing file /opt/airflow/dags/weather_hourly.py for tasks to queue
[2025-12-29T04:28:04.915+0000] {logging_mixin.py:188} INFO - [2025-12-29T04:28:04.915+0000] {dagbag.py:545} INFO - Filling up the DagBag from /opt/airflow/dags/weather_hourly.py
[2025-12-29T04:28:04.930+0000] {processor.py:840} INFO - DAG(s) 'weather_hourly' retrieved from /opt/airflow/dags/weather_hourly.py
[2025-12-29T04:28:04.954+0000] {logging_mixin.py:188} INFO - [2025-12-29T04:28:04.954+0000] {dag.py:3089} INFO - Sync 1 DAGs
[2025-12-29T04:28:04.974+0000] {logging_mixin.py:188} INFO - [2025-12-29T04:28:04.973+0000] {dag.py:3947} INFO - Setting next_dagrun for weather_hourly to 2025-12-29 04:15:00+00:00, run_after=2025-12-29 05:15:00+00:00
[2025-12-29T04:28:04.989+0000] {processor.py:183} INFO - Processing /opt/airflow/dags/weather_hourly.py took 0.081 seconds
[2025-12-29T04:28:35.188+0000] {processor.py:161} INFO - Started process (PID=935) to work on /opt/airflow/dags/weather_hourly.py
[2025-12-29T04:28:35.189+0000] {processor.py:830} INFO - Processing file /opt/airflow/dags/weather_hourly.py for tasks to queue
[2025-12-29T04:28:35.190+0000] {logging_mixin.py:188} INFO - [2025-12-29T04:28:35.190+0000] {dagbag.py:545} INFO - Filling up the DagBag from /opt/airflow/dags/weather_hourly.py
[2025-12-29T04:28:35.204+0000] {processor.py:840} INFO - DAG(s) 'weather_hourly' retrieved from /opt/airflow/dags/weather_hourly.py
[2025-12-29T04:28:35.230+0000] {logging_mixin.py:188} INFO - [2025-12-29T04:28:35.230+0000] {dag.py:3089} INFO - Sync 1 DAGs
[2025-12-29T04:28:35.250+0000] {logging_mixin.py:188} INFO - [2025-12-29T04:28:35.250+0000] {dag.py:3947} INFO - Setting next_dagrun for weather_hourly to 2025-12-29 04:15:00+00:00, run_after=2025-12-29 05:15:00+00:00
[2025-12-29T04:28:35.268+0000] {processor.py:183} INFO - Processing /opt/airflow/dags/weather_hourly.py took 0.083 seconds
[2025-12-29T04:29:05.481+0000] {processor.py:161} INFO - Started process (PID=945) to work on /opt/airflow/dags/weather_hourly.py
[2025-12-29T04:29:05.482+0000] {processor.py:830} INFO - Processing file /opt/airflow/dags/weather_hourly.py for tasks to queue
[2025-12-29T04:29:05.483+0000] {logging_mixin.py:188} INFO - [2025-12-29T04:29:05.483+0000] {dagbag.py:545} INFO - Filling up the DagBag from /opt/airflow/dags/weather_hourly.py
[2025-12-29T04:29:05.498+0000] {processor.py:840} INFO - DAG(s) 'weather_hourly' retrieved from /opt/airflow/dags/weather_hourly.py
[2025-12-29T04:29:05.523+0000] {logging_mixin.py:188} INFO - [2025-12-29T04:29:05.522+0000] {dag.py:3089} INFO - Sync 1 DAGs
[2025-12-29T04:29:05.541+0000] {logging_mixin.py:188} INFO - [2025-12-29T04:29:05.541+0000] {dag.py:3947} INFO - Setting next_dagrun for weather_hourly to 2025-12-29 04:15:00+00:00, run_after=2025-12-29 05:15:00+00:00
[2025-12-29T04:29:05.558+0000] {processor.py:183} INFO - Processing /opt/airflow/dags/weather_hourly.py took 0.081 seconds
[2025-12-29T04:29:35.767+0000] {processor.py:161} INFO - Started process (PID=955) to work on /opt/airflow/dags/weather_hourly.py
[2025-12-29T04:29:35.768+0000] {processor.py:830} INFO - Processing file /opt/airflow/dags/weather_hourly.py for tasks to queue
[2025-12-29T04:29:35.769+0000] {logging_mixin.py:188} INFO - [2025-12-29T04:29:35.769+0000] {dagbag.py:545} INFO - Filling up the DagBag from /opt/airflow/dags/weather_hourly.py
[2025-12-29T04:29:35.782+0000] {processor.py:840} INFO - DAG(s) 'weather_hourly' retrieved from /opt/airflow/dags/weather_hourly.py
[2025-12-29T04:29:35.806+0000] {logging_mixin.py:188} INFO - [2025-12-29T04:29:35.805+0000] {dag.py:3089} INFO - Sync 1 DAGs
[2025-12-29T04:29:35.825+0000] {logging_mixin.py:188} INFO - [2025-12-29T04:29:35.825+0000] {dag.py:3947} INFO - Setting next_dagrun for weather_hourly to 2025-12-29 04:15:00+00:00, run_after=2025-12-29 05:15:00+00:00
[2025-12-29T04:29:35.842+0000] {processor.py:183} INFO - Processing /opt/airflow/dags/weather_hourly.py took 0.080 seconds
[2025-12-29T04:30:05.963+0000] {processor.py:161} INFO - Started process (PID=965) to work on /opt/airflow/dags/weather_hourly.py
[2025-12-29T04:30:05.963+0000] {processor.py:830} INFO - Processing file /opt/airflow/dags/weather_hourly.py for tasks to queue
[2025-12-29T04:30:05.964+0000] {logging_mixin.py:188} INFO - [2025-12-29T04:30:05.964+0000] {dagbag.py:545} INFO - Filling up the DagBag from /opt/airflow/dags/weather_hourly.py
[2025-12-29T04:30:05.978+0000] {processor.py:840} INFO - DAG(s) 'weather_hourly' retrieved from /opt/airflow/dags/weather_hourly.py
[2025-12-29T04:30:06.003+0000] {logging_mixin.py:188} INFO - [2025-12-29T04:30:06.003+0000] {dag.py:3089} INFO - Sync 1 DAGs
[2025-12-29T04:30:06.024+0000] {logging_mixin.py:188} INFO - [2025-12-29T04:30:06.024+0000] {dag.py:3947} INFO - Setting next_dagrun for weather_hourly to 2025-12-29 04:15:00+00:00, run_after=2025-12-29 05:15:00+00:00
[2025-12-29T04:30:06.044+0000] {processor.py:183} INFO - Processing /opt/airflow/dags/weather_hourly.py took 0.086 seconds
[2025-12-29T04:30:36.245+0000] {processor.py:161} INFO - Started process (PID=975) to work on /opt/airflow/dags/weather_hourly.py
[2025-12-29T04:30:36.246+0000] {processor.py:830} INFO - Processing file /opt/airflow/dags/weather_hourly.py for tasks to queue
[2025-12-29T04:30:36.247+0000] {logging_mixin.py:188} INFO - [2025-12-29T04:30:36.247+0000] {dagbag.py:545} INFO - Filling up the DagBag from /opt/airflow/dags/weather_hourly.py
[2025-12-29T04:30:36.261+0000] {processor.py:840} INFO - DAG(s) 'weather_hourly' retrieved from /opt/airflow/dags/weather_hourly.py
[2025-12-29T04:30:36.286+0000] {logging_mixin.py:188} INFO - [2025-12-29T04:30:36.285+0000] {dag.py:3089} INFO - Sync 1 DAGs
[2025-12-29T04:30:36.304+0000] {logging_mixin.py:188} INFO - [2025-12-29T04:30:36.304+0000] {dag.py:3947} INFO - Setting next_dagrun for weather_hourly to 2025-12-29 04:15:00+00:00, run_after=2025-12-29 05:15:00+00:00
[2025-12-29T04:30:36.322+0000] {processor.py:183} INFO - Processing /opt/airflow/dags/weather_hourly.py took 0.081 seconds
[2025-12-29T04:31:06.522+0000] {processor.py:161} INFO - Started process (PID=985) to work on /opt/airflow/dags/weather_hourly.py
[2025-12-29T04:31:06.522+0000] {processor.py:830} INFO - Processing file /opt/airflow/dags/weather_hourly.py for tasks to queue
[2025-12-29T04:31:06.524+0000] {logging_mixin.py:188} INFO - [2025-12-29T04:31:06.523+0000] {dagbag.py:545} INFO - Filling up the DagBag from /opt/airflow/dags/weather_hourly.py
[2025-12-29T04:31:06.537+0000] {processor.py:840} INFO - DAG(s) 'weather_hourly' retrieved from /opt/airflow/dags/weather_hourly.py
[2025-12-29T04:31:06.562+0000] {logging_mixin.py:188} INFO - [2025-12-29T04:31:06.562+0000] {dag.py:3089} INFO - Sync 1 DAGs
[2025-12-29T04:31:06.581+0000] {logging_mixin.py:188} INFO - [2025-12-29T04:31:06.581+0000] {dag.py:3947} INFO - Setting next_dagrun for weather_hourly to 2025-12-29 04:15:00+00:00, run_after=2025-12-29 05:15:00+00:00
[2025-12-29T04:31:06.596+0000] {processor.py:183} INFO - Processing /opt/airflow/dags/weather_hourly.py took 0.078 seconds
[2025-12-29T04:31:36.799+0000] {processor.py:161} INFO - Started process (PID=995) to work on /opt/airflow/dags/weather_hourly.py
[2025-12-29T04:31:36.800+0000] {processor.py:830} INFO - Processing file /opt/airflow/dags/weather_hourly.py for tasks to queue
[2025-12-29T04:31:36.801+0000] {logging_mixin.py:188} INFO - [2025-12-29T04:31:36.801+0000] {dagbag.py:545} INFO - Filling up the DagBag from /opt/airflow/dags/weather_hourly.py
[2025-12-29T04:31:36.816+0000] {processor.py:840} INFO - DAG(s) 'weather_hourly' retrieved from /opt/airflow/dags/weather_hourly.py
[2025-12-29T04:31:36.843+0000] {logging_mixin.py:188} INFO - [2025-12-29T04:31:36.842+0000] {dag.py:3089} INFO - Sync 1 DAGs
[2025-12-29T04:31:36.863+0000] {logging_mixin.py:188} INFO - [2025-12-29T04:31:36.863+0000] {dag.py:3947} INFO - Setting next_dagrun for weather_hourly to 2025-12-29 04:15:00+00:00, run_after=2025-12-29 05:15:00+00:00
[2025-12-29T04:31:36.880+0000] {processor.py:183} INFO - Processing /opt/airflow/dags/weather_hourly.py took 0.086 seconds
[2025-12-29T04:32:07.032+0000] {processor.py:161} INFO - Started process (PID=1005) to work on /opt/airflow/dags/weather_hourly.py
[2025-12-29T04:32:07.032+0000] {processor.py:830} INFO - Processing file /opt/airflow/dags/weather_hourly.py for tasks to queue
[2025-12-29T04:32:07.033+0000] {logging_mixin.py:188} INFO - [2025-12-29T04:32:07.033+0000] {dagbag.py:545} INFO - Filling up the DagBag from /opt/airflow/dags/weather_hourly.py
[2025-12-29T04:32:07.048+0000] {processor.py:840} INFO - DAG(s) 'weather_hourly' retrieved from /opt/airflow/dags/weather_hourly.py
[2025-12-29T04:32:07.072+0000] {logging_mixin.py:188} INFO - [2025-12-29T04:32:07.071+0000] {dag.py:3089} INFO - Sync 1 DAGs
[2025-12-29T04:32:07.090+0000] {logging_mixin.py:188} INFO - [2025-12-29T04:32:07.090+0000] {dag.py:3947} INFO - Setting next_dagrun for weather_hourly to 2025-12-29 04:15:00+00:00, run_after=2025-12-29 05:15:00+00:00
[2025-12-29T04:32:07.108+0000] {processor.py:183} INFO - Processing /opt/airflow/dags/weather_hourly.py took 0.080 seconds
[2025-12-29T04:32:37.238+0000] {processor.py:161} INFO - Started process (PID=1015) to work on /opt/airflow/dags/weather_hourly.py
[2025-12-29T04:32:37.239+0000] {processor.py:830} INFO - Processing file /opt/airflow/dags/weather_hourly.py for tasks to queue
[2025-12-29T04:32:37.240+0000] {logging_mixin.py:188} INFO - [2025-12-29T04:32:37.240+0000] {dagbag.py:545} INFO - Filling up the DagBag from /opt/airflow/dags/weather_hourly.py
[2025-12-29T04:32:37.253+0000] {processor.py:840} INFO - DAG(s) 'weather_hourly' retrieved from /opt/airflow/dags/weather_hourly.py
[2025-12-29T04:32:37.277+0000] {logging_mixin.py:188} INFO - [2025-12-29T04:32:37.277+0000] {dag.py:3089} INFO - Sync 1 DAGs
[2025-12-29T04:32:37.296+0000] {logging_mixin.py:188} INFO - [2025-12-29T04:32:37.296+0000] {dag.py:3947} INFO - Setting next_dagrun for weather_hourly to 2025-12-29 04:15:00+00:00, run_after=2025-12-29 05:15:00+00:00
[2025-12-29T04:32:37.311+0000] {processor.py:183} INFO - Processing /opt/airflow/dags/weather_hourly.py took 0.077 seconds
[2025-12-29T04:33:07.535+0000] {processor.py:161} INFO - Started process (PID=1025) to work on /opt/airflow/dags/weather_hourly.py
[2025-12-29T04:33:07.536+0000] {processor.py:830} INFO - Processing file /opt/airflow/dags/weather_hourly.py for tasks to queue
[2025-12-29T04:33:07.537+0000] {logging_mixin.py:188} INFO - [2025-12-29T04:33:07.537+0000] {dagbag.py:545} INFO - Filling up the DagBag from /opt/airflow/dags/weather_hourly.py
[2025-12-29T04:33:07.552+0000] {processor.py:840} INFO - DAG(s) 'weather_hourly' retrieved from /opt/airflow/dags/weather_hourly.py
[2025-12-29T04:33:07.576+0000] {logging_mixin.py:188} INFO - [2025-12-29T04:33:07.576+0000] {dag.py:3089} INFO - Sync 1 DAGs
[2025-12-29T04:33:07.594+0000] {logging_mixin.py:188} INFO - [2025-12-29T04:33:07.594+0000] {dag.py:3947} INFO - Setting next_dagrun for weather_hourly to 2025-12-29 04:15:00+00:00, run_after=2025-12-29 05:15:00+00:00
[2025-12-29T04:33:07.612+0000] {processor.py:183} INFO - Processing /opt/airflow/dags/weather_hourly.py took 0.081 seconds
[2025-12-29T04:33:37.827+0000] {processor.py:161} INFO - Started process (PID=1035) to work on /opt/airflow/dags/weather_hourly.py
[2025-12-29T04:33:37.828+0000] {processor.py:830} INFO - Processing file /opt/airflow/dags/weather_hourly.py for tasks to queue
[2025-12-29T04:33:37.829+0000] {logging_mixin.py:188} INFO - [2025-12-29T04:33:37.829+0000] {dagbag.py:545} INFO - Filling up the DagBag from /opt/airflow/dags/weather_hourly.py
[2025-12-29T04:33:37.843+0000] {processor.py:840} INFO - DAG(s) 'weather_hourly' retrieved from /opt/airflow/dags/weather_hourly.py
[2025-12-29T04:33:37.869+0000] {logging_mixin.py:188} INFO - [2025-12-29T04:33:37.869+0000] {dag.py:3089} INFO - Sync 1 DAGs
[2025-12-29T04:33:37.888+0000] {logging_mixin.py:188} INFO - [2025-12-29T04:33:37.888+0000] {dag.py:3947} INFO - Setting next_dagrun for weather_hourly to 2025-12-29 04:15:00+00:00, run_after=2025-12-29 05:15:00+00:00
[2025-12-29T04:33:37.904+0000] {processor.py:183} INFO - Processing /opt/airflow/dags/weather_hourly.py took 0.081 seconds
[2025-12-29T04:34:08.117+0000] {processor.py:161} INFO - Started process (PID=1045) to work on /opt/airflow/dags/weather_hourly.py
[2025-12-29T04:34:08.117+0000] {processor.py:830} INFO - Processing file /opt/airflow/dags/weather_hourly.py for tasks to queue
[2025-12-29T04:34:08.119+0000] {logging_mixin.py:188} INFO - [2025-12-29T04:34:08.118+0000] {dagbag.py:545} INFO - Filling up the DagBag from /opt/airflow/dags/weather_hourly.py
[2025-12-29T04:34:08.132+0000] {processor.py:840} INFO - DAG(s) 'weather_hourly' retrieved from /opt/airflow/dags/weather_hourly.py
[2025-12-29T04:34:08.158+0000] {logging_mixin.py:188} INFO - [2025-12-29T04:34:08.158+0000] {dag.py:3089} INFO - Sync 1 DAGs
[2025-12-29T04:34:08.177+0000] {logging_mixin.py:188} INFO - [2025-12-29T04:34:08.177+0000] {dag.py:3947} INFO - Setting next_dagrun for weather_hourly to 2025-12-29 04:15:00+00:00, run_after=2025-12-29 05:15:00+00:00
[2025-12-29T04:34:08.196+0000] {processor.py:183} INFO - Processing /opt/airflow/dags/weather_hourly.py took 0.083 seconds
[2025-12-29T04:34:38.408+0000] {processor.py:161} INFO - Started process (PID=1055) to work on /opt/airflow/dags/weather_hourly.py
[2025-12-29T04:34:38.408+0000] {processor.py:830} INFO - Processing file /opt/airflow/dags/weather_hourly.py for tasks to queue
[2025-12-29T04:34:38.410+0000] {logging_mixin.py:188} INFO - [2025-12-29T04:34:38.409+0000] {dagbag.py:545} INFO - Filling up the DagBag from /opt/airflow/dags/weather_hourly.py
[2025-12-29T04:34:38.424+0000] {processor.py:840} INFO - DAG(s) 'weather_hourly' retrieved from /opt/airflow/dags/weather_hourly.py
[2025-12-29T04:34:38.450+0000] {logging_mixin.py:188} INFO - [2025-12-29T04:34:38.450+0000] {dag.py:3089} INFO - Sync 1 DAGs
[2025-12-29T04:34:38.469+0000] {logging_mixin.py:188} INFO - [2025-12-29T04:34:38.469+0000] {dag.py:3947} INFO - Setting next_dagrun for weather_hourly to 2025-12-29 04:15:00+00:00, run_after=2025-12-29 05:15:00+00:00
[2025-12-29T04:34:38.486+0000] {processor.py:183} INFO - Processing /opt/airflow/dags/weather_hourly.py took 0.083 seconds
[2025-12-29T04:35:08.705+0000] {processor.py:161} INFO - Started process (PID=1065) to work on /opt/airflow/dags/weather_hourly.py
[2025-12-29T04:35:08.705+0000] {processor.py:830} INFO - Processing file /opt/airflow/dags/weather_hourly.py for tasks to queue
[2025-12-29T04:35:08.707+0000] {logging_mixin.py:188} INFO - [2025-12-29T04:35:08.707+0000] {dagbag.py:545} INFO - Filling up the DagBag from /opt/airflow/dags/weather_hourly.py
[2025-12-29T04:35:08.724+0000] {processor.py:840} INFO - DAG(s) 'weather_hourly' retrieved from /opt/airflow/dags/weather_hourly.py
[2025-12-29T04:35:08.755+0000] {logging_mixin.py:188} INFO - [2025-12-29T04:35:08.755+0000] {dag.py:3089} INFO - Sync 1 DAGs
[2025-12-29T04:35:08.776+0000] {logging_mixin.py:188} INFO - [2025-12-29T04:35:08.776+0000] {dag.py:3947} INFO - Setting next_dagrun for weather_hourly to 2025-12-29 04:15:00+00:00, run_after=2025-12-29 05:15:00+00:00
[2025-12-29T04:35:08.795+0000] {processor.py:183} INFO - Processing /opt/airflow/dags/weather_hourly.py took 0.096 seconds
[2025-12-29T04:35:38.904+0000] {processor.py:161} INFO - Started process (PID=1075) to work on /opt/airflow/dags/weather_hourly.py
[2025-12-29T04:35:38.905+0000] {processor.py:830} INFO - Processing file /opt/airflow/dags/weather_hourly.py for tasks to queue
[2025-12-29T04:35:38.906+0000] {logging_mixin.py:188} INFO - [2025-12-29T04:35:38.906+0000] {dagbag.py:545} INFO - Filling up the DagBag from /opt/airflow/dags/weather_hourly.py
[2025-12-29T04:35:38.921+0000] {processor.py:840} INFO - DAG(s) 'weather_hourly' retrieved from /opt/airflow/dags/weather_hourly.py
[2025-12-29T04:35:38.946+0000] {logging_mixin.py:188} INFO - [2025-12-29T04:35:38.946+0000] {dag.py:3089} INFO - Sync 1 DAGs
[2025-12-29T04:35:38.967+0000] {logging_mixin.py:188} INFO - [2025-12-29T04:35:38.967+0000] {dag.py:3947} INFO - Setting next_dagrun for weather_hourly to 2025-12-29 04:15:00+00:00, run_after=2025-12-29 05:15:00+00:00
[2025-12-29T04:35:38.986+0000] {processor.py:183} INFO - Processing /opt/airflow/dags/weather_hourly.py took 0.085 seconds
[2025-12-29T04:36:09.198+0000] {processor.py:161} INFO - Started process (PID=1085) to work on /opt/airflow/dags/weather_hourly.py
[2025-12-29T04:36:09.199+0000] {processor.py:830} INFO - Processing file /opt/airflow/dags/weather_hourly.py for tasks to queue
[2025-12-29T04:36:09.200+0000] {logging_mixin.py:188} INFO - [2025-12-29T04:36:09.200+0000] {dagbag.py:545} INFO - Filling up the DagBag from /opt/airflow/dags/weather_hourly.py
[2025-12-29T04:36:09.217+0000] {processor.py:840} INFO - DAG(s) 'weather_hourly' retrieved from /opt/airflow/dags/weather_hourly.py
[2025-12-29T04:36:09.244+0000] {logging_mixin.py:188} INFO - [2025-12-29T04:36:09.244+0000] {dag.py:3089} INFO - Sync 1 DAGs
[2025-12-29T04:36:09.262+0000] {logging_mixin.py:188} INFO - [2025-12-29T04:36:09.262+0000] {dag.py:3947} INFO - Setting next_dagrun for weather_hourly to 2025-12-29 04:15:00+00:00, run_after=2025-12-29 05:15:00+00:00
[2025-12-29T04:36:09.279+0000] {processor.py:183} INFO - Processing /opt/airflow/dags/weather_hourly.py took 0.086 seconds
[2025-12-29T04:36:39.478+0000] {processor.py:161} INFO - Started process (PID=1095) to work on /opt/airflow/dags/weather_hourly.py
[2025-12-29T04:36:39.479+0000] {processor.py:830} INFO - Processing file /opt/airflow/dags/weather_hourly.py for tasks to queue
[2025-12-29T04:36:39.480+0000] {logging_mixin.py:188} INFO - [2025-12-29T04:36:39.480+0000] {dagbag.py:545} INFO - Filling up the DagBag from /opt/airflow/dags/weather_hourly.py
[2025-12-29T04:36:39.493+0000] {processor.py:840} INFO - DAG(s) 'weather_hourly' retrieved from /opt/airflow/dags/weather_hourly.py
[2025-12-29T04:36:39.521+0000] {logging_mixin.py:188} INFO - [2025-12-29T04:36:39.521+0000] {dag.py:3089} INFO - Sync 1 DAGs
[2025-12-29T04:36:39.541+0000] {logging_mixin.py:188} INFO - [2025-12-29T04:36:39.541+0000] {dag.py:3947} INFO - Setting next_dagrun for weather_hourly to 2025-12-29 04:15:00+00:00, run_after=2025-12-29 05:15:00+00:00
[2025-12-29T04:36:39.557+0000] {processor.py:183} INFO - Processing /opt/airflow/dags/weather_hourly.py took 0.083 seconds
[2025-12-29T04:37:09.790+0000] {processor.py:161} INFO - Started process (PID=1105) to work on /opt/airflow/dags/weather_hourly.py
[2025-12-29T04:37:09.791+0000] {processor.py:830} INFO - Processing file /opt/airflow/dags/weather_hourly.py for tasks to queue
[2025-12-29T04:37:09.792+0000] {logging_mixin.py:188} INFO - [2025-12-29T04:37:09.792+0000] {dagbag.py:545} INFO - Filling up the DagBag from /opt/airflow/dags/weather_hourly.py
[2025-12-29T04:37:09.806+0000] {processor.py:840} INFO - DAG(s) 'weather_hourly' retrieved from /opt/airflow/dags/weather_hourly.py
[2025-12-29T04:37:09.835+0000] {logging_mixin.py:188} INFO - [2025-12-29T04:37:09.835+0000] {dag.py:3089} INFO - Sync 1 DAGs
[2025-12-29T04:37:09.855+0000] {logging_mixin.py:188} INFO - [2025-12-29T04:37:09.855+0000] {dag.py:3947} INFO - Setting next_dagrun for weather_hourly to 2025-12-29 04:15:00+00:00, run_after=2025-12-29 05:15:00+00:00
[2025-12-29T04:37:09.875+0000] {processor.py:183} INFO - Processing /opt/airflow/dags/weather_hourly.py took 0.090 seconds
[2025-12-29T04:37:40.086+0000] {processor.py:161} INFO - Started process (PID=1115) to work on /opt/airflow/dags/weather_hourly.py
[2025-12-29T04:37:40.087+0000] {processor.py:830} INFO - Processing file /opt/airflow/dags/weather_hourly.py for tasks to queue
[2025-12-29T04:37:40.088+0000] {logging_mixin.py:188} INFO - [2025-12-29T04:37:40.088+0000] {dagbag.py:545} INFO - Filling up the DagBag from /opt/airflow/dags/weather_hourly.py
[2025-12-29T04:37:40.103+0000] {processor.py:840} INFO - DAG(s) 'weather_hourly' retrieved from /opt/airflow/dags/weather_hourly.py
[2025-12-29T04:37:40.129+0000] {logging_mixin.py:188} INFO - [2025-12-29T04:37:40.129+0000] {dag.py:3089} INFO - Sync 1 DAGs
[2025-12-29T04:37:40.149+0000] {logging_mixin.py:188} INFO - [2025-12-29T04:37:40.149+0000] {dag.py:3947} INFO - Setting next_dagrun for weather_hourly to 2025-12-29 04:15:00+00:00, run_after=2025-12-29 05:15:00+00:00
[2025-12-29T04:37:40.167+0000] {processor.py:183} INFO - Processing /opt/airflow/dags/weather_hourly.py took 0.086 seconds
[2025-12-29T04:38:10.367+0000] {processor.py:161} INFO - Started process (PID=1125) to work on /opt/airflow/dags/weather_hourly.py
[2025-12-29T04:38:10.367+0000] {processor.py:830} INFO - Processing file /opt/airflow/dags/weather_hourly.py for tasks to queue
[2025-12-29T04:38:10.369+0000] {logging_mixin.py:188} INFO - [2025-12-29T04:38:10.368+0000] {dagbag.py:545} INFO - Filling up the DagBag from /opt/airflow/dags/weather_hourly.py
[2025-12-29T04:38:10.383+0000] {processor.py:840} INFO - DAG(s) 'weather_hourly' retrieved from /opt/airflow/dags/weather_hourly.py
[2025-12-29T04:38:10.406+0000] {logging_mixin.py:188} INFO - [2025-12-29T04:38:10.406+0000] {dag.py:3089} INFO - Sync 1 DAGs
[2025-12-29T04:38:10.424+0000] {logging_mixin.py:188} INFO - [2025-12-29T04:38:10.424+0000] {dag.py:3947} INFO - Setting next_dagrun for weather_hourly to 2025-12-29 04:15:00+00:00, run_after=2025-12-29 05:15:00+00:00
[2025-12-29T04:38:10.439+0000] {processor.py:183} INFO - Processing /opt/airflow/dags/weather_hourly.py took 0.076 seconds
[2025-12-29T04:38:40.569+0000] {processor.py:161} INFO - Started process (PID=1135) to work on /opt/airflow/dags/weather_hourly.py
[2025-12-29T04:38:40.570+0000] {processor.py:830} INFO - Processing file /opt/airflow/dags/weather_hourly.py for tasks to queue
[2025-12-29T04:38:40.571+0000] {logging_mixin.py:188} INFO - [2025-12-29T04:38:40.570+0000] {dagbag.py:545} INFO - Filling up the DagBag from /opt/airflow/dags/weather_hourly.py
[2025-12-29T04:38:40.584+0000] {processor.py:840} INFO - DAG(s) 'weather_hourly' retrieved from /opt/airflow/dags/weather_hourly.py
[2025-12-29T04:38:40.608+0000] {logging_mixin.py:188} INFO - [2025-12-29T04:38:40.607+0000] {dag.py:3089} INFO - Sync 1 DAGs
[2025-12-29T04:38:40.625+0000] {logging_mixin.py:188} INFO - [2025-12-29T04:38:40.625+0000] {dag.py:3947} INFO - Setting next_dagrun for weather_hourly to 2025-12-29 04:15:00+00:00, run_after=2025-12-29 05:15:00+00:00
[2025-12-29T04:38:40.642+0000] {processor.py:183} INFO - Processing /opt/airflow/dags/weather_hourly.py took 0.077 seconds
[2025-12-29T04:39:10.849+0000] {processor.py:161} INFO - Started process (PID=1145) to work on /opt/airflow/dags/weather_hourly.py
[2025-12-29T04:39:10.850+0000] {processor.py:830} INFO - Processing file /opt/airflow/dags/weather_hourly.py for tasks to queue
[2025-12-29T04:39:10.852+0000] {logging_mixin.py:188} INFO - [2025-12-29T04:39:10.851+0000] {dagbag.py:545} INFO - Filling up the DagBag from /opt/airflow/dags/weather_hourly.py
[2025-12-29T04:39:10.867+0000] {processor.py:840} INFO - DAG(s) 'weather_hourly' retrieved from /opt/airflow/dags/weather_hourly.py
[2025-12-29T04:39:10.893+0000] {logging_mixin.py:188} INFO - [2025-12-29T04:39:10.892+0000] {dag.py:3089} INFO - Sync 1 DAGs
[2025-12-29T04:39:10.912+0000] {logging_mixin.py:188} INFO - [2025-12-29T04:39:10.912+0000] {dag.py:3947} INFO - Setting next_dagrun for weather_hourly to 2025-12-29 04:15:00+00:00, run_after=2025-12-29 05:15:00+00:00
[2025-12-29T04:39:10.928+0000] {processor.py:183} INFO - Processing /opt/airflow/dags/weather_hourly.py took 0.083 seconds
[2025-12-29T04:39:41.129+0000] {processor.py:161} INFO - Started process (PID=1155) to work on /opt/airflow/dags/weather_hourly.py
[2025-12-29T04:39:41.130+0000] {processor.py:830} INFO - Processing file /opt/airflow/dags/weather_hourly.py for tasks to queue
[2025-12-29T04:39:41.131+0000] {logging_mixin.py:188} INFO - [2025-12-29T04:39:41.131+0000] {dagbag.py:545} INFO - Filling up the DagBag from /opt/airflow/dags/weather_hourly.py
[2025-12-29T04:39:41.144+0000] {processor.py:840} INFO - DAG(s) 'weather_hourly' retrieved from /opt/airflow/dags/weather_hourly.py
[2025-12-29T04:39:41.168+0000] {logging_mixin.py:188} INFO - [2025-12-29T04:39:41.168+0000] {dag.py:3089} INFO - Sync 1 DAGs
[2025-12-29T04:39:41.188+0000] {logging_mixin.py:188} INFO - [2025-12-29T04:39:41.188+0000] {dag.py:3947} INFO - Setting next_dagrun for weather_hourly to 2025-12-29 04:15:00+00:00, run_after=2025-12-29 05:15:00+00:00
[2025-12-29T04:39:41.204+0000] {processor.py:183} INFO - Processing /opt/airflow/dags/weather_hourly.py took 0.080 seconds
[2025-12-29T04:40:11.408+0000] {processor.py:161} INFO - Started process (PID=1165) to work on /opt/airflow/dags/weather_hourly.py
[2025-12-29T04:40:11.409+0000] {processor.py:830} INFO - Processing file /opt/airflow/dags/weather_hourly.py for tasks to queue
[2025-12-29T04:40:11.410+0000] {logging_mixin.py:188} INFO - [2025-12-29T04:40:11.410+0000] {dagbag.py:545} INFO - Filling up the DagBag from /opt/airflow/dags/weather_hourly.py
[2025-12-29T04:40:11.424+0000] {processor.py:840} INFO - DAG(s) 'weather_hourly' retrieved from /opt/airflow/dags/weather_hourly.py
[2025-12-29T04:40:11.448+0000] {logging_mixin.py:188} INFO - [2025-12-29T04:40:11.448+0000] {dag.py:3089} INFO - Sync 1 DAGs
[2025-12-29T04:40:11.467+0000] {logging_mixin.py:188} INFO - [2025-12-29T04:40:11.467+0000] {dag.py:3947} INFO - Setting next_dagrun for weather_hourly to 2025-12-29 04:15:00+00:00, run_after=2025-12-29 05:15:00+00:00
[2025-12-29T04:40:11.484+0000] {processor.py:183} INFO - Processing /opt/airflow/dags/weather_hourly.py took 0.080 seconds
[2025-12-29T04:40:41.604+0000] {processor.py:161} INFO - Started process (PID=1175) to work on /opt/airflow/dags/weather_hourly.py
[2025-12-29T04:40:41.604+0000] {processor.py:830} INFO - Processing file /opt/airflow/dags/weather_hourly.py for tasks to queue
[2025-12-29T04:40:41.606+0000] {logging_mixin.py:188} INFO - [2025-12-29T04:40:41.605+0000] {dagbag.py:545} INFO - Filling up the DagBag from /opt/airflow/dags/weather_hourly.py
[2025-12-29T04:40:41.620+0000] {processor.py:840} INFO - DAG(s) 'weather_hourly' retrieved from /opt/airflow/dags/weather_hourly.py
[2025-12-29T04:40:41.645+0000] {logging_mixin.py:188} INFO - [2025-12-29T04:40:41.644+0000] {dag.py:3089} INFO - Sync 1 DAGs
[2025-12-29T04:40:41.664+0000] {logging_mixin.py:188} INFO - [2025-12-29T04:40:41.664+0000] {dag.py:3947} INFO - Setting next_dagrun for weather_hourly to 2025-12-29 04:15:00+00:00, run_after=2025-12-29 05:15:00+00:00
[2025-12-29T04:40:41.680+0000] {processor.py:183} INFO - Processing /opt/airflow/dags/weather_hourly.py took 0.081 seconds
[2025-12-29T04:41:11.889+0000] {processor.py:161} INFO - Started process (PID=1185) to work on /opt/airflow/dags/weather_hourly.py
[2025-12-29T04:41:11.890+0000] {processor.py:830} INFO - Processing file /opt/airflow/dags/weather_hourly.py for tasks to queue
[2025-12-29T04:41:11.891+0000] {logging_mixin.py:188} INFO - [2025-12-29T04:41:11.891+0000] {dagbag.py:545} INFO - Filling up the DagBag from /opt/airflow/dags/weather_hourly.py
[2025-12-29T04:41:11.904+0000] {processor.py:840} INFO - DAG(s) 'weather_hourly' retrieved from /opt/airflow/dags/weather_hourly.py
[2025-12-29T04:41:11.928+0000] {logging_mixin.py:188} INFO - [2025-12-29T04:41:11.928+0000] {dag.py:3089} INFO - Sync 1 DAGs
[2025-12-29T04:41:11.947+0000] {logging_mixin.py:188} INFO - [2025-12-29T04:41:11.947+0000] {dag.py:3947} INFO - Setting next_dagrun for weather_hourly to 2025-12-29 04:15:00+00:00, run_after=2025-12-29 05:15:00+00:00
[2025-12-29T04:41:11.962+0000] {processor.py:183} INFO - Processing /opt/airflow/dags/weather_hourly.py took 0.078 seconds
[2025-12-29T04:41:42.173+0000] {processor.py:161} INFO - Started process (PID=1195) to work on /opt/airflow/dags/weather_hourly.py
[2025-12-29T04:41:42.174+0000] {processor.py:830} INFO - Processing file /opt/airflow/dags/weather_hourly.py for tasks to queue
[2025-12-29T04:41:42.175+0000] {logging_mixin.py:188} INFO - [2025-12-29T04:41:42.175+0000] {dagbag.py:545} INFO - Filling up the DagBag from /opt/airflow/dags/weather_hourly.py
[2025-12-29T04:41:42.189+0000] {processor.py:840} INFO - DAG(s) 'weather_hourly' retrieved from /opt/airflow/dags/weather_hourly.py
[2025-12-29T04:41:42.215+0000] {logging_mixin.py:188} INFO - [2025-12-29T04:41:42.215+0000] {dag.py:3089} INFO - Sync 1 DAGs
[2025-12-29T04:41:42.235+0000] {logging_mixin.py:188} INFO - [2025-12-29T04:41:42.235+0000] {dag.py:3947} INFO - Setting next_dagrun for weather_hourly to 2025-12-29 04:15:00+00:00, run_after=2025-12-29 05:15:00+00:00
[2025-12-29T04:41:42.253+0000] {processor.py:183} INFO - Processing /opt/airflow/dags/weather_hourly.py took 0.084 seconds
[2025-12-29T04:42:12.496+0000] {processor.py:161} INFO - Started process (PID=1205) to work on /opt/airflow/dags/weather_hourly.py
[2025-12-29T04:42:12.497+0000] {processor.py:830} INFO - Processing file /opt/airflow/dags/weather_hourly.py for tasks to queue
[2025-12-29T04:42:12.498+0000] {logging_mixin.py:188} INFO - [2025-12-29T04:42:12.498+0000] {dagbag.py:545} INFO - Filling up the DagBag from /opt/airflow/dags/weather_hourly.py
[2025-12-29T04:42:12.511+0000] {processor.py:840} INFO - DAG(s) 'weather_hourly' retrieved from /opt/airflow/dags/weather_hourly.py
[2025-12-29T04:42:12.539+0000] {logging_mixin.py:188} INFO - [2025-12-29T04:42:12.538+0000] {dag.py:3089} INFO - Sync 1 DAGs
[2025-12-29T04:42:12.562+0000] {logging_mixin.py:188} INFO - [2025-12-29T04:42:12.561+0000] {dag.py:3947} INFO - Setting next_dagrun for weather_hourly to 2025-12-29 04:15:00+00:00, run_after=2025-12-29 05:15:00+00:00
[2025-12-29T04:42:12.579+0000] {processor.py:183} INFO - Processing /opt/airflow/dags/weather_hourly.py took 0.087 seconds
[2025-12-29T04:42:42.784+0000] {processor.py:161} INFO - Started process (PID=1215) to work on /opt/airflow/dags/weather_hourly.py
[2025-12-29T04:42:42.785+0000] {processor.py:830} INFO - Processing file /opt/airflow/dags/weather_hourly.py for tasks to queue
[2025-12-29T04:42:42.786+0000] {logging_mixin.py:188} INFO - [2025-12-29T04:42:42.786+0000] {dagbag.py:545} INFO - Filling up the DagBag from /opt/airflow/dags/weather_hourly.py
[2025-12-29T04:42:42.799+0000] {processor.py:840} INFO - DAG(s) 'weather_hourly' retrieved from /opt/airflow/dags/weather_hourly.py
[2025-12-29T04:42:42.824+0000] {logging_mixin.py:188} INFO - [2025-12-29T04:42:42.824+0000] {dag.py:3089} INFO - Sync 1 DAGs
[2025-12-29T04:42:42.841+0000] {logging_mixin.py:188} INFO - [2025-12-29T04:42:42.841+0000] {dag.py:3947} INFO - Setting next_dagrun for weather_hourly to 2025-12-29 04:15:00+00:00, run_after=2025-12-29 05:15:00+00:00
[2025-12-29T04:42:42.856+0000] {processor.py:183} INFO - Processing /opt/airflow/dags/weather_hourly.py took 0.076 seconds
[2025-12-29T04:43:13.092+0000] {processor.py:161} INFO - Started process (PID=1225) to work on /opt/airflow/dags/weather_hourly.py
[2025-12-29T04:43:13.093+0000] {processor.py:830} INFO - Processing file /opt/airflow/dags/weather_hourly.py for tasks to queue
[2025-12-29T04:43:13.094+0000] {logging_mixin.py:188} INFO - [2025-12-29T04:43:13.094+0000] {dagbag.py:545} INFO - Filling up the DagBag from /opt/airflow/dags/weather_hourly.py
[2025-12-29T04:43:13.108+0000] {processor.py:840} INFO - DAG(s) 'weather_hourly' retrieved from /opt/airflow/dags/weather_hourly.py
[2025-12-29T04:43:13.135+0000] {logging_mixin.py:188} INFO - [2025-12-29T04:43:13.135+0000] {dag.py:3089} INFO - Sync 1 DAGs
[2025-12-29T04:43:13.155+0000] {logging_mixin.py:188} INFO - [2025-12-29T04:43:13.155+0000] {dag.py:3947} INFO - Setting next_dagrun for weather_hourly to 2025-12-29 04:15:00+00:00, run_after=2025-12-29 05:15:00+00:00
[2025-12-29T04:43:13.171+0000] {processor.py:183} INFO - Processing /opt/airflow/dags/weather_hourly.py took 0.084 seconds
[2025-12-29T04:43:43.286+0000] {processor.py:161} INFO - Started process (PID=1235) to work on /opt/airflow/dags/weather_hourly.py
[2025-12-29T04:43:43.287+0000] {processor.py:830} INFO - Processing file /opt/airflow/dags/weather_hourly.py for tasks to queue
[2025-12-29T04:43:43.288+0000] {logging_mixin.py:188} INFO - [2025-12-29T04:43:43.288+0000] {dagbag.py:545} INFO - Filling up the DagBag from /opt/airflow/dags/weather_hourly.py
[2025-12-29T04:43:43.303+0000] {processor.py:840} INFO - DAG(s) 'weather_hourly' retrieved from /opt/airflow/dags/weather_hourly.py
[2025-12-29T04:43:43.332+0000] {logging_mixin.py:188} INFO - [2025-12-29T04:43:43.332+0000] {dag.py:3089} INFO - Sync 1 DAGs
[2025-12-29T04:43:43.354+0000] {logging_mixin.py:188} INFO - [2025-12-29T04:43:43.354+0000] {dag.py:3947} INFO - Setting next_dagrun for weather_hourly to 2025-12-29 04:15:00+00:00, run_after=2025-12-29 05:15:00+00:00
[2025-12-29T04:43:43.373+0000] {processor.py:183} INFO - Processing /opt/airflow/dags/weather_hourly.py took 0.092 seconds
[2025-12-29T04:44:13.574+0000] {processor.py:161} INFO - Started process (PID=1245) to work on /opt/airflow/dags/weather_hourly.py
[2025-12-29T04:44:13.575+0000] {processor.py:830} INFO - Processing file /opt/airflow/dags/weather_hourly.py for tasks to queue
[2025-12-29T04:44:13.577+0000] {logging_mixin.py:188} INFO - [2025-12-29T04:44:13.576+0000] {dagbag.py:545} INFO - Filling up the DagBag from /opt/airflow/dags/weather_hourly.py
[2025-12-29T04:44:13.590+0000] {processor.py:840} INFO - DAG(s) 'weather_hourly' retrieved from /opt/airflow/dags/weather_hourly.py
[2025-12-29T04:44:13.616+0000] {logging_mixin.py:188} INFO - [2025-12-29T04:44:13.616+0000] {dag.py:3089} INFO - Sync 1 DAGs
[2025-12-29T04:44:13.636+0000] {logging_mixin.py:188} INFO - [2025-12-29T04:44:13.636+0000] {dag.py:3947} INFO - Setting next_dagrun for weather_hourly to 2025-12-29 04:15:00+00:00, run_after=2025-12-29 05:15:00+00:00
[2025-12-29T04:44:13.652+0000] {processor.py:183} INFO - Processing /opt/airflow/dags/weather_hourly.py took 0.083 seconds
[2025-12-29T04:44:43.771+0000] {processor.py:161} INFO - Started process (PID=1255) to work on /opt/airflow/dags/weather_hourly.py
[2025-12-29T04:44:43.772+0000] {processor.py:830} INFO - Processing file /opt/airflow/dags/weather_hourly.py for tasks to queue
[2025-12-29T04:44:43.773+0000] {logging_mixin.py:188} INFO - [2025-12-29T04:44:43.773+0000] {dagbag.py:545} INFO - Filling up the DagBag from /opt/airflow/dags/weather_hourly.py
[2025-12-29T04:44:43.788+0000] {processor.py:840} INFO - DAG(s) 'weather_hourly' retrieved from /opt/airflow/dags/weather_hourly.py
[2025-12-29T04:44:43.818+0000] {logging_mixin.py:188} INFO - [2025-12-29T04:44:43.818+0000] {dag.py:3089} INFO - Sync 1 DAGs
[2025-12-29T04:44:43.838+0000] {logging_mixin.py:188} INFO - [2025-12-29T04:44:43.838+0000] {dag.py:3947} INFO - Setting next_dagrun for weather_hourly to 2025-12-29 04:15:00+00:00, run_after=2025-12-29 05:15:00+00:00
[2025-12-29T04:44:43.856+0000] {processor.py:183} INFO - Processing /opt/airflow/dags/weather_hourly.py took 0.091 seconds
[2025-12-29T04:45:14.075+0000] {processor.py:161} INFO - Started process (PID=1265) to work on /opt/airflow/dags/weather_hourly.py
[2025-12-29T04:45:14.076+0000] {processor.py:830} INFO - Processing file /opt/airflow/dags/weather_hourly.py for tasks to queue
[2025-12-29T04:45:14.077+0000] {logging_mixin.py:188} INFO - [2025-12-29T04:45:14.077+0000] {dagbag.py:545} INFO - Filling up the DagBag from /opt/airflow/dags/weather_hourly.py
[2025-12-29T04:45:14.092+0000] {processor.py:840} INFO - DAG(s) 'weather_hourly' retrieved from /opt/airflow/dags/weather_hourly.py
[2025-12-29T04:45:14.118+0000] {logging_mixin.py:188} INFO - [2025-12-29T04:45:14.118+0000] {dag.py:3089} INFO - Sync 1 DAGs
[2025-12-29T04:45:14.139+0000] {logging_mixin.py:188} INFO - [2025-12-29T04:45:14.139+0000] {dag.py:3947} INFO - Setting next_dagrun for weather_hourly to 2025-12-29 04:15:00+00:00, run_after=2025-12-29 05:15:00+00:00
[2025-12-29T04:45:14.156+0000] {processor.py:183} INFO - Processing /opt/airflow/dags/weather_hourly.py took 0.087 seconds
[2025-12-29T04:45:44.271+0000] {processor.py:161} INFO - Started process (PID=1275) to work on /opt/airflow/dags/weather_hourly.py
[2025-12-29T04:45:44.271+0000] {processor.py:830} INFO - Processing file /opt/airflow/dags/weather_hourly.py for tasks to queue
[2025-12-29T04:45:44.273+0000] {logging_mixin.py:188} INFO - [2025-12-29T04:45:44.272+0000] {dagbag.py:545} INFO - Filling up the DagBag from /opt/airflow/dags/weather_hourly.py
[2025-12-29T04:45:44.286+0000] {processor.py:840} INFO - DAG(s) 'weather_hourly' retrieved from /opt/airflow/dags/weather_hourly.py
[2025-12-29T04:45:44.310+0000] {logging_mixin.py:188} INFO - [2025-12-29T04:45:44.310+0000] {dag.py:3089} INFO - Sync 1 DAGs
[2025-12-29T04:45:44.327+0000] {logging_mixin.py:188} INFO - [2025-12-29T04:45:44.327+0000] {dag.py:3947} INFO - Setting next_dagrun for weather_hourly to 2025-12-29 04:15:00+00:00, run_after=2025-12-29 05:15:00+00:00
[2025-12-29T04:45:44.343+0000] {processor.py:183} INFO - Processing /opt/airflow/dags/weather_hourly.py took 0.076 seconds
[2025-12-29T04:46:14.552+0000] {processor.py:161} INFO - Started process (PID=1285) to work on /opt/airflow/dags/weather_hourly.py
[2025-12-29T04:46:14.552+0000] {processor.py:830} INFO - Processing file /opt/airflow/dags/weather_hourly.py for tasks to queue
[2025-12-29T04:46:14.553+0000] {logging_mixin.py:188} INFO - [2025-12-29T04:46:14.553+0000] {dagbag.py:545} INFO - Filling up the DagBag from /opt/airflow/dags/weather_hourly.py
[2025-12-29T04:46:14.567+0000] {processor.py:840} INFO - DAG(s) 'weather_hourly' retrieved from /opt/airflow/dags/weather_hourly.py
[2025-12-29T04:46:14.591+0000] {logging_mixin.py:188} INFO - [2025-12-29T04:46:14.591+0000] {dag.py:3089} INFO - Sync 1 DAGs
[2025-12-29T04:46:14.608+0000] {logging_mixin.py:188} INFO - [2025-12-29T04:46:14.608+0000] {dag.py:3947} INFO - Setting next_dagrun for weather_hourly to 2025-12-29 04:15:00+00:00, run_after=2025-12-29 05:15:00+00:00
[2025-12-29T04:46:14.623+0000] {processor.py:183} INFO - Processing /opt/airflow/dags/weather_hourly.py took 0.075 seconds
[2025-12-29T04:46:44.838+0000] {processor.py:161} INFO - Started process (PID=1295) to work on /opt/airflow/dags/weather_hourly.py
[2025-12-29T04:46:44.839+0000] {processor.py:830} INFO - Processing file /opt/airflow/dags/weather_hourly.py for tasks to queue
[2025-12-29T04:46:44.840+0000] {logging_mixin.py:188} INFO - [2025-12-29T04:46:44.840+0000] {dagbag.py:545} INFO - Filling up the DagBag from /opt/airflow/dags/weather_hourly.py
[2025-12-29T04:46:44.858+0000] {processor.py:840} INFO - DAG(s) 'weather_hourly' retrieved from /opt/airflow/dags/weather_hourly.py
[2025-12-29T04:46:44.892+0000] {logging_mixin.py:188} INFO - [2025-12-29T04:46:44.892+0000] {dag.py:3089} INFO - Sync 1 DAGs
[2025-12-29T04:46:44.914+0000] {logging_mixin.py:188} INFO - [2025-12-29T04:46:44.914+0000] {dag.py:3947} INFO - Setting next_dagrun for weather_hourly to 2025-12-29 04:15:00+00:00, run_after=2025-12-29 05:15:00+00:00
[2025-12-29T04:46:44.935+0000] {processor.py:183} INFO - Processing /opt/airflow/dags/weather_hourly.py took 0.103 seconds
[2025-12-29T04:47:15.172+0000] {processor.py:161} INFO - Started process (PID=1305) to work on /opt/airflow/dags/weather_hourly.py
[2025-12-29T04:47:15.173+0000] {processor.py:830} INFO - Processing file /opt/airflow/dags/weather_hourly.py for tasks to queue
[2025-12-29T04:47:15.174+0000] {logging_mixin.py:188} INFO - [2025-12-29T04:47:15.174+0000] {dagbag.py:545} INFO - Filling up the DagBag from /opt/airflow/dags/weather_hourly.py
[2025-12-29T04:47:15.188+0000] {processor.py:840} INFO - DAG(s) 'weather_hourly' retrieved from /opt/airflow/dags/weather_hourly.py
[2025-12-29T04:47:15.214+0000] {logging_mixin.py:188} INFO - [2025-12-29T04:47:15.214+0000] {dag.py:3089} INFO - Sync 1 DAGs
[2025-12-29T04:47:15.235+0000] {logging_mixin.py:188} INFO - [2025-12-29T04:47:15.235+0000] {dag.py:3947} INFO - Setting next_dagrun for weather_hourly to 2025-12-29 04:15:00+00:00, run_after=2025-12-29 05:15:00+00:00
[2025-12-29T04:47:15.253+0000] {processor.py:183} INFO - Processing /opt/airflow/dags/weather_hourly.py took 0.086 seconds
[2025-12-29T04:47:45.371+0000] {processor.py:161} INFO - Started process (PID=1315) to work on /opt/airflow/dags/weather_hourly.py
[2025-12-29T04:47:45.372+0000] {processor.py:830} INFO - Processing file /opt/airflow/dags/weather_hourly.py for tasks to queue
[2025-12-29T04:47:45.373+0000] {logging_mixin.py:188} INFO - [2025-12-29T04:47:45.373+0000] {dagbag.py:545} INFO - Filling up the DagBag from /opt/airflow/dags/weather_hourly.py
[2025-12-29T04:47:45.387+0000] {processor.py:840} INFO - DAG(s) 'weather_hourly' retrieved from /opt/airflow/dags/weather_hourly.py
[2025-12-29T04:47:45.414+0000] {logging_mixin.py:188} INFO - [2025-12-29T04:47:45.413+0000] {dag.py:3089} INFO - Sync 1 DAGs
[2025-12-29T04:47:45.434+0000] {logging_mixin.py:188} INFO - [2025-12-29T04:47:45.434+0000] {dag.py:3947} INFO - Setting next_dagrun for weather_hourly to 2025-12-29 04:15:00+00:00, run_after=2025-12-29 05:15:00+00:00
[2025-12-29T04:47:45.450+0000] {processor.py:183} INFO - Processing /opt/airflow/dags/weather_hourly.py took 0.083 seconds
[2025-12-29T04:48:15.658+0000] {processor.py:161} INFO - Started process (PID=1325) to work on /opt/airflow/dags/weather_hourly.py
[2025-12-29T04:48:15.659+0000] {processor.py:830} INFO - Processing file /opt/airflow/dags/weather_hourly.py for tasks to queue
[2025-12-29T04:48:15.661+0000] {logging_mixin.py:188} INFO - [2025-12-29T04:48:15.660+0000] {dagbag.py:545} INFO - Filling up the DagBag from /opt/airflow/dags/weather_hourly.py
[2025-12-29T04:48:15.676+0000] {processor.py:840} INFO - DAG(s) 'weather_hourly' retrieved from /opt/airflow/dags/weather_hourly.py
[2025-12-29T04:48:15.705+0000] {logging_mixin.py:188} INFO - [2025-12-29T04:48:15.705+0000] {dag.py:3089} INFO - Sync 1 DAGs
[2025-12-29T04:48:15.726+0000] {logging_mixin.py:188} INFO - [2025-12-29T04:48:15.726+0000] {dag.py:3947} INFO - Setting next_dagrun for weather_hourly to 2025-12-29 04:15:00+00:00, run_after=2025-12-29 05:15:00+00:00
[2025-12-29T04:48:15.743+0000] {processor.py:183} INFO - Processing /opt/airflow/dags/weather_hourly.py took 0.090 seconds
[2025-12-29T04:48:45.942+0000] {processor.py:161} INFO - Started process (PID=1335) to work on /opt/airflow/dags/weather_hourly.py
[2025-12-29T04:48:45.942+0000] {processor.py:830} INFO - Processing file /opt/airflow/dags/weather_hourly.py for tasks to queue
[2025-12-29T04:48:45.944+0000] {logging_mixin.py:188} INFO - [2025-12-29T04:48:45.944+0000] {dagbag.py:545} INFO - Filling up the DagBag from /opt/airflow/dags/weather_hourly.py
[2025-12-29T04:48:45.959+0000] {processor.py:840} INFO - DAG(s) 'weather_hourly' retrieved from /opt/airflow/dags/weather_hourly.py
[2025-12-29T04:48:45.984+0000] {logging_mixin.py:188} INFO - [2025-12-29T04:48:45.984+0000] {dag.py:3089} INFO - Sync 1 DAGs
[2025-12-29T04:48:46.002+0000] {logging_mixin.py:188} INFO - [2025-12-29T04:48:46.002+0000] {dag.py:3947} INFO - Setting next_dagrun for weather_hourly to 2025-12-29 04:15:00+00:00, run_after=2025-12-29 05:15:00+00:00
[2025-12-29T04:48:46.018+0000] {processor.py:183} INFO - Processing /opt/airflow/dags/weather_hourly.py took 0.081 seconds
[2025-12-29T04:49:16.233+0000] {processor.py:161} INFO - Started process (PID=1345) to work on /opt/airflow/dags/weather_hourly.py
[2025-12-29T04:49:16.234+0000] {processor.py:830} INFO - Processing file /opt/airflow/dags/weather_hourly.py for tasks to queue
[2025-12-29T04:49:16.235+0000] {logging_mixin.py:188} INFO - [2025-12-29T04:49:16.235+0000] {dagbag.py:545} INFO - Filling up the DagBag from /opt/airflow/dags/weather_hourly.py
[2025-12-29T04:49:16.250+0000] {processor.py:840} INFO - DAG(s) 'weather_hourly' retrieved from /opt/airflow/dags/weather_hourly.py
[2025-12-29T04:49:16.278+0000] {logging_mixin.py:188} INFO - [2025-12-29T04:49:16.277+0000] {dag.py:3089} INFO - Sync 1 DAGs
[2025-12-29T04:49:16.298+0000] {logging_mixin.py:188} INFO - [2025-12-29T04:49:16.297+0000] {dag.py:3947} INFO - Setting next_dagrun for weather_hourly to 2025-12-29 04:15:00+00:00, run_after=2025-12-29 05:15:00+00:00
[2025-12-29T04:49:16.314+0000] {processor.py:183} INFO - Processing /opt/airflow/dags/weather_hourly.py took 0.086 seconds
[2025-12-29T04:49:46.428+0000] {processor.py:161} INFO - Started process (PID=1355) to work on /opt/airflow/dags/weather_hourly.py
[2025-12-29T04:49:46.429+0000] {processor.py:830} INFO - Processing file /opt/airflow/dags/weather_hourly.py for tasks to queue
[2025-12-29T04:49:46.430+0000] {logging_mixin.py:188} INFO - [2025-12-29T04:49:46.430+0000] {dagbag.py:545} INFO - Filling up the DagBag from /opt/airflow/dags/weather_hourly.py
[2025-12-29T04:49:46.444+0000] {processor.py:840} INFO - DAG(s) 'weather_hourly' retrieved from /opt/airflow/dags/weather_hourly.py
[2025-12-29T04:49:46.471+0000] {logging_mixin.py:188} INFO - [2025-12-29T04:49:46.470+0000] {dag.py:3089} INFO - Sync 1 DAGs
[2025-12-29T04:49:46.497+0000] {logging_mixin.py:188} INFO - [2025-12-29T04:49:46.496+0000] {dag.py:3947} INFO - Setting next_dagrun for weather_hourly to 2025-12-29 04:15:00+00:00, run_after=2025-12-29 05:15:00+00:00
[2025-12-29T04:49:46.515+0000] {processor.py:183} INFO - Processing /opt/airflow/dags/weather_hourly.py took 0.092 seconds
[2025-12-29T04:50:16.732+0000] {processor.py:161} INFO - Started process (PID=1365) to work on /opt/airflow/dags/weather_hourly.py
[2025-12-29T04:50:16.733+0000] {processor.py:830} INFO - Processing file /opt/airflow/dags/weather_hourly.py for tasks to queue
[2025-12-29T04:50:16.734+0000] {logging_mixin.py:188} INFO - [2025-12-29T04:50:16.734+0000] {dagbag.py:545} INFO - Filling up the DagBag from /opt/airflow/dags/weather_hourly.py
[2025-12-29T04:50:16.749+0000] {processor.py:840} INFO - DAG(s) 'weather_hourly' retrieved from /opt/airflow/dags/weather_hourly.py
[2025-12-29T04:50:16.777+0000] {logging_mixin.py:188} INFO - [2025-12-29T04:50:16.777+0000] {dag.py:3089} INFO - Sync 1 DAGs
[2025-12-29T04:50:16.797+0000] {logging_mixin.py:188} INFO - [2025-12-29T04:50:16.797+0000] {dag.py:3947} INFO - Setting next_dagrun for weather_hourly to 2025-12-29 04:15:00+00:00, run_after=2025-12-29 05:15:00+00:00
[2025-12-29T04:50:16.818+0000] {processor.py:183} INFO - Processing /opt/airflow/dags/weather_hourly.py took 0.090 seconds
[2025-12-29T04:50:47.024+0000] {processor.py:161} INFO - Started process (PID=1375) to work on /opt/airflow/dags/weather_hourly.py
[2025-12-29T04:50:47.025+0000] {processor.py:830} INFO - Processing file /opt/airflow/dags/weather_hourly.py for tasks to queue
[2025-12-29T04:50:47.026+0000] {logging_mixin.py:188} INFO - [2025-12-29T04:50:47.026+0000] {dagbag.py:545} INFO - Filling up the DagBag from /opt/airflow/dags/weather_hourly.py
[2025-12-29T04:50:47.040+0000] {processor.py:840} INFO - DAG(s) 'weather_hourly' retrieved from /opt/airflow/dags/weather_hourly.py
[2025-12-29T04:50:47.069+0000] {logging_mixin.py:188} INFO - [2025-12-29T04:50:47.068+0000] {dag.py:3089} INFO - Sync 1 DAGs
[2025-12-29T04:50:47.090+0000] {logging_mixin.py:188} INFO - [2025-12-29T04:50:47.090+0000] {dag.py:3947} INFO - Setting next_dagrun for weather_hourly to 2025-12-29 04:15:00+00:00, run_after=2025-12-29 05:15:00+00:00
[2025-12-29T04:50:47.106+0000] {processor.py:183} INFO - Processing /opt/airflow/dags/weather_hourly.py took 0.086 seconds
[2025-12-29T04:51:17.320+0000] {processor.py:161} INFO - Started process (PID=1385) to work on /opt/airflow/dags/weather_hourly.py
[2025-12-29T04:51:17.321+0000] {processor.py:830} INFO - Processing file /opt/airflow/dags/weather_hourly.py for tasks to queue
[2025-12-29T04:51:17.322+0000] {logging_mixin.py:188} INFO - [2025-12-29T04:51:17.322+0000] {dagbag.py:545} INFO - Filling up the DagBag from /opt/airflow/dags/weather_hourly.py
[2025-12-29T04:51:17.337+0000] {processor.py:840} INFO - DAG(s) 'weather_hourly' retrieved from /opt/airflow/dags/weather_hourly.py
[2025-12-29T04:51:17.363+0000] {logging_mixin.py:188} INFO - [2025-12-29T04:51:17.362+0000] {dag.py:3089} INFO - Sync 1 DAGs
[2025-12-29T04:51:17.381+0000] {logging_mixin.py:188} INFO - [2025-12-29T04:51:17.380+0000] {dag.py:3947} INFO - Setting next_dagrun for weather_hourly to 2025-12-29 04:15:00+00:00, run_after=2025-12-29 05:15:00+00:00
[2025-12-29T04:51:17.396+0000] {processor.py:183} INFO - Processing /opt/airflow/dags/weather_hourly.py took 0.080 seconds
[2025-12-29T04:51:47.614+0000] {processor.py:161} INFO - Started process (PID=1395) to work on /opt/airflow/dags/weather_hourly.py
[2025-12-29T04:51:47.615+0000] {processor.py:830} INFO - Processing file /opt/airflow/dags/weather_hourly.py for tasks to queue
[2025-12-29T04:51:47.616+0000] {logging_mixin.py:188} INFO - [2025-12-29T04:51:47.616+0000] {dagbag.py:545} INFO - Filling up the DagBag from /opt/airflow/dags/weather_hourly.py
[2025-12-29T04:51:47.631+0000] {processor.py:840} INFO - DAG(s) 'weather_hourly' retrieved from /opt/airflow/dags/weather_hourly.py
[2025-12-29T04:51:47.658+0000] {logging_mixin.py:188} INFO - [2025-12-29T04:51:47.658+0000] {dag.py:3089} INFO - Sync 1 DAGs
[2025-12-29T04:51:47.678+0000] {logging_mixin.py:188} INFO - [2025-12-29T04:51:47.677+0000] {dag.py:3947} INFO - Setting next_dagrun for weather_hourly to 2025-12-29 04:15:00+00:00, run_after=2025-12-29 05:15:00+00:00
[2025-12-29T04:51:47.695+0000] {processor.py:183} INFO - Processing /opt/airflow/dags/weather_hourly.py took 0.085 seconds
[2025-12-29T04:52:17.923+0000] {processor.py:161} INFO - Started process (PID=1405) to work on /opt/airflow/dags/weather_hourly.py
[2025-12-29T04:52:17.924+0000] {processor.py:830} INFO - Processing file /opt/airflow/dags/weather_hourly.py for tasks to queue
[2025-12-29T04:52:17.925+0000] {logging_mixin.py:188} INFO - [2025-12-29T04:52:17.925+0000] {dagbag.py:545} INFO - Filling up the DagBag from /opt/airflow/dags/weather_hourly.py
[2025-12-29T04:52:17.939+0000] {processor.py:840} INFO - DAG(s) 'weather_hourly' retrieved from /opt/airflow/dags/weather_hourly.py
[2025-12-29T04:52:17.963+0000] {logging_mixin.py:188} INFO - [2025-12-29T04:52:17.963+0000] {dag.py:3089} INFO - Sync 1 DAGs
[2025-12-29T04:52:17.982+0000] {logging_mixin.py:188} INFO - [2025-12-29T04:52:17.982+0000] {dag.py:3947} INFO - Setting next_dagrun for weather_hourly to 2025-12-29 04:15:00+00:00, run_after=2025-12-29 05:15:00+00:00
[2025-12-29T04:52:17.997+0000] {processor.py:183} INFO - Processing /opt/airflow/dags/weather_hourly.py took 0.079 seconds
[2025-12-29T04:52:48.199+0000] {processor.py:161} INFO - Started process (PID=1415) to work on /opt/airflow/dags/weather_hourly.py
[2025-12-29T04:52:48.200+0000] {processor.py:830} INFO - Processing file /opt/airflow/dags/weather_hourly.py for tasks to queue
[2025-12-29T04:52:48.201+0000] {logging_mixin.py:188} INFO - [2025-12-29T04:52:48.201+0000] {dagbag.py:545} INFO - Filling up the DagBag from /opt/airflow/dags/weather_hourly.py
[2025-12-29T04:52:48.215+0000] {processor.py:840} INFO - DAG(s) 'weather_hourly' retrieved from /opt/airflow/dags/weather_hourly.py
[2025-12-29T04:52:48.240+0000] {logging_mixin.py:188} INFO - [2025-12-29T04:52:48.240+0000] {dag.py:3089} INFO - Sync 1 DAGs
[2025-12-29T04:52:48.259+0000] {logging_mixin.py:188} INFO - [2025-12-29T04:52:48.258+0000] {dag.py:3947} INFO - Setting next_dagrun for weather_hourly to 2025-12-29 04:15:00+00:00, run_after=2025-12-29 05:15:00+00:00
[2025-12-29T04:52:48.277+0000] {processor.py:183} INFO - Processing /opt/airflow/dags/weather_hourly.py took 0.082 seconds
[2025-12-29T04:53:18.492+0000] {processor.py:161} INFO - Started process (PID=1425) to work on /opt/airflow/dags/weather_hourly.py
[2025-12-29T04:53:18.492+0000] {processor.py:830} INFO - Processing file /opt/airflow/dags/weather_hourly.py for tasks to queue
[2025-12-29T04:53:18.494+0000] {logging_mixin.py:188} INFO - [2025-12-29T04:53:18.493+0000] {dagbag.py:545} INFO - Filling up the DagBag from /opt/airflow/dags/weather_hourly.py
[2025-12-29T04:53:18.507+0000] {processor.py:840} INFO - DAG(s) 'weather_hourly' retrieved from /opt/airflow/dags/weather_hourly.py
[2025-12-29T04:53:18.533+0000] {logging_mixin.py:188} INFO - [2025-12-29T04:53:18.533+0000] {dag.py:3089} INFO - Sync 1 DAGs
[2025-12-29T04:53:18.552+0000] {logging_mixin.py:188} INFO - [2025-12-29T04:53:18.552+0000] {dag.py:3947} INFO - Setting next_dagrun for weather_hourly to 2025-12-29 04:15:00+00:00, run_after=2025-12-29 05:15:00+00:00
[2025-12-29T04:53:18.568+0000] {processor.py:183} INFO - Processing /opt/airflow/dags/weather_hourly.py took 0.081 seconds
[2025-12-29T04:53:48.692+0000] {processor.py:161} INFO - Started process (PID=1435) to work on /opt/airflow/dags/weather_hourly.py
[2025-12-29T04:53:48.692+0000] {processor.py:830} INFO - Processing file /opt/airflow/dags/weather_hourly.py for tasks to queue
[2025-12-29T04:53:48.694+0000] {logging_mixin.py:188} INFO - [2025-12-29T04:53:48.693+0000] {dagbag.py:545} INFO - Filling up the DagBag from /opt/airflow/dags/weather_hourly.py
[2025-12-29T04:53:48.708+0000] {processor.py:840} INFO - DAG(s) 'weather_hourly' retrieved from /opt/airflow/dags/weather_hourly.py
[2025-12-29T04:53:48.737+0000] {logging_mixin.py:188} INFO - [2025-12-29T04:53:48.737+0000] {dag.py:3089} INFO - Sync 1 DAGs
[2025-12-29T04:53:48.758+0000] {logging_mixin.py:188} INFO - [2025-12-29T04:53:48.757+0000] {dag.py:3947} INFO - Setting next_dagrun for weather_hourly to 2025-12-29 04:15:00+00:00, run_after=2025-12-29 05:15:00+00:00
[2025-12-29T04:53:48.775+0000] {processor.py:183} INFO - Processing /opt/airflow/dags/weather_hourly.py took 0.088 seconds
[2025-12-29T04:54:18.993+0000] {processor.py:161} INFO - Started process (PID=1445) to work on /opt/airflow/dags/weather_hourly.py
[2025-12-29T04:54:18.994+0000] {processor.py:830} INFO - Processing file /opt/airflow/dags/weather_hourly.py for tasks to queue
[2025-12-29T04:54:18.995+0000] {logging_mixin.py:188} INFO - [2025-12-29T04:54:18.995+0000] {dagbag.py:545} INFO - Filling up the DagBag from /opt/airflow/dags/weather_hourly.py
[2025-12-29T04:54:19.010+0000] {processor.py:840} INFO - DAG(s) 'weather_hourly' retrieved from /opt/airflow/dags/weather_hourly.py
[2025-12-29T04:54:19.036+0000] {logging_mixin.py:188} INFO - [2025-12-29T04:54:19.036+0000] {dag.py:3089} INFO - Sync 1 DAGs
[2025-12-29T04:54:19.057+0000] {logging_mixin.py:188} INFO - [2025-12-29T04:54:19.057+0000] {dag.py:3947} INFO - Setting next_dagrun for weather_hourly to 2025-12-29 04:15:00+00:00, run_after=2025-12-29 05:15:00+00:00
[2025-12-29T04:54:19.075+0000] {processor.py:183} INFO - Processing /opt/airflow/dags/weather_hourly.py took 0.087 seconds
[2025-12-29T04:54:49.283+0000] {processor.py:161} INFO - Started process (PID=1455) to work on /opt/airflow/dags/weather_hourly.py
[2025-12-29T04:54:49.284+0000] {processor.py:830} INFO - Processing file /opt/airflow/dags/weather_hourly.py for tasks to queue
[2025-12-29T04:54:49.285+0000] {logging_mixin.py:188} INFO - [2025-12-29T04:54:49.285+0000] {dagbag.py:545} INFO - Filling up the DagBag from /opt/airflow/dags/weather_hourly.py
[2025-12-29T04:54:49.297+0000] {processor.py:840} INFO - DAG(s) 'weather_hourly' retrieved from /opt/airflow/dags/weather_hourly.py
[2025-12-29T04:54:49.322+0000] {logging_mixin.py:188} INFO - [2025-12-29T04:54:49.322+0000] {dag.py:3089} INFO - Sync 1 DAGs
[2025-12-29T04:54:49.340+0000] {logging_mixin.py:188} INFO - [2025-12-29T04:54:49.340+0000] {dag.py:3947} INFO - Setting next_dagrun for weather_hourly to 2025-12-29 04:15:00+00:00, run_after=2025-12-29 05:15:00+00:00
[2025-12-29T04:54:49.356+0000] {processor.py:183} INFO - Processing /opt/airflow/dags/weather_hourly.py took 0.078 seconds
[2025-12-29T04:55:19.560+0000] {processor.py:161} INFO - Started process (PID=1465) to work on /opt/airflow/dags/weather_hourly.py
[2025-12-29T04:55:19.561+0000] {processor.py:830} INFO - Processing file /opt/airflow/dags/weather_hourly.py for tasks to queue
[2025-12-29T04:55:19.562+0000] {logging_mixin.py:188} INFO - [2025-12-29T04:55:19.562+0000] {dagbag.py:545} INFO - Filling up the DagBag from /opt/airflow/dags/weather_hourly.py
[2025-12-29T04:55:19.576+0000] {processor.py:840} INFO - DAG(s) 'weather_hourly' retrieved from /opt/airflow/dags/weather_hourly.py
[2025-12-29T04:55:19.602+0000] {logging_mixin.py:188} INFO - [2025-12-29T04:55:19.601+0000] {dag.py:3089} INFO - Sync 1 DAGs
[2025-12-29T04:55:19.620+0000] {logging_mixin.py:188} INFO - [2025-12-29T04:55:19.620+0000] {dag.py:3947} INFO - Setting next_dagrun for weather_hourly to 2025-12-29 04:15:00+00:00, run_after=2025-12-29 05:15:00+00:00
[2025-12-29T04:55:19.637+0000] {processor.py:183} INFO - Processing /opt/airflow/dags/weather_hourly.py took 0.082 seconds
[2025-12-29T04:55:49.850+0000] {processor.py:161} INFO - Started process (PID=1475) to work on /opt/airflow/dags/weather_hourly.py
[2025-12-29T04:55:49.851+0000] {processor.py:830} INFO - Processing file /opt/airflow/dags/weather_hourly.py for tasks to queue
[2025-12-29T04:55:49.852+0000] {logging_mixin.py:188} INFO - [2025-12-29T04:55:49.852+0000] {dagbag.py:545} INFO - Filling up the DagBag from /opt/airflow/dags/weather_hourly.py
[2025-12-29T04:55:49.867+0000] {processor.py:840} INFO - DAG(s) 'weather_hourly' retrieved from /opt/airflow/dags/weather_hourly.py
[2025-12-29T04:55:49.896+0000] {logging_mixin.py:188} INFO - [2025-12-29T04:55:49.896+0000] {dag.py:3089} INFO - Sync 1 DAGs
[2025-12-29T04:55:49.917+0000] {logging_mixin.py:188} INFO - [2025-12-29T04:55:49.917+0000] {dag.py:3947} INFO - Setting next_dagrun for weather_hourly to 2025-12-29 04:15:00+00:00, run_after=2025-12-29 05:15:00+00:00
[2025-12-29T04:55:49.936+0000] {processor.py:183} INFO - Processing /opt/airflow/dags/weather_hourly.py took 0.090 seconds
[2025-12-29T04:56:20.144+0000] {processor.py:161} INFO - Started process (PID=1485) to work on /opt/airflow/dags/weather_hourly.py
[2025-12-29T04:56:20.144+0000] {processor.py:830} INFO - Processing file /opt/airflow/dags/weather_hourly.py for tasks to queue
[2025-12-29T04:56:20.146+0000] {logging_mixin.py:188} INFO - [2025-12-29T04:56:20.146+0000] {dagbag.py:545} INFO - Filling up the DagBag from /opt/airflow/dags/weather_hourly.py
[2025-12-29T04:56:20.159+0000] {processor.py:840} INFO - DAG(s) 'weather_hourly' retrieved from /opt/airflow/dags/weather_hourly.py
[2025-12-29T04:56:20.184+0000] {logging_mixin.py:188} INFO - [2025-12-29T04:56:20.183+0000] {dag.py:3089} INFO - Sync 1 DAGs
[2025-12-29T04:56:20.203+0000] {logging_mixin.py:188} INFO - [2025-12-29T04:56:20.203+0000] {dag.py:3947} INFO - Setting next_dagrun for weather_hourly to 2025-12-29 04:15:00+00:00, run_after=2025-12-29 05:15:00+00:00
[2025-12-29T04:56:20.219+0000] {processor.py:183} INFO - Processing /opt/airflow/dags/weather_hourly.py took 0.080 seconds
[2025-12-29T04:56:50.415+0000] {processor.py:161} INFO - Started process (PID=1495) to work on /opt/airflow/dags/weather_hourly.py
[2025-12-29T04:56:50.416+0000] {processor.py:830} INFO - Processing file /opt/airflow/dags/weather_hourly.py for tasks to queue
[2025-12-29T04:56:50.417+0000] {logging_mixin.py:188} INFO - [2025-12-29T04:56:50.417+0000] {dagbag.py:545} INFO - Filling up the DagBag from /opt/airflow/dags/weather_hourly.py
[2025-12-29T04:56:50.430+0000] {processor.py:840} INFO - DAG(s) 'weather_hourly' retrieved from /opt/airflow/dags/weather_hourly.py
[2025-12-29T04:56:50.456+0000] {logging_mixin.py:188} INFO - [2025-12-29T04:56:50.455+0000] {dag.py:3089} INFO - Sync 1 DAGs
[2025-12-29T04:56:50.474+0000] {logging_mixin.py:188} INFO - [2025-12-29T04:56:50.474+0000] {dag.py:3947} INFO - Setting next_dagrun for weather_hourly to 2025-12-29 04:15:00+00:00, run_after=2025-12-29 05:15:00+00:00
[2025-12-29T04:56:50.489+0000] {processor.py:183} INFO - Processing /opt/airflow/dags/weather_hourly.py took 0.079 seconds
[2025-12-29T04:57:20.731+0000] {processor.py:161} INFO - Started process (PID=1505) to work on /opt/airflow/dags/weather_hourly.py
[2025-12-29T04:57:20.732+0000] {processor.py:830} INFO - Processing file /opt/airflow/dags/weather_hourly.py for tasks to queue
[2025-12-29T04:57:20.734+0000] {logging_mixin.py:188} INFO - [2025-12-29T04:57:20.733+0000] {dagbag.py:545} INFO - Filling up the DagBag from /opt/airflow/dags/weather_hourly.py
[2025-12-29T04:57:20.746+0000] {processor.py:840} INFO - DAG(s) 'weather_hourly' retrieved from /opt/airflow/dags/weather_hourly.py
[2025-12-29T04:57:20.771+0000] {logging_mixin.py:188} INFO - [2025-12-29T04:57:20.771+0000] {dag.py:3089} INFO - Sync 1 DAGs
[2025-12-29T04:57:20.788+0000] {logging_mixin.py:188} INFO - [2025-12-29T04:57:20.788+0000] {dag.py:3947} INFO - Setting next_dagrun for weather_hourly to 2025-12-29 04:15:00+00:00, run_after=2025-12-29 05:15:00+00:00
[2025-12-29T04:57:20.805+0000] {processor.py:183} INFO - Processing /opt/airflow/dags/weather_hourly.py took 0.078 seconds
[2025-12-29T04:57:51.010+0000] {processor.py:161} INFO - Started process (PID=1515) to work on /opt/airflow/dags/weather_hourly.py
[2025-12-29T04:57:51.011+0000] {processor.py:830} INFO - Processing file /opt/airflow/dags/weather_hourly.py for tasks to queue
[2025-12-29T04:57:51.012+0000] {logging_mixin.py:188} INFO - [2025-12-29T04:57:51.012+0000] {dagbag.py:545} INFO - Filling up the DagBag from /opt/airflow/dags/weather_hourly.py
[2025-12-29T04:57:51.026+0000] {processor.py:840} INFO - DAG(s) 'weather_hourly' retrieved from /opt/airflow/dags/weather_hourly.py
[2025-12-29T04:57:51.052+0000] {logging_mixin.py:188} INFO - [2025-12-29T04:57:51.051+0000] {dag.py:3089} INFO - Sync 1 DAGs
[2025-12-29T04:57:51.069+0000] {logging_mixin.py:188} INFO - [2025-12-29T04:57:51.069+0000] {dag.py:3947} INFO - Setting next_dagrun for weather_hourly to 2025-12-29 04:15:00+00:00, run_after=2025-12-29 05:15:00+00:00
[2025-12-29T04:57:51.086+0000] {processor.py:183} INFO - Processing /opt/airflow/dags/weather_hourly.py took 0.082 seconds
[2025-12-29T04:58:21.307+0000] {processor.py:161} INFO - Started process (PID=1525) to work on /opt/airflow/dags/weather_hourly.py
[2025-12-29T04:58:21.307+0000] {processor.py:830} INFO - Processing file /opt/airflow/dags/weather_hourly.py for tasks to queue
[2025-12-29T04:58:21.309+0000] {logging_mixin.py:188} INFO - [2025-12-29T04:58:21.308+0000] {dagbag.py:545} INFO - Filling up the DagBag from /opt/airflow/dags/weather_hourly.py
[2025-12-29T04:58:21.323+0000] {processor.py:840} INFO - DAG(s) 'weather_hourly' retrieved from /opt/airflow/dags/weather_hourly.py
[2025-12-29T04:58:21.352+0000] {logging_mixin.py:188} INFO - [2025-12-29T04:58:21.352+0000] {dag.py:3089} INFO - Sync 1 DAGs
[2025-12-29T04:58:21.373+0000] {logging_mixin.py:188} INFO - [2025-12-29T04:58:21.373+0000] {dag.py:3947} INFO - Setting next_dagrun for weather_hourly to 2025-12-29 04:15:00+00:00, run_after=2025-12-29 05:15:00+00:00
[2025-12-29T04:58:21.390+0000] {processor.py:183} INFO - Processing /opt/airflow/dags/weather_hourly.py took 0.088 seconds
[2025-12-29T04:58:51.607+0000] {processor.py:161} INFO - Started process (PID=1535) to work on /opt/airflow/dags/weather_hourly.py
[2025-12-29T04:58:51.608+0000] {processor.py:830} INFO - Processing file /opt/airflow/dags/weather_hourly.py for tasks to queue
[2025-12-29T04:58:51.609+0000] {logging_mixin.py:188} INFO - [2025-12-29T04:58:51.609+0000] {dagbag.py:545} INFO - Filling up the DagBag from /opt/airflow/dags/weather_hourly.py
[2025-12-29T04:58:51.625+0000] {processor.py:840} INFO - DAG(s) 'weather_hourly' retrieved from /opt/airflow/dags/weather_hourly.py
[2025-12-29T04:58:51.653+0000] {logging_mixin.py:188} INFO - [2025-12-29T04:58:51.653+0000] {dag.py:3089} INFO - Sync 1 DAGs
[2025-12-29T04:58:51.673+0000] {logging_mixin.py:188} INFO - [2025-12-29T04:58:51.673+0000] {dag.py:3947} INFO - Setting next_dagrun for weather_hourly to 2025-12-29 04:15:00+00:00, run_after=2025-12-29 05:15:00+00:00
[2025-12-29T04:58:51.691+0000] {processor.py:183} INFO - Processing /opt/airflow/dags/weather_hourly.py took 0.089 seconds
[2025-12-29T04:59:22.014+0000] {processor.py:161} INFO - Started process (PID=1545) to work on /opt/airflow/dags/weather_hourly.py
[2025-12-29T04:59:22.016+0000] {processor.py:830} INFO - Processing file /opt/airflow/dags/weather_hourly.py for tasks to queue
[2025-12-29T04:59:22.020+0000] {logging_mixin.py:188} INFO - [2025-12-29T04:59:22.020+0000] {dagbag.py:545} INFO - Filling up the DagBag from /opt/airflow/dags/weather_hourly.py
[2025-12-29T04:59:22.060+0000] {processor.py:840} INFO - DAG(s) 'weather_hourly' retrieved from /opt/airflow/dags/weather_hourly.py
[2025-12-29T04:59:22.118+0000] {logging_mixin.py:188} INFO - [2025-12-29T04:59:22.117+0000] {dag.py:3089} INFO - Sync 1 DAGs
[2025-12-29T04:59:22.161+0000] {logging_mixin.py:188} INFO - [2025-12-29T04:59:22.160+0000] {dag.py:3947} INFO - Setting next_dagrun for weather_hourly to 2025-12-29 04:15:00+00:00, run_after=2025-12-29 05:15:00+00:00
[2025-12-29T04:59:22.202+0000] {processor.py:183} INFO - Processing /opt/airflow/dags/weather_hourly.py took 0.207 seconds
[2025-12-29T04:59:52.407+0000] {processor.py:161} INFO - Started process (PID=1555) to work on /opt/airflow/dags/weather_hourly.py
[2025-12-29T04:59:52.407+0000] {processor.py:830} INFO - Processing file /opt/airflow/dags/weather_hourly.py for tasks to queue
[2025-12-29T04:59:52.409+0000] {logging_mixin.py:188} INFO - [2025-12-29T04:59:52.409+0000] {dagbag.py:545} INFO - Filling up the DagBag from /opt/airflow/dags/weather_hourly.py
[2025-12-29T04:59:52.426+0000] {processor.py:840} INFO - DAG(s) 'weather_hourly' retrieved from /opt/airflow/dags/weather_hourly.py
[2025-12-29T04:59:52.459+0000] {logging_mixin.py:188} INFO - [2025-12-29T04:59:52.459+0000] {dag.py:3089} INFO - Sync 1 DAGs
[2025-12-29T04:59:52.483+0000] {logging_mixin.py:188} INFO - [2025-12-29T04:59:52.483+0000] {dag.py:3947} INFO - Setting next_dagrun for weather_hourly to 2025-12-29 04:15:00+00:00, run_after=2025-12-29 05:15:00+00:00
[2025-12-29T04:59:52.504+0000] {processor.py:183} INFO - Processing /opt/airflow/dags/weather_hourly.py took 0.104 seconds
[2025-12-29T05:00:22.616+0000] {processor.py:161} INFO - Started process (PID=1565) to work on /opt/airflow/dags/weather_hourly.py
[2025-12-29T05:00:22.617+0000] {processor.py:830} INFO - Processing file /opt/airflow/dags/weather_hourly.py for tasks to queue
[2025-12-29T05:00:22.618+0000] {logging_mixin.py:188} INFO - [2025-12-29T05:00:22.618+0000] {dagbag.py:545} INFO - Filling up the DagBag from /opt/airflow/dags/weather_hourly.py
[2025-12-29T05:00:22.633+0000] {processor.py:840} INFO - DAG(s) 'weather_hourly' retrieved from /opt/airflow/dags/weather_hourly.py
[2025-12-29T05:00:22.662+0000] {logging_mixin.py:188} INFO - [2025-12-29T05:00:22.662+0000] {dag.py:3089} INFO - Sync 1 DAGs
[2025-12-29T05:00:22.683+0000] {logging_mixin.py:188} INFO - [2025-12-29T05:00:22.682+0000] {dag.py:3947} INFO - Setting next_dagrun for weather_hourly to 2025-12-29 04:15:00+00:00, run_after=2025-12-29 05:15:00+00:00
[2025-12-29T05:00:22.700+0000] {processor.py:183} INFO - Processing /opt/airflow/dags/weather_hourly.py took 0.089 seconds
[2025-12-29T05:00:52.869+0000] {processor.py:161} INFO - Started process (PID=1575) to work on /opt/airflow/dags/weather_hourly.py
[2025-12-29T05:00:52.870+0000] {processor.py:830} INFO - Processing file /opt/airflow/dags/weather_hourly.py for tasks to queue
[2025-12-29T05:00:52.871+0000] {logging_mixin.py:188} INFO - [2025-12-29T05:00:52.871+0000] {dagbag.py:545} INFO - Filling up the DagBag from /opt/airflow/dags/weather_hourly.py
[2025-12-29T05:00:52.885+0000] {processor.py:840} INFO - DAG(s) 'weather_hourly' retrieved from /opt/airflow/dags/weather_hourly.py
[2025-12-29T05:00:52.911+0000] {logging_mixin.py:188} INFO - [2025-12-29T05:00:52.910+0000] {dag.py:3089} INFO - Sync 1 DAGs
[2025-12-29T05:00:52.930+0000] {logging_mixin.py:188} INFO - [2025-12-29T05:00:52.929+0000] {dag.py:3947} INFO - Setting next_dagrun for weather_hourly to 2025-12-29 04:15:00+00:00, run_after=2025-12-29 05:15:00+00:00
[2025-12-29T05:00:52.946+0000] {processor.py:183} INFO - Processing /opt/airflow/dags/weather_hourly.py took 0.081 seconds
[2025-12-29T05:01:23.080+0000] {processor.py:161} INFO - Started process (PID=1585) to work on /opt/airflow/dags/weather_hourly.py
[2025-12-29T05:01:23.081+0000] {processor.py:830} INFO - Processing file /opt/airflow/dags/weather_hourly.py for tasks to queue
[2025-12-29T05:01:23.083+0000] {logging_mixin.py:188} INFO - [2025-12-29T05:01:23.083+0000] {dagbag.py:545} INFO - Filling up the DagBag from /opt/airflow/dags/weather_hourly.py
[2025-12-29T05:01:23.100+0000] {processor.py:840} INFO - DAG(s) 'weather_hourly' retrieved from /opt/airflow/dags/weather_hourly.py
[2025-12-29T05:01:23.136+0000] {logging_mixin.py:188} INFO - [2025-12-29T05:01:23.135+0000] {dag.py:3089} INFO - Sync 1 DAGs
[2025-12-29T05:01:23.157+0000] {logging_mixin.py:188} INFO - [2025-12-29T05:01:23.157+0000] {dag.py:3947} INFO - Setting next_dagrun for weather_hourly to 2025-12-29 04:15:00+00:00, run_after=2025-12-29 05:15:00+00:00
[2025-12-29T05:01:23.176+0000] {processor.py:183} INFO - Processing /opt/airflow/dags/weather_hourly.py took 0.103 seconds
[2025-12-29T05:01:53.317+0000] {processor.py:161} INFO - Started process (PID=1595) to work on /opt/airflow/dags/weather_hourly.py
[2025-12-29T05:01:53.318+0000] {processor.py:830} INFO - Processing file /opt/airflow/dags/weather_hourly.py for tasks to queue
[2025-12-29T05:01:53.319+0000] {logging_mixin.py:188} INFO - [2025-12-29T05:01:53.319+0000] {dagbag.py:545} INFO - Filling up the DagBag from /opt/airflow/dags/weather_hourly.py
[2025-12-29T05:01:53.333+0000] {processor.py:840} INFO - DAG(s) 'weather_hourly' retrieved from /opt/airflow/dags/weather_hourly.py
[2025-12-29T05:01:53.358+0000] {logging_mixin.py:188} INFO - [2025-12-29T05:01:53.358+0000] {dag.py:3089} INFO - Sync 1 DAGs
[2025-12-29T05:01:53.377+0000] {logging_mixin.py:188} INFO - [2025-12-29T05:01:53.377+0000] {dag.py:3947} INFO - Setting next_dagrun for weather_hourly to 2025-12-29 04:15:00+00:00, run_after=2025-12-29 05:15:00+00:00
[2025-12-29T05:01:53.394+0000] {processor.py:183} INFO - Processing /opt/airflow/dags/weather_hourly.py took 0.081 seconds
[2025-12-29T05:02:23.629+0000] {processor.py:161} INFO - Started process (PID=1605) to work on /opt/airflow/dags/weather_hourly.py
[2025-12-29T05:02:23.630+0000] {processor.py:830} INFO - Processing file /opt/airflow/dags/weather_hourly.py for tasks to queue
[2025-12-29T05:02:23.631+0000] {logging_mixin.py:188} INFO - [2025-12-29T05:02:23.631+0000] {dagbag.py:545} INFO - Filling up the DagBag from /opt/airflow/dags/weather_hourly.py
[2025-12-29T05:02:23.644+0000] {processor.py:840} INFO - DAG(s) 'weather_hourly' retrieved from /opt/airflow/dags/weather_hourly.py
[2025-12-29T05:02:23.668+0000] {logging_mixin.py:188} INFO - [2025-12-29T05:02:23.668+0000] {dag.py:3089} INFO - Sync 1 DAGs
[2025-12-29T05:02:23.687+0000] {logging_mixin.py:188} INFO - [2025-12-29T05:02:23.686+0000] {dag.py:3947} INFO - Setting next_dagrun for weather_hourly to 2025-12-29 04:15:00+00:00, run_after=2025-12-29 05:15:00+00:00
[2025-12-29T05:02:23.703+0000] {processor.py:183} INFO - Processing /opt/airflow/dags/weather_hourly.py took 0.078 seconds
[2025-12-29T05:02:53.906+0000] {processor.py:161} INFO - Started process (PID=1615) to work on /opt/airflow/dags/weather_hourly.py
[2025-12-29T05:02:53.907+0000] {processor.py:830} INFO - Processing file /opt/airflow/dags/weather_hourly.py for tasks to queue
[2025-12-29T05:02:53.908+0000] {logging_mixin.py:188} INFO - [2025-12-29T05:02:53.908+0000] {dagbag.py:545} INFO - Filling up the DagBag from /opt/airflow/dags/weather_hourly.py
[2025-12-29T05:02:53.921+0000] {processor.py:840} INFO - DAG(s) 'weather_hourly' retrieved from /opt/airflow/dags/weather_hourly.py
[2025-12-29T05:02:53.946+0000] {logging_mixin.py:188} INFO - [2025-12-29T05:02:53.946+0000] {dag.py:3089} INFO - Sync 1 DAGs
[2025-12-29T05:02:53.964+0000] {logging_mixin.py:188} INFO - [2025-12-29T05:02:53.964+0000] {dag.py:3947} INFO - Setting next_dagrun for weather_hourly to 2025-12-29 04:15:00+00:00, run_after=2025-12-29 05:15:00+00:00
[2025-12-29T05:02:53.979+0000] {processor.py:183} INFO - Processing /opt/airflow/dags/weather_hourly.py took 0.077 seconds
[2025-12-29T05:03:24.188+0000] {processor.py:161} INFO - Started process (PID=1625) to work on /opt/airflow/dags/weather_hourly.py
[2025-12-29T05:03:24.189+0000] {processor.py:830} INFO - Processing file /opt/airflow/dags/weather_hourly.py for tasks to queue
[2025-12-29T05:03:24.190+0000] {logging_mixin.py:188} INFO - [2025-12-29T05:03:24.190+0000] {dagbag.py:545} INFO - Filling up the DagBag from /opt/airflow/dags/weather_hourly.py
[2025-12-29T05:03:24.205+0000] {processor.py:840} INFO - DAG(s) 'weather_hourly' retrieved from /opt/airflow/dags/weather_hourly.py
[2025-12-29T05:03:24.230+0000] {logging_mixin.py:188} INFO - [2025-12-29T05:03:24.230+0000] {dag.py:3089} INFO - Sync 1 DAGs
[2025-12-29T05:03:24.250+0000] {logging_mixin.py:188} INFO - [2025-12-29T05:03:24.250+0000] {dag.py:3947} INFO - Setting next_dagrun for weather_hourly to 2025-12-29 04:15:00+00:00, run_after=2025-12-29 05:15:00+00:00
[2025-12-29T05:03:24.267+0000] {processor.py:183} INFO - Processing /opt/airflow/dags/weather_hourly.py took 0.083 seconds
[2025-12-29T05:03:54.471+0000] {processor.py:161} INFO - Started process (PID=1635) to work on /opt/airflow/dags/weather_hourly.py
[2025-12-29T05:03:54.471+0000] {processor.py:830} INFO - Processing file /opt/airflow/dags/weather_hourly.py for tasks to queue
[2025-12-29T05:03:54.473+0000] {logging_mixin.py:188} INFO - [2025-12-29T05:03:54.473+0000] {dagbag.py:545} INFO - Filling up the DagBag from /opt/airflow/dags/weather_hourly.py
[2025-12-29T05:03:54.487+0000] {processor.py:840} INFO - DAG(s) 'weather_hourly' retrieved from /opt/airflow/dags/weather_hourly.py
[2025-12-29T05:03:54.513+0000] {logging_mixin.py:188} INFO - [2025-12-29T05:03:54.513+0000] {dag.py:3089} INFO - Sync 1 DAGs
[2025-12-29T05:03:54.532+0000] {logging_mixin.py:188} INFO - [2025-12-29T05:03:54.532+0000] {dag.py:3947} INFO - Setting next_dagrun for weather_hourly to 2025-12-29 04:15:00+00:00, run_after=2025-12-29 05:15:00+00:00
[2025-12-29T05:03:54.548+0000] {processor.py:183} INFO - Processing /opt/airflow/dags/weather_hourly.py took 0.082 seconds
[2025-12-29T05:04:24.766+0000] {processor.py:161} INFO - Started process (PID=1645) to work on /opt/airflow/dags/weather_hourly.py
[2025-12-29T05:04:24.767+0000] {processor.py:830} INFO - Processing file /opt/airflow/dags/weather_hourly.py for tasks to queue
[2025-12-29T05:04:24.769+0000] {logging_mixin.py:188} INFO - [2025-12-29T05:04:24.769+0000] {dagbag.py:545} INFO - Filling up the DagBag from /opt/airflow/dags/weather_hourly.py
[2025-12-29T05:04:24.785+0000] {processor.py:840} INFO - DAG(s) 'weather_hourly' retrieved from /opt/airflow/dags/weather_hourly.py
[2025-12-29T05:04:24.816+0000] {logging_mixin.py:188} INFO - [2025-12-29T05:04:24.816+0000] {dag.py:3089} INFO - Sync 1 DAGs
[2025-12-29T05:04:24.839+0000] {logging_mixin.py:188} INFO - [2025-12-29T05:04:24.839+0000] {dag.py:3947} INFO - Setting next_dagrun for weather_hourly to 2025-12-29 04:15:00+00:00, run_after=2025-12-29 05:15:00+00:00
[2025-12-29T05:04:24.859+0000] {processor.py:183} INFO - Processing /opt/airflow/dags/weather_hourly.py took 0.098 seconds
[2025-12-29T05:04:54.962+0000] {processor.py:161} INFO - Started process (PID=1655) to work on /opt/airflow/dags/weather_hourly.py
[2025-12-29T05:04:54.963+0000] {processor.py:830} INFO - Processing file /opt/airflow/dags/weather_hourly.py for tasks to queue
[2025-12-29T05:04:54.964+0000] {logging_mixin.py:188} INFO - [2025-12-29T05:04:54.964+0000] {dagbag.py:545} INFO - Filling up the DagBag from /opt/airflow/dags/weather_hourly.py
[2025-12-29T05:04:54.977+0000] {processor.py:840} INFO - DAG(s) 'weather_hourly' retrieved from /opt/airflow/dags/weather_hourly.py
[2025-12-29T05:04:55.002+0000] {logging_mixin.py:188} INFO - [2025-12-29T05:04:55.002+0000] {dag.py:3089} INFO - Sync 1 DAGs
[2025-12-29T05:04:55.021+0000] {logging_mixin.py:188} INFO - [2025-12-29T05:04:55.020+0000] {dag.py:3947} INFO - Setting next_dagrun for weather_hourly to 2025-12-29 04:15:00+00:00, run_after=2025-12-29 05:15:00+00:00
[2025-12-29T05:04:55.036+0000] {processor.py:183} INFO - Processing /opt/airflow/dags/weather_hourly.py took 0.077 seconds
[2025-12-29T05:05:25.261+0000] {processor.py:161} INFO - Started process (PID=1665) to work on /opt/airflow/dags/weather_hourly.py
[2025-12-29T05:05:25.262+0000] {processor.py:830} INFO - Processing file /opt/airflow/dags/weather_hourly.py for tasks to queue
[2025-12-29T05:05:25.263+0000] {logging_mixin.py:188} INFO - [2025-12-29T05:05:25.263+0000] {dagbag.py:545} INFO - Filling up the DagBag from /opt/airflow/dags/weather_hourly.py
[2025-12-29T05:05:25.278+0000] {processor.py:840} INFO - DAG(s) 'weather_hourly' retrieved from /opt/airflow/dags/weather_hourly.py
[2025-12-29T05:05:25.305+0000] {logging_mixin.py:188} INFO - [2025-12-29T05:05:25.305+0000] {dag.py:3089} INFO - Sync 1 DAGs
[2025-12-29T05:05:25.326+0000] {logging_mixin.py:188} INFO - [2025-12-29T05:05:25.326+0000] {dag.py:3947} INFO - Setting next_dagrun for weather_hourly to 2025-12-29 04:15:00+00:00, run_after=2025-12-29 05:15:00+00:00
[2025-12-29T05:05:25.344+0000] {processor.py:183} INFO - Processing /opt/airflow/dags/weather_hourly.py took 0.088 seconds
[2025-12-29T05:05:55.461+0000] {processor.py:161} INFO - Started process (PID=1675) to work on /opt/airflow/dags/weather_hourly.py
[2025-12-29T05:05:55.462+0000] {processor.py:830} INFO - Processing file /opt/airflow/dags/weather_hourly.py for tasks to queue
[2025-12-29T05:05:55.463+0000] {logging_mixin.py:188} INFO - [2025-12-29T05:05:55.463+0000] {dagbag.py:545} INFO - Filling up the DagBag from /opt/airflow/dags/weather_hourly.py
[2025-12-29T05:05:55.476+0000] {processor.py:840} INFO - DAG(s) 'weather_hourly' retrieved from /opt/airflow/dags/weather_hourly.py
[2025-12-29T05:05:55.500+0000] {logging_mixin.py:188} INFO - [2025-12-29T05:05:55.500+0000] {dag.py:3089} INFO - Sync 1 DAGs
[2025-12-29T05:05:55.519+0000] {logging_mixin.py:188} INFO - [2025-12-29T05:05:55.519+0000] {dag.py:3947} INFO - Setting next_dagrun for weather_hourly to 2025-12-29 04:15:00+00:00, run_after=2025-12-29 05:15:00+00:00
[2025-12-29T05:05:55.534+0000] {processor.py:183} INFO - Processing /opt/airflow/dags/weather_hourly.py took 0.077 seconds
[2025-12-29T05:06:25.752+0000] {processor.py:161} INFO - Started process (PID=1685) to work on /opt/airflow/dags/weather_hourly.py
[2025-12-29T05:06:25.753+0000] {processor.py:830} INFO - Processing file /opt/airflow/dags/weather_hourly.py for tasks to queue
[2025-12-29T05:06:25.754+0000] {logging_mixin.py:188} INFO - [2025-12-29T05:06:25.754+0000] {dagbag.py:545} INFO - Filling up the DagBag from /opt/airflow/dags/weather_hourly.py
[2025-12-29T05:06:25.769+0000] {processor.py:840} INFO - DAG(s) 'weather_hourly' retrieved from /opt/airflow/dags/weather_hourly.py
[2025-12-29T05:06:25.795+0000] {logging_mixin.py:188} INFO - [2025-12-29T05:06:25.794+0000] {dag.py:3089} INFO - Sync 1 DAGs
[2025-12-29T05:06:25.813+0000] {logging_mixin.py:188} INFO - [2025-12-29T05:06:25.813+0000] {dag.py:3947} INFO - Setting next_dagrun for weather_hourly to 2025-12-29 04:15:00+00:00, run_after=2025-12-29 05:15:00+00:00
[2025-12-29T05:06:25.829+0000] {processor.py:183} INFO - Processing /opt/airflow/dags/weather_hourly.py took 0.081 seconds
[2025-12-29T05:06:56.061+0000] {processor.py:161} INFO - Started process (PID=1695) to work on /opt/airflow/dags/weather_hourly.py
[2025-12-29T05:06:56.062+0000] {processor.py:830} INFO - Processing file /opt/airflow/dags/weather_hourly.py for tasks to queue
[2025-12-29T05:06:56.063+0000] {logging_mixin.py:188} INFO - [2025-12-29T05:06:56.063+0000] {dagbag.py:545} INFO - Filling up the DagBag from /opt/airflow/dags/weather_hourly.py
[2025-12-29T05:06:56.077+0000] {processor.py:840} INFO - DAG(s) 'weather_hourly' retrieved from /opt/airflow/dags/weather_hourly.py
[2025-12-29T05:06:56.102+0000] {logging_mixin.py:188} INFO - [2025-12-29T05:06:56.102+0000] {dag.py:3089} INFO - Sync 1 DAGs
[2025-12-29T05:06:56.120+0000] {logging_mixin.py:188} INFO - [2025-12-29T05:06:56.120+0000] {dag.py:3947} INFO - Setting next_dagrun for weather_hourly to 2025-12-29 04:15:00+00:00, run_after=2025-12-29 05:15:00+00:00
[2025-12-29T05:06:56.137+0000] {processor.py:183} INFO - Processing /opt/airflow/dags/weather_hourly.py took 0.081 seconds
[2025-12-29T05:07:26.280+0000] {processor.py:161} INFO - Started process (PID=1705) to work on /opt/airflow/dags/weather_hourly.py
[2025-12-29T05:07:26.281+0000] {processor.py:830} INFO - Processing file /opt/airflow/dags/weather_hourly.py for tasks to queue
[2025-12-29T05:07:26.282+0000] {logging_mixin.py:188} INFO - [2025-12-29T05:07:26.282+0000] {dagbag.py:545} INFO - Filling up the DagBag from /opt/airflow/dags/weather_hourly.py
[2025-12-29T05:07:26.298+0000] {processor.py:840} INFO - DAG(s) 'weather_hourly' retrieved from /opt/airflow/dags/weather_hourly.py
[2025-12-29T05:07:26.325+0000] {logging_mixin.py:188} INFO - [2025-12-29T05:07:26.325+0000] {dag.py:3089} INFO - Sync 1 DAGs
[2025-12-29T05:07:26.345+0000] {logging_mixin.py:188} INFO - [2025-12-29T05:07:26.345+0000] {dag.py:3947} INFO - Setting next_dagrun for weather_hourly to 2025-12-29 04:15:00+00:00, run_after=2025-12-29 05:15:00+00:00
[2025-12-29T05:07:26.361+0000] {processor.py:183} INFO - Processing /opt/airflow/dags/weather_hourly.py took 0.086 seconds
[2025-12-29T05:07:56.506+0000] {processor.py:161} INFO - Started process (PID=1715) to work on /opt/airflow/dags/weather_hourly.py
[2025-12-29T05:07:56.506+0000] {processor.py:830} INFO - Processing file /opt/airflow/dags/weather_hourly.py for tasks to queue
[2025-12-29T05:07:56.507+0000] {logging_mixin.py:188} INFO - [2025-12-29T05:07:56.507+0000] {dagbag.py:545} INFO - Filling up the DagBag from /opt/airflow/dags/weather_hourly.py
[2025-12-29T05:07:56.523+0000] {processor.py:840} INFO - DAG(s) 'weather_hourly' retrieved from /opt/airflow/dags/weather_hourly.py
[2025-12-29T05:07:56.551+0000] {logging_mixin.py:188} INFO - [2025-12-29T05:07:56.550+0000] {dag.py:3089} INFO - Sync 1 DAGs
[2025-12-29T05:07:56.571+0000] {logging_mixin.py:188} INFO - [2025-12-29T05:07:56.571+0000] {dag.py:3947} INFO - Setting next_dagrun for weather_hourly to 2025-12-29 04:15:00+00:00, run_after=2025-12-29 05:15:00+00:00
[2025-12-29T05:07:56.588+0000] {processor.py:183} INFO - Processing /opt/airflow/dags/weather_hourly.py took 0.088 seconds
[2025-12-29T05:08:26.715+0000] {processor.py:161} INFO - Started process (PID=1725) to work on /opt/airflow/dags/weather_hourly.py
[2025-12-29T05:08:26.716+0000] {processor.py:830} INFO - Processing file /opt/airflow/dags/weather_hourly.py for tasks to queue
[2025-12-29T05:08:26.717+0000] {logging_mixin.py:188} INFO - [2025-12-29T05:08:26.717+0000] {dagbag.py:545} INFO - Filling up the DagBag from /opt/airflow/dags/weather_hourly.py
[2025-12-29T05:08:26.731+0000] {processor.py:840} INFO - DAG(s) 'weather_hourly' retrieved from /opt/airflow/dags/weather_hourly.py
[2025-12-29T05:08:26.758+0000] {logging_mixin.py:188} INFO - [2025-12-29T05:08:26.758+0000] {dag.py:3089} INFO - Sync 1 DAGs
[2025-12-29T05:08:26.777+0000] {logging_mixin.py:188} INFO - [2025-12-29T05:08:26.777+0000] {dag.py:3947} INFO - Setting next_dagrun for weather_hourly to 2025-12-29 04:15:00+00:00, run_after=2025-12-29 05:15:00+00:00
[2025-12-29T05:08:26.794+0000] {processor.py:183} INFO - Processing /opt/airflow/dags/weather_hourly.py took 0.084 seconds
[2025-12-29T05:08:56.999+0000] {processor.py:161} INFO - Started process (PID=1735) to work on /opt/airflow/dags/weather_hourly.py
[2025-12-29T05:08:57.000+0000] {processor.py:830} INFO - Processing file /opt/airflow/dags/weather_hourly.py for tasks to queue
[2025-12-29T05:08:57.001+0000] {logging_mixin.py:188} INFO - [2025-12-29T05:08:57.001+0000] {dagbag.py:545} INFO - Filling up the DagBag from /opt/airflow/dags/weather_hourly.py
[2025-12-29T05:08:57.015+0000] {processor.py:840} INFO - DAG(s) 'weather_hourly' retrieved from /opt/airflow/dags/weather_hourly.py
[2025-12-29T05:08:57.042+0000] {logging_mixin.py:188} INFO - [2025-12-29T05:08:57.042+0000] {dag.py:3089} INFO - Sync 1 DAGs
[2025-12-29T05:08:57.060+0000] {logging_mixin.py:188} INFO - [2025-12-29T05:08:57.060+0000] {dag.py:3947} INFO - Setting next_dagrun for weather_hourly to 2025-12-29 04:15:00+00:00, run_after=2025-12-29 05:15:00+00:00
[2025-12-29T05:08:57.076+0000] {processor.py:183} INFO - Processing /opt/airflow/dags/weather_hourly.py took 0.082 seconds
[2025-12-29T05:09:27.208+0000] {processor.py:161} INFO - Started process (PID=1745) to work on /opt/airflow/dags/weather_hourly.py
[2025-12-29T05:09:27.208+0000] {processor.py:830} INFO - Processing file /opt/airflow/dags/weather_hourly.py for tasks to queue
[2025-12-29T05:09:27.210+0000] {logging_mixin.py:188} INFO - [2025-12-29T05:09:27.209+0000] {dagbag.py:545} INFO - Filling up the DagBag from /opt/airflow/dags/weather_hourly.py
[2025-12-29T05:09:27.223+0000] {processor.py:840} INFO - DAG(s) 'weather_hourly' retrieved from /opt/airflow/dags/weather_hourly.py
[2025-12-29T05:09:27.248+0000] {logging_mixin.py:188} INFO - [2025-12-29T05:09:27.248+0000] {dag.py:3089} INFO - Sync 1 DAGs
[2025-12-29T05:09:27.267+0000] {logging_mixin.py:188} INFO - [2025-12-29T05:09:27.267+0000] {dag.py:3947} INFO - Setting next_dagrun for weather_hourly to 2025-12-29 04:15:00+00:00, run_after=2025-12-29 05:15:00+00:00
[2025-12-29T05:09:27.283+0000] {processor.py:183} INFO - Processing /opt/airflow/dags/weather_hourly.py took 0.080 seconds
[2025-12-29T05:09:57.486+0000] {processor.py:161} INFO - Started process (PID=1755) to work on /opt/airflow/dags/weather_hourly.py
[2025-12-29T05:09:57.487+0000] {processor.py:830} INFO - Processing file /opt/airflow/dags/weather_hourly.py for tasks to queue
[2025-12-29T05:09:57.488+0000] {logging_mixin.py:188} INFO - [2025-12-29T05:09:57.488+0000] {dagbag.py:545} INFO - Filling up the DagBag from /opt/airflow/dags/weather_hourly.py
[2025-12-29T05:09:57.504+0000] {processor.py:840} INFO - DAG(s) 'weather_hourly' retrieved from /opt/airflow/dags/weather_hourly.py
[2025-12-29T05:09:57.529+0000] {logging_mixin.py:188} INFO - [2025-12-29T05:09:57.529+0000] {dag.py:3089} INFO - Sync 1 DAGs
[2025-12-29T05:09:57.546+0000] {logging_mixin.py:188} INFO - [2025-12-29T05:09:57.546+0000] {dag.py:3947} INFO - Setting next_dagrun for weather_hourly to 2025-12-29 04:15:00+00:00, run_after=2025-12-29 05:15:00+00:00
[2025-12-29T05:09:57.564+0000] {processor.py:183} INFO - Processing /opt/airflow/dags/weather_hourly.py took 0.082 seconds
[2025-12-29T05:10:27.775+0000] {processor.py:161} INFO - Started process (PID=1765) to work on /opt/airflow/dags/weather_hourly.py
[2025-12-29T05:10:27.776+0000] {processor.py:830} INFO - Processing file /opt/airflow/dags/weather_hourly.py for tasks to queue
[2025-12-29T05:10:27.778+0000] {logging_mixin.py:188} INFO - [2025-12-29T05:10:27.777+0000] {dagbag.py:545} INFO - Filling up the DagBag from /opt/airflow/dags/weather_hourly.py
[2025-12-29T05:10:27.793+0000] {processor.py:840} INFO - DAG(s) 'weather_hourly' retrieved from /opt/airflow/dags/weather_hourly.py
[2025-12-29T05:10:27.816+0000] {logging_mixin.py:188} INFO - [2025-12-29T05:10:27.816+0000] {dag.py:3089} INFO - Sync 1 DAGs
[2025-12-29T05:10:27.834+0000] {logging_mixin.py:188} INFO - [2025-12-29T05:10:27.834+0000] {dag.py:3947} INFO - Setting next_dagrun for weather_hourly to 2025-12-29 04:15:00+00:00, run_after=2025-12-29 05:15:00+00:00
[2025-12-29T05:10:27.850+0000] {processor.py:183} INFO - Processing /opt/airflow/dags/weather_hourly.py took 0.080 seconds
[2025-12-29T05:10:58.057+0000] {processor.py:161} INFO - Started process (PID=1775) to work on /opt/airflow/dags/weather_hourly.py
[2025-12-29T05:10:58.058+0000] {processor.py:830} INFO - Processing file /opt/airflow/dags/weather_hourly.py for tasks to queue
[2025-12-29T05:10:58.060+0000] {logging_mixin.py:188} INFO - [2025-12-29T05:10:58.059+0000] {dagbag.py:545} INFO - Filling up the DagBag from /opt/airflow/dags/weather_hourly.py
[2025-12-29T05:10:58.078+0000] {processor.py:840} INFO - DAG(s) 'weather_hourly' retrieved from /opt/airflow/dags/weather_hourly.py
[2025-12-29T05:10:58.109+0000] {logging_mixin.py:188} INFO - [2025-12-29T05:10:58.109+0000] {dag.py:3089} INFO - Sync 1 DAGs
[2025-12-29T05:10:58.137+0000] {logging_mixin.py:188} INFO - [2025-12-29T05:10:58.136+0000] {dag.py:3947} INFO - Setting next_dagrun for weather_hourly to 2025-12-29 04:15:00+00:00, run_after=2025-12-29 05:15:00+00:00
[2025-12-29T05:10:58.164+0000] {processor.py:183} INFO - Processing /opt/airflow/dags/weather_hourly.py took 0.112 seconds
[2025-12-29T05:11:28.375+0000] {processor.py:161} INFO - Started process (PID=1785) to work on /opt/airflow/dags/weather_hourly.py
[2025-12-29T05:11:28.376+0000] {processor.py:830} INFO - Processing file /opt/airflow/dags/weather_hourly.py for tasks to queue
[2025-12-29T05:11:28.377+0000] {logging_mixin.py:188} INFO - [2025-12-29T05:11:28.377+0000] {dagbag.py:545} INFO - Filling up the DagBag from /opt/airflow/dags/weather_hourly.py
[2025-12-29T05:11:28.390+0000] {processor.py:840} INFO - DAG(s) 'weather_hourly' retrieved from /opt/airflow/dags/weather_hourly.py
[2025-12-29T05:11:28.415+0000] {logging_mixin.py:188} INFO - [2025-12-29T05:11:28.415+0000] {dag.py:3089} INFO - Sync 1 DAGs
[2025-12-29T05:11:28.433+0000] {logging_mixin.py:188} INFO - [2025-12-29T05:11:28.433+0000] {dag.py:3947} INFO - Setting next_dagrun for weather_hourly to 2025-12-29 04:15:00+00:00, run_after=2025-12-29 05:15:00+00:00
[2025-12-29T05:11:28.448+0000] {processor.py:183} INFO - Processing /opt/airflow/dags/weather_hourly.py took 0.077 seconds
[2025-12-29T05:11:58.689+0000] {processor.py:161} INFO - Started process (PID=1795) to work on /opt/airflow/dags/weather_hourly.py
[2025-12-29T05:11:58.690+0000] {processor.py:830} INFO - Processing file /opt/airflow/dags/weather_hourly.py for tasks to queue
[2025-12-29T05:11:58.691+0000] {logging_mixin.py:188} INFO - [2025-12-29T05:11:58.691+0000] {dagbag.py:545} INFO - Filling up the DagBag from /opt/airflow/dags/weather_hourly.py
[2025-12-29T05:11:58.715+0000] {processor.py:840} INFO - DAG(s) 'weather_hourly' retrieved from /opt/airflow/dags/weather_hourly.py
[2025-12-29T05:11:58.756+0000] {logging_mixin.py:188} INFO - [2025-12-29T05:11:58.756+0000] {dag.py:3089} INFO - Sync 1 DAGs
[2025-12-29T05:11:58.786+0000] {logging_mixin.py:188} INFO - [2025-12-29T05:11:58.785+0000] {dag.py:3947} INFO - Setting next_dagrun for weather_hourly to 2025-12-29 04:15:00+00:00, run_after=2025-12-29 05:15:00+00:00
[2025-12-29T05:11:58.811+0000] {processor.py:183} INFO - Processing /opt/airflow/dags/weather_hourly.py took 0.129 seconds
[2025-12-29T05:12:29.024+0000] {processor.py:161} INFO - Started process (PID=1805) to work on /opt/airflow/dags/weather_hourly.py
[2025-12-29T05:12:29.025+0000] {processor.py:830} INFO - Processing file /opt/airflow/dags/weather_hourly.py for tasks to queue
[2025-12-29T05:12:29.026+0000] {logging_mixin.py:188} INFO - [2025-12-29T05:12:29.026+0000] {dagbag.py:545} INFO - Filling up the DagBag from /opt/airflow/dags/weather_hourly.py
[2025-12-29T05:12:29.041+0000] {processor.py:840} INFO - DAG(s) 'weather_hourly' retrieved from /opt/airflow/dags/weather_hourly.py
[2025-12-29T05:12:29.067+0000] {logging_mixin.py:188} INFO - [2025-12-29T05:12:29.067+0000] {dag.py:3089} INFO - Sync 1 DAGs
[2025-12-29T05:12:29.085+0000] {logging_mixin.py:188} INFO - [2025-12-29T05:12:29.085+0000] {dag.py:3947} INFO - Setting next_dagrun for weather_hourly to 2025-12-29 04:15:00+00:00, run_after=2025-12-29 05:15:00+00:00
[2025-12-29T05:12:29.102+0000] {processor.py:183} INFO - Processing /opt/airflow/dags/weather_hourly.py took 0.082 seconds
[2025-12-29T05:12:59.310+0000] {processor.py:161} INFO - Started process (PID=1815) to work on /opt/airflow/dags/weather_hourly.py
[2025-12-29T05:12:59.311+0000] {processor.py:830} INFO - Processing file /opt/airflow/dags/weather_hourly.py for tasks to queue
[2025-12-29T05:12:59.312+0000] {logging_mixin.py:188} INFO - [2025-12-29T05:12:59.312+0000] {dagbag.py:545} INFO - Filling up the DagBag from /opt/airflow/dags/weather_hourly.py
[2025-12-29T05:12:59.325+0000] {processor.py:840} INFO - DAG(s) 'weather_hourly' retrieved from /opt/airflow/dags/weather_hourly.py
[2025-12-29T05:12:59.348+0000] {logging_mixin.py:188} INFO - [2025-12-29T05:12:59.348+0000] {dag.py:3089} INFO - Sync 1 DAGs
[2025-12-29T05:12:59.366+0000] {logging_mixin.py:188} INFO - [2025-12-29T05:12:59.366+0000] {dag.py:3947} INFO - Setting next_dagrun for weather_hourly to 2025-12-29 04:15:00+00:00, run_after=2025-12-29 05:15:00+00:00
[2025-12-29T05:12:59.385+0000] {processor.py:183} INFO - Processing /opt/airflow/dags/weather_hourly.py took 0.079 seconds
[2025-12-29T05:13:29.516+0000] {processor.py:161} INFO - Started process (PID=1825) to work on /opt/airflow/dags/weather_hourly.py
[2025-12-29T05:13:29.517+0000] {processor.py:830} INFO - Processing file /opt/airflow/dags/weather_hourly.py for tasks to queue
[2025-12-29T05:13:29.518+0000] {logging_mixin.py:188} INFO - [2025-12-29T05:13:29.518+0000] {dagbag.py:545} INFO - Filling up the DagBag from /opt/airflow/dags/weather_hourly.py
[2025-12-29T05:13:29.531+0000] {processor.py:840} INFO - DAG(s) 'weather_hourly' retrieved from /opt/airflow/dags/weather_hourly.py
[2025-12-29T05:13:29.557+0000] {logging_mixin.py:188} INFO - [2025-12-29T05:13:29.557+0000] {dag.py:3089} INFO - Sync 1 DAGs
[2025-12-29T05:13:29.576+0000] {logging_mixin.py:188} INFO - [2025-12-29T05:13:29.576+0000] {dag.py:3947} INFO - Setting next_dagrun for weather_hourly to 2025-12-29 04:15:00+00:00, run_after=2025-12-29 05:15:00+00:00
[2025-12-29T05:13:29.593+0000] {processor.py:183} INFO - Processing /opt/airflow/dags/weather_hourly.py took 0.081 seconds
[2025-12-29T05:13:59.808+0000] {processor.py:161} INFO - Started process (PID=1835) to work on /opt/airflow/dags/weather_hourly.py
[2025-12-29T05:13:59.809+0000] {processor.py:830} INFO - Processing file /opt/airflow/dags/weather_hourly.py for tasks to queue
[2025-12-29T05:13:59.811+0000] {logging_mixin.py:188} INFO - [2025-12-29T05:13:59.811+0000] {dagbag.py:545} INFO - Filling up the DagBag from /opt/airflow/dags/weather_hourly.py
[2025-12-29T05:13:59.825+0000] {processor.py:840} INFO - DAG(s) 'weather_hourly' retrieved from /opt/airflow/dags/weather_hourly.py
[2025-12-29T05:13:59.853+0000] {logging_mixin.py:188} INFO - [2025-12-29T05:13:59.853+0000] {dag.py:3089} INFO - Sync 1 DAGs
[2025-12-29T05:13:59.873+0000] {logging_mixin.py:188} INFO - [2025-12-29T05:13:59.873+0000] {dag.py:3947} INFO - Setting next_dagrun for weather_hourly to 2025-12-29 04:15:00+00:00, run_after=2025-12-29 05:15:00+00:00
[2025-12-29T05:13:59.891+0000] {processor.py:183} INFO - Processing /opt/airflow/dags/weather_hourly.py took 0.087 seconds
[2025-12-29T05:14:30.022+0000] {processor.py:161} INFO - Started process (PID=1845) to work on /opt/airflow/dags/weather_hourly.py
[2025-12-29T05:14:30.023+0000] {processor.py:830} INFO - Processing file /opt/airflow/dags/weather_hourly.py for tasks to queue
[2025-12-29T05:14:30.024+0000] {logging_mixin.py:188} INFO - [2025-12-29T05:14:30.024+0000] {dagbag.py:545} INFO - Filling up the DagBag from /opt/airflow/dags/weather_hourly.py
[2025-12-29T05:14:30.041+0000] {processor.py:840} INFO - DAG(s) 'weather_hourly' retrieved from /opt/airflow/dags/weather_hourly.py
[2025-12-29T05:14:30.069+0000] {logging_mixin.py:188} INFO - [2025-12-29T05:14:30.069+0000] {dag.py:3089} INFO - Sync 1 DAGs
[2025-12-29T05:14:30.089+0000] {logging_mixin.py:188} INFO - [2025-12-29T05:14:30.089+0000] {dag.py:3947} INFO - Setting next_dagrun for weather_hourly to 2025-12-29 04:15:00+00:00, run_after=2025-12-29 05:15:00+00:00
[2025-12-29T05:14:30.108+0000] {processor.py:183} INFO - Processing /opt/airflow/dags/weather_hourly.py took 0.091 seconds
[2025-12-29T05:15:00.260+0000] {processor.py:161} INFO - Started process (PID=1855) to work on /opt/airflow/dags/weather_hourly.py
[2025-12-29T05:15:00.260+0000] {processor.py:830} INFO - Processing file /opt/airflow/dags/weather_hourly.py for tasks to queue
[2025-12-29T05:15:00.262+0000] {logging_mixin.py:188} INFO - [2025-12-29T05:15:00.261+0000] {dagbag.py:545} INFO - Filling up the DagBag from /opt/airflow/dags/weather_hourly.py
[2025-12-29T05:15:00.275+0000] {processor.py:840} INFO - DAG(s) 'weather_hourly' retrieved from /opt/airflow/dags/weather_hourly.py
[2025-12-29T05:15:00.299+0000] {logging_mixin.py:188} INFO - [2025-12-29T05:15:00.299+0000] {dag.py:3089} INFO - Sync 1 DAGs
[2025-12-29T05:15:00.318+0000] {logging_mixin.py:188} INFO - [2025-12-29T05:15:00.317+0000] {dag.py:3947} INFO - Setting next_dagrun for weather_hourly to 2025-12-29 04:15:00+00:00, run_after=2025-12-29 05:15:00+00:00
[2025-12-29T05:15:00.333+0000] {processor.py:183} INFO - Processing /opt/airflow/dags/weather_hourly.py took 0.077 seconds
[2025-12-29T05:15:30.538+0000] {processor.py:161} INFO - Started process (PID=1873) to work on /opt/airflow/dags/weather_hourly.py
[2025-12-29T05:15:30.539+0000] {processor.py:830} INFO - Processing file /opt/airflow/dags/weather_hourly.py for tasks to queue
[2025-12-29T05:15:30.540+0000] {logging_mixin.py:188} INFO - [2025-12-29T05:15:30.540+0000] {dagbag.py:545} INFO - Filling up the DagBag from /opt/airflow/dags/weather_hourly.py
[2025-12-29T05:15:30.555+0000] {processor.py:840} INFO - DAG(s) 'weather_hourly' retrieved from /opt/airflow/dags/weather_hourly.py
[2025-12-29T05:15:30.582+0000] {logging_mixin.py:188} INFO - [2025-12-29T05:15:30.582+0000] {dag.py:3089} INFO - Sync 1 DAGs
[2025-12-29T05:15:30.603+0000] {logging_mixin.py:188} INFO - [2025-12-29T05:15:30.603+0000] {dag.py:3947} INFO - Setting next_dagrun for weather_hourly to 2025-12-29 05:15:00+00:00, run_after=2025-12-29 06:15:00+00:00
[2025-12-29T05:15:30.620+0000] {processor.py:183} INFO - Processing /opt/airflow/dags/weather_hourly.py took 0.087 seconds
[2025-12-29T05:16:00.839+0000] {processor.py:161} INFO - Started process (PID=1883) to work on /opt/airflow/dags/weather_hourly.py
[2025-12-29T05:16:00.840+0000] {processor.py:830} INFO - Processing file /opt/airflow/dags/weather_hourly.py for tasks to queue
[2025-12-29T05:16:00.842+0000] {logging_mixin.py:188} INFO - [2025-12-29T05:16:00.841+0000] {dagbag.py:545} INFO - Filling up the DagBag from /opt/airflow/dags/weather_hourly.py
[2025-12-29T05:16:00.857+0000] {processor.py:840} INFO - DAG(s) 'weather_hourly' retrieved from /opt/airflow/dags/weather_hourly.py
[2025-12-29T05:16:00.885+0000] {logging_mixin.py:188} INFO - [2025-12-29T05:16:00.885+0000] {dag.py:3089} INFO - Sync 1 DAGs
[2025-12-29T05:16:00.906+0000] {logging_mixin.py:188} INFO - [2025-12-29T05:16:00.905+0000] {dag.py:3947} INFO - Setting next_dagrun for weather_hourly to 2025-12-29 05:15:00+00:00, run_after=2025-12-29 06:15:00+00:00
[2025-12-29T05:16:00.925+0000] {processor.py:183} INFO - Processing /opt/airflow/dags/weather_hourly.py took 0.092 seconds
[2025-12-29T05:16:31.148+0000] {processor.py:161} INFO - Started process (PID=1893) to work on /opt/airflow/dags/weather_hourly.py
[2025-12-29T05:16:31.148+0000] {processor.py:830} INFO - Processing file /opt/airflow/dags/weather_hourly.py for tasks to queue
[2025-12-29T05:16:31.150+0000] {logging_mixin.py:188} INFO - [2025-12-29T05:16:31.149+0000] {dagbag.py:545} INFO - Filling up the DagBag from /opt/airflow/dags/weather_hourly.py
[2025-12-29T05:16:31.165+0000] {processor.py:840} INFO - DAG(s) 'weather_hourly' retrieved from /opt/airflow/dags/weather_hourly.py
[2025-12-29T05:16:31.193+0000] {logging_mixin.py:188} INFO - [2025-12-29T05:16:31.193+0000] {dag.py:3089} INFO - Sync 1 DAGs
[2025-12-29T05:16:31.213+0000] {logging_mixin.py:188} INFO - [2025-12-29T05:16:31.213+0000] {dag.py:3947} INFO - Setting next_dagrun for weather_hourly to 2025-12-29 05:15:00+00:00, run_after=2025-12-29 06:15:00+00:00
[2025-12-29T05:16:31.231+0000] {processor.py:183} INFO - Processing /opt/airflow/dags/weather_hourly.py took 0.088 seconds
[2025-12-29T05:17:01.381+0000] {processor.py:161} INFO - Started process (PID=1903) to work on /opt/airflow/dags/weather_hourly.py
[2025-12-29T05:17:01.382+0000] {processor.py:830} INFO - Processing file /opt/airflow/dags/weather_hourly.py for tasks to queue
[2025-12-29T05:17:01.383+0000] {logging_mixin.py:188} INFO - [2025-12-29T05:17:01.382+0000] {dagbag.py:545} INFO - Filling up the DagBag from /opt/airflow/dags/weather_hourly.py
[2025-12-29T05:17:01.396+0000] {processor.py:840} INFO - DAG(s) 'weather_hourly' retrieved from /opt/airflow/dags/weather_hourly.py
[2025-12-29T05:17:01.421+0000] {logging_mixin.py:188} INFO - [2025-12-29T05:17:01.420+0000] {dag.py:3089} INFO - Sync 1 DAGs
[2025-12-29T05:17:01.438+0000] {logging_mixin.py:188} INFO - [2025-12-29T05:17:01.438+0000] {dag.py:3947} INFO - Setting next_dagrun for weather_hourly to 2025-12-29 05:15:00+00:00, run_after=2025-12-29 06:15:00+00:00
[2025-12-29T05:17:01.453+0000] {processor.py:183} INFO - Processing /opt/airflow/dags/weather_hourly.py took 0.076 seconds
[2025-12-29T05:17:31.661+0000] {processor.py:161} INFO - Started process (PID=1913) to work on /opt/airflow/dags/weather_hourly.py
[2025-12-29T05:17:31.661+0000] {processor.py:830} INFO - Processing file /opt/airflow/dags/weather_hourly.py for tasks to queue
[2025-12-29T05:17:31.662+0000] {logging_mixin.py:188} INFO - [2025-12-29T05:17:31.662+0000] {dagbag.py:545} INFO - Filling up the DagBag from /opt/airflow/dags/weather_hourly.py
[2025-12-29T05:17:31.676+0000] {processor.py:840} INFO - DAG(s) 'weather_hourly' retrieved from /opt/airflow/dags/weather_hourly.py
[2025-12-29T05:17:31.702+0000] {logging_mixin.py:188} INFO - [2025-12-29T05:17:31.701+0000] {dag.py:3089} INFO - Sync 1 DAGs
[2025-12-29T05:17:31.721+0000] {logging_mixin.py:188} INFO - [2025-12-29T05:17:31.721+0000] {dag.py:3947} INFO - Setting next_dagrun for weather_hourly to 2025-12-29 05:15:00+00:00, run_after=2025-12-29 06:15:00+00:00
[2025-12-29T05:17:31.738+0000] {processor.py:183} INFO - Processing /opt/airflow/dags/weather_hourly.py took 0.082 seconds
[2025-12-29T05:18:01.962+0000] {processor.py:161} INFO - Started process (PID=1923) to work on /opt/airflow/dags/weather_hourly.py
[2025-12-29T05:18:01.964+0000] {processor.py:830} INFO - Processing file /opt/airflow/dags/weather_hourly.py for tasks to queue
[2025-12-29T05:18:01.966+0000] {logging_mixin.py:188} INFO - [2025-12-29T05:18:01.965+0000] {dagbag.py:545} INFO - Filling up the DagBag from /opt/airflow/dags/weather_hourly.py
[2025-12-29T05:18:01.986+0000] {processor.py:840} INFO - DAG(s) 'weather_hourly' retrieved from /opt/airflow/dags/weather_hourly.py
[2025-12-29T05:18:02.026+0000] {logging_mixin.py:188} INFO - [2025-12-29T05:18:02.025+0000] {dag.py:3089} INFO - Sync 1 DAGs
[2025-12-29T05:18:02.053+0000] {logging_mixin.py:188} INFO - [2025-12-29T05:18:02.053+0000] {dag.py:3947} INFO - Setting next_dagrun for weather_hourly to 2025-12-29 05:15:00+00:00, run_after=2025-12-29 06:15:00+00:00
[2025-12-29T05:18:02.076+0000] {processor.py:183} INFO - Processing /opt/airflow/dags/weather_hourly.py took 0.122 seconds
[2025-12-29T05:18:32.171+0000] {processor.py:161} INFO - Started process (PID=1933) to work on /opt/airflow/dags/weather_hourly.py
[2025-12-29T05:18:32.171+0000] {processor.py:830} INFO - Processing file /opt/airflow/dags/weather_hourly.py for tasks to queue
[2025-12-29T05:18:32.173+0000] {logging_mixin.py:188} INFO - [2025-12-29T05:18:32.172+0000] {dagbag.py:545} INFO - Filling up the DagBag from /opt/airflow/dags/weather_hourly.py
[2025-12-29T05:18:32.187+0000] {processor.py:840} INFO - DAG(s) 'weather_hourly' retrieved from /opt/airflow/dags/weather_hourly.py
[2025-12-29T05:18:32.213+0000] {logging_mixin.py:188} INFO - [2025-12-29T05:18:32.213+0000] {dag.py:3089} INFO - Sync 1 DAGs
[2025-12-29T05:18:32.234+0000] {logging_mixin.py:188} INFO - [2025-12-29T05:18:32.233+0000] {dag.py:3947} INFO - Setting next_dagrun for weather_hourly to 2025-12-29 05:15:00+00:00, run_after=2025-12-29 06:15:00+00:00
[2025-12-29T05:18:32.250+0000] {processor.py:183} INFO - Processing /opt/airflow/dags/weather_hourly.py took 0.084 seconds
