[2026-01-04T16:46:23.923+0000] {processor.py:161} INFO - Started process (PID=1028) to work on /opt/airflow/dags/weather_hourly.py
[2026-01-04T16:46:23.928+0000] {processor.py:830} INFO - Processing file /opt/airflow/dags/weather_hourly.py for tasks to queue
[2026-01-04T16:46:23.936+0000] {logging_mixin.py:188} INFO - [2026-01-04T16:46:23.935+0000] {dagbag.py:545} INFO - Filling up the DagBag from /opt/airflow/dags/weather_hourly.py
[2026-01-04T16:46:24.083+0000] {processor.py:840} INFO - DAG(s) 'weather_hourly' retrieved from /opt/airflow/dags/weather_hourly.py
[2026-01-04T16:46:24.205+0000] {logging_mixin.py:188} INFO - [2026-01-04T16:46:24.205+0000] {dag.py:3089} INFO - Sync 1 DAGs
[2026-01-04T16:46:24.839+0000] {processor.py:183} INFO - Processing /opt/airflow/dags/weather_hourly.py took 0.938 seconds
[2026-01-04T16:46:55.573+0000] {processor.py:161} INFO - Started process (PID=1047) to work on /opt/airflow/dags/weather_hourly.py
[2026-01-04T16:46:55.591+0000] {processor.py:830} INFO - Processing file /opt/airflow/dags/weather_hourly.py for tasks to queue
[2026-01-04T16:46:57.079+0000] {logging_mixin.py:188} INFO - [2026-01-04T16:46:57.064+0000] {dagbag.py:545} INFO - Filling up the DagBag from /opt/airflow/dags/weather_hourly.py
[2026-01-04T16:46:59.184+0000] {processor.py:840} INFO - DAG(s) 'weather_hourly' retrieved from /opt/airflow/dags/weather_hourly.py
[2026-01-04T16:47:02.225+0000] {logging_mixin.py:188} INFO - [2026-01-04T16:47:02.224+0000] {dag.py:3089} INFO - Sync 1 DAGs
[2026-01-04T16:47:02.577+0000] {processor.py:183} INFO - Processing /opt/airflow/dags/weather_hourly.py took 7.212 seconds
[2026-01-04T16:47:32.722+0000] {processor.py:161} INFO - Started process (PID=1059) to work on /opt/airflow/dags/weather_hourly.py
[2026-01-04T16:47:32.724+0000] {processor.py:830} INFO - Processing file /opt/airflow/dags/weather_hourly.py for tasks to queue
[2026-01-04T16:47:32.728+0000] {logging_mixin.py:188} INFO - [2026-01-04T16:47:32.727+0000] {dagbag.py:545} INFO - Filling up the DagBag from /opt/airflow/dags/weather_hourly.py
[2026-01-04T16:47:32.756+0000] {processor.py:840} INFO - DAG(s) 'weather_hourly' retrieved from /opt/airflow/dags/weather_hourly.py
[2026-01-04T16:47:32.814+0000] {logging_mixin.py:188} INFO - [2026-01-04T16:47:32.814+0000] {dag.py:3089} INFO - Sync 1 DAGs
[2026-01-04T16:47:32.912+0000] {processor.py:183} INFO - Processing /opt/airflow/dags/weather_hourly.py took 0.201 seconds
[2026-01-04T16:48:03.215+0000] {processor.py:161} INFO - Started process (PID=1085) to work on /opt/airflow/dags/weather_hourly.py
[2026-01-04T16:48:03.216+0000] {processor.py:830} INFO - Processing file /opt/airflow/dags/weather_hourly.py for tasks to queue
[2026-01-04T16:48:03.220+0000] {logging_mixin.py:188} INFO - [2026-01-04T16:48:03.218+0000] {dagbag.py:545} INFO - Filling up the DagBag from /opt/airflow/dags/weather_hourly.py
[2026-01-04T16:48:03.246+0000] {processor.py:840} INFO - DAG(s) 'weather_hourly' retrieved from /opt/airflow/dags/weather_hourly.py
[2026-01-04T16:48:03.288+0000] {logging_mixin.py:188} INFO - [2026-01-04T16:48:03.288+0000] {dag.py:3089} INFO - Sync 1 DAGs
[2026-01-04T16:48:03.323+0000] {logging_mixin.py:188} INFO - [2026-01-04T16:48:03.323+0000] {dag.py:3947} INFO - Setting next_dagrun for weather_hourly to 2026-01-04 16:15:00+00:00, run_after=2026-01-04 17:15:00+00:00
[2026-01-04T16:48:03.349+0000] {processor.py:183} INFO - Processing /opt/airflow/dags/weather_hourly.py took 0.145 seconds
[2026-01-04T16:48:33.570+0000] {processor.py:161} INFO - Started process (PID=1099) to work on /opt/airflow/dags/weather_hourly.py
[2026-01-04T16:48:33.572+0000] {processor.py:830} INFO - Processing file /opt/airflow/dags/weather_hourly.py for tasks to queue
[2026-01-04T16:48:33.574+0000] {logging_mixin.py:188} INFO - [2026-01-04T16:48:33.574+0000] {dagbag.py:545} INFO - Filling up the DagBag from /opt/airflow/dags/weather_hourly.py
[2026-01-04T16:48:33.595+0000] {processor.py:840} INFO - DAG(s) 'weather_hourly' retrieved from /opt/airflow/dags/weather_hourly.py
[2026-01-04T16:48:33.639+0000] {logging_mixin.py:188} INFO - [2026-01-04T16:48:33.638+0000] {dag.py:3089} INFO - Sync 1 DAGs
[2026-01-04T16:48:33.673+0000] {logging_mixin.py:188} INFO - [2026-01-04T16:48:33.673+0000] {dag.py:3947} INFO - Setting next_dagrun for weather_hourly to 2026-01-04 16:15:00+00:00, run_after=2026-01-04 17:15:00+00:00
[2026-01-04T16:48:33.706+0000] {processor.py:183} INFO - Processing /opt/airflow/dags/weather_hourly.py took 0.143 seconds
[2026-01-04T16:49:03.926+0000] {processor.py:161} INFO - Started process (PID=1109) to work on /opt/airflow/dags/weather_hourly.py
[2026-01-04T16:49:03.927+0000] {processor.py:830} INFO - Processing file /opt/airflow/dags/weather_hourly.py for tasks to queue
[2026-01-04T16:49:03.930+0000] {logging_mixin.py:188} INFO - [2026-01-04T16:49:03.929+0000] {dagbag.py:545} INFO - Filling up the DagBag from /opt/airflow/dags/weather_hourly.py
[2026-01-04T16:49:03.949+0000] {processor.py:840} INFO - DAG(s) 'weather_hourly' retrieved from /opt/airflow/dags/weather_hourly.py
[2026-01-04T16:49:03.986+0000] {logging_mixin.py:188} INFO - [2026-01-04T16:49:03.986+0000] {dag.py:3089} INFO - Sync 1 DAGs
[2026-01-04T16:49:04.011+0000] {logging_mixin.py:188} INFO - [2026-01-04T16:49:04.011+0000] {dag.py:3947} INFO - Setting next_dagrun for weather_hourly to 2026-01-04 16:15:00+00:00, run_after=2026-01-04 17:15:00+00:00
[2026-01-04T16:49:04.031+0000] {processor.py:183} INFO - Processing /opt/airflow/dags/weather_hourly.py took 0.112 seconds
[2026-01-04T16:49:34.249+0000] {processor.py:161} INFO - Started process (PID=1119) to work on /opt/airflow/dags/weather_hourly.py
[2026-01-04T16:49:34.249+0000] {processor.py:830} INFO - Processing file /opt/airflow/dags/weather_hourly.py for tasks to queue
[2026-01-04T16:49:34.251+0000] {logging_mixin.py:188} INFO - [2026-01-04T16:49:34.250+0000] {dagbag.py:545} INFO - Filling up the DagBag from /opt/airflow/dags/weather_hourly.py
[2026-01-04T16:49:34.268+0000] {processor.py:840} INFO - DAG(s) 'weather_hourly' retrieved from /opt/airflow/dags/weather_hourly.py
[2026-01-04T16:49:34.301+0000] {logging_mixin.py:188} INFO - [2026-01-04T16:49:34.300+0000] {dag.py:3089} INFO - Sync 1 DAGs
[2026-01-04T16:49:34.325+0000] {logging_mixin.py:188} INFO - [2026-01-04T16:49:34.324+0000] {dag.py:3947} INFO - Setting next_dagrun for weather_hourly to 2026-01-04 16:15:00+00:00, run_after=2026-01-04 17:15:00+00:00
[2026-01-04T16:49:34.352+0000] {processor.py:183} INFO - Processing /opt/airflow/dags/weather_hourly.py took 0.109 seconds
[2026-01-04T16:50:05.084+0000] {processor.py:161} INFO - Started process (PID=1129) to work on /opt/airflow/dags/weather_hourly.py
[2026-01-04T16:50:05.086+0000] {processor.py:830} INFO - Processing file /opt/airflow/dags/weather_hourly.py for tasks to queue
[2026-01-04T16:50:05.088+0000] {logging_mixin.py:188} INFO - [2026-01-04T16:50:05.087+0000] {dagbag.py:545} INFO - Filling up the DagBag from /opt/airflow/dags/weather_hourly.py
[2026-01-04T16:50:05.110+0000] {processor.py:840} INFO - DAG(s) 'weather_hourly' retrieved from /opt/airflow/dags/weather_hourly.py
[2026-01-04T16:50:05.148+0000] {logging_mixin.py:188} INFO - [2026-01-04T16:50:05.148+0000] {dag.py:3089} INFO - Sync 1 DAGs
[2026-01-04T16:50:05.173+0000] {logging_mixin.py:188} INFO - [2026-01-04T16:50:05.173+0000] {dag.py:3947} INFO - Setting next_dagrun for weather_hourly to 2026-01-04 16:15:00+00:00, run_after=2026-01-04 17:15:00+00:00
[2026-01-04T16:50:05.194+0000] {processor.py:183} INFO - Processing /opt/airflow/dags/weather_hourly.py took 0.118 seconds
[2026-01-04T16:50:35.412+0000] {processor.py:161} INFO - Started process (PID=1139) to work on /opt/airflow/dags/weather_hourly.py
[2026-01-04T16:50:35.413+0000] {processor.py:830} INFO - Processing file /opt/airflow/dags/weather_hourly.py for tasks to queue
[2026-01-04T16:50:35.414+0000] {logging_mixin.py:188} INFO - [2026-01-04T16:50:35.414+0000] {dagbag.py:545} INFO - Filling up the DagBag from /opt/airflow/dags/weather_hourly.py
[2026-01-04T16:50:35.429+0000] {processor.py:840} INFO - DAG(s) 'weather_hourly' retrieved from /opt/airflow/dags/weather_hourly.py
[2026-01-04T16:50:35.456+0000] {logging_mixin.py:188} INFO - [2026-01-04T16:50:35.456+0000] {dag.py:3089} INFO - Sync 1 DAGs
[2026-01-04T16:50:35.478+0000] {logging_mixin.py:188} INFO - [2026-01-04T16:50:35.478+0000] {dag.py:3947} INFO - Setting next_dagrun for weather_hourly to 2026-01-04 16:15:00+00:00, run_after=2026-01-04 17:15:00+00:00
[2026-01-04T16:50:35.496+0000] {processor.py:183} INFO - Processing /opt/airflow/dags/weather_hourly.py took 0.089 seconds
[2026-01-04T16:51:05.721+0000] {processor.py:161} INFO - Started process (PID=1149) to work on /opt/airflow/dags/weather_hourly.py
[2026-01-04T16:51:05.722+0000] {processor.py:830} INFO - Processing file /opt/airflow/dags/weather_hourly.py for tasks to queue
[2026-01-04T16:51:05.724+0000] {logging_mixin.py:188} INFO - [2026-01-04T16:51:05.724+0000] {dagbag.py:545} INFO - Filling up the DagBag from /opt/airflow/dags/weather_hourly.py
[2026-01-04T16:51:05.738+0000] {processor.py:840} INFO - DAG(s) 'weather_hourly' retrieved from /opt/airflow/dags/weather_hourly.py
[2026-01-04T16:51:05.765+0000] {logging_mixin.py:188} INFO - [2026-01-04T16:51:05.765+0000] {dag.py:3089} INFO - Sync 1 DAGs
[2026-01-04T16:51:05.787+0000] {logging_mixin.py:188} INFO - [2026-01-04T16:51:05.787+0000] {dag.py:3947} INFO - Setting next_dagrun for weather_hourly to 2026-01-04 16:15:00+00:00, run_after=2026-01-04 17:15:00+00:00
[2026-01-04T16:51:05.805+0000] {processor.py:183} INFO - Processing /opt/airflow/dags/weather_hourly.py took 0.088 seconds
[2026-01-04T16:51:36.044+0000] {processor.py:161} INFO - Started process (PID=1159) to work on /opt/airflow/dags/weather_hourly.py
[2026-01-04T16:51:36.045+0000] {processor.py:830} INFO - Processing file /opt/airflow/dags/weather_hourly.py for tasks to queue
[2026-01-04T16:51:36.046+0000] {logging_mixin.py:188} INFO - [2026-01-04T16:51:36.046+0000] {dagbag.py:545} INFO - Filling up the DagBag from /opt/airflow/dags/weather_hourly.py
[2026-01-04T16:51:36.061+0000] {processor.py:840} INFO - DAG(s) 'weather_hourly' retrieved from /opt/airflow/dags/weather_hourly.py
[2026-01-04T16:51:36.087+0000] {logging_mixin.py:188} INFO - [2026-01-04T16:51:36.087+0000] {dag.py:3089} INFO - Sync 1 DAGs
[2026-01-04T16:51:36.108+0000] {logging_mixin.py:188} INFO - [2026-01-04T16:51:36.108+0000] {dag.py:3947} INFO - Setting next_dagrun for weather_hourly to 2026-01-04 16:15:00+00:00, run_after=2026-01-04 17:15:00+00:00
[2026-01-04T16:51:36.126+0000] {processor.py:183} INFO - Processing /opt/airflow/dags/weather_hourly.py took 0.087 seconds
[2026-01-04T16:52:06.347+0000] {processor.py:161} INFO - Started process (PID=1169) to work on /opt/airflow/dags/weather_hourly.py
[2026-01-04T16:52:06.347+0000] {processor.py:830} INFO - Processing file /opt/airflow/dags/weather_hourly.py for tasks to queue
[2026-01-04T16:52:06.349+0000] {logging_mixin.py:188} INFO - [2026-01-04T16:52:06.349+0000] {dagbag.py:545} INFO - Filling up the DagBag from /opt/airflow/dags/weather_hourly.py
[2026-01-04T16:52:06.363+0000] {processor.py:840} INFO - DAG(s) 'weather_hourly' retrieved from /opt/airflow/dags/weather_hourly.py
[2026-01-04T16:52:06.388+0000] {logging_mixin.py:188} INFO - [2026-01-04T16:52:06.388+0000] {dag.py:3089} INFO - Sync 1 DAGs
[2026-01-04T16:52:06.409+0000] {logging_mixin.py:188} INFO - [2026-01-04T16:52:06.408+0000] {dag.py:3947} INFO - Setting next_dagrun for weather_hourly to 2026-01-04 16:15:00+00:00, run_after=2026-01-04 17:15:00+00:00
[2026-01-04T16:52:06.428+0000] {processor.py:183} INFO - Processing /opt/airflow/dags/weather_hourly.py took 0.085 seconds
[2026-01-04T16:52:36.655+0000] {processor.py:161} INFO - Started process (PID=1179) to work on /opt/airflow/dags/weather_hourly.py
[2026-01-04T16:52:36.656+0000] {processor.py:830} INFO - Processing file /opt/airflow/dags/weather_hourly.py for tasks to queue
[2026-01-04T16:52:36.658+0000] {logging_mixin.py:188} INFO - [2026-01-04T16:52:36.657+0000] {dagbag.py:545} INFO - Filling up the DagBag from /opt/airflow/dags/weather_hourly.py
[2026-01-04T16:52:36.673+0000] {processor.py:840} INFO - DAG(s) 'weather_hourly' retrieved from /opt/airflow/dags/weather_hourly.py
[2026-01-04T16:52:36.703+0000] {logging_mixin.py:188} INFO - [2026-01-04T16:52:36.702+0000] {dag.py:3089} INFO - Sync 1 DAGs
[2026-01-04T16:52:36.725+0000] {logging_mixin.py:188} INFO - [2026-01-04T16:52:36.724+0000] {dag.py:3947} INFO - Setting next_dagrun for weather_hourly to 2026-01-04 16:15:00+00:00, run_after=2026-01-04 17:15:00+00:00
[2026-01-04T16:52:36.745+0000] {processor.py:183} INFO - Processing /opt/airflow/dags/weather_hourly.py took 0.095 seconds
[2026-01-04T16:53:06.968+0000] {processor.py:161} INFO - Started process (PID=1189) to work on /opt/airflow/dags/weather_hourly.py
[2026-01-04T16:53:06.969+0000] {processor.py:830} INFO - Processing file /opt/airflow/dags/weather_hourly.py for tasks to queue
[2026-01-04T16:53:06.970+0000] {logging_mixin.py:188} INFO - [2026-01-04T16:53:06.970+0000] {dagbag.py:545} INFO - Filling up the DagBag from /opt/airflow/dags/weather_hourly.py
[2026-01-04T16:53:06.984+0000] {processor.py:840} INFO - DAG(s) 'weather_hourly' retrieved from /opt/airflow/dags/weather_hourly.py
[2026-01-04T16:53:07.009+0000] {logging_mixin.py:188} INFO - [2026-01-04T16:53:07.009+0000] {dag.py:3089} INFO - Sync 1 DAGs
[2026-01-04T16:53:07.029+0000] {logging_mixin.py:188} INFO - [2026-01-04T16:53:07.029+0000] {dag.py:3947} INFO - Setting next_dagrun for weather_hourly to 2026-01-04 16:15:00+00:00, run_after=2026-01-04 17:15:00+00:00
[2026-01-04T16:53:07.046+0000] {processor.py:183} INFO - Processing /opt/airflow/dags/weather_hourly.py took 0.083 seconds
[2026-01-04T16:53:37.268+0000] {processor.py:161} INFO - Started process (PID=1199) to work on /opt/airflow/dags/weather_hourly.py
[2026-01-04T16:53:37.269+0000] {processor.py:830} INFO - Processing file /opt/airflow/dags/weather_hourly.py for tasks to queue
[2026-01-04T16:53:37.270+0000] {logging_mixin.py:188} INFO - [2026-01-04T16:53:37.270+0000] {dagbag.py:545} INFO - Filling up the DagBag from /opt/airflow/dags/weather_hourly.py
[2026-01-04T16:53:37.283+0000] {processor.py:840} INFO - DAG(s) 'weather_hourly' retrieved from /opt/airflow/dags/weather_hourly.py
[2026-01-04T16:53:37.309+0000] {logging_mixin.py:188} INFO - [2026-01-04T16:53:37.308+0000] {dag.py:3089} INFO - Sync 1 DAGs
[2026-01-04T16:53:37.331+0000] {logging_mixin.py:188} INFO - [2026-01-04T16:53:37.331+0000] {dag.py:3947} INFO - Setting next_dagrun for weather_hourly to 2026-01-04 16:15:00+00:00, run_after=2026-01-04 17:15:00+00:00
[2026-01-04T16:53:37.350+0000] {processor.py:183} INFO - Processing /opt/airflow/dags/weather_hourly.py took 0.086 seconds
[2026-01-04T16:54:07.568+0000] {processor.py:161} INFO - Started process (PID=1209) to work on /opt/airflow/dags/weather_hourly.py
[2026-01-04T16:54:07.569+0000] {processor.py:830} INFO - Processing file /opt/airflow/dags/weather_hourly.py for tasks to queue
[2026-01-04T16:54:07.571+0000] {logging_mixin.py:188} INFO - [2026-01-04T16:54:07.570+0000] {dagbag.py:545} INFO - Filling up the DagBag from /opt/airflow/dags/weather_hourly.py
[2026-01-04T16:54:07.584+0000] {processor.py:840} INFO - DAG(s) 'weather_hourly' retrieved from /opt/airflow/dags/weather_hourly.py
[2026-01-04T16:54:07.609+0000] {logging_mixin.py:188} INFO - [2026-01-04T16:54:07.608+0000] {dag.py:3089} INFO - Sync 1 DAGs
[2026-01-04T16:54:07.627+0000] {logging_mixin.py:188} INFO - [2026-01-04T16:54:07.627+0000] {dag.py:3947} INFO - Setting next_dagrun for weather_hourly to 2026-01-04 16:15:00+00:00, run_after=2026-01-04 17:15:00+00:00
[2026-01-04T16:54:07.644+0000] {processor.py:183} INFO - Processing /opt/airflow/dags/weather_hourly.py took 0.080 seconds
[2026-01-04T16:54:37.858+0000] {processor.py:161} INFO - Started process (PID=1219) to work on /opt/airflow/dags/weather_hourly.py
[2026-01-04T16:54:37.859+0000] {processor.py:830} INFO - Processing file /opt/airflow/dags/weather_hourly.py for tasks to queue
[2026-01-04T16:54:37.861+0000] {logging_mixin.py:188} INFO - [2026-01-04T16:54:37.861+0000] {dagbag.py:545} INFO - Filling up the DagBag from /opt/airflow/dags/weather_hourly.py
[2026-01-04T16:54:37.876+0000] {processor.py:840} INFO - DAG(s) 'weather_hourly' retrieved from /opt/airflow/dags/weather_hourly.py
[2026-01-04T16:54:37.903+0000] {logging_mixin.py:188} INFO - [2026-01-04T16:54:37.903+0000] {dag.py:3089} INFO - Sync 1 DAGs
[2026-01-04T16:54:37.924+0000] {logging_mixin.py:188} INFO - [2026-01-04T16:54:37.924+0000] {dag.py:3947} INFO - Setting next_dagrun for weather_hourly to 2026-01-04 16:15:00+00:00, run_after=2026-01-04 17:15:00+00:00
[2026-01-04T16:54:37.941+0000] {processor.py:183} INFO - Processing /opt/airflow/dags/weather_hourly.py took 0.088 seconds
[2026-01-04T16:55:08.149+0000] {processor.py:161} INFO - Started process (PID=1229) to work on /opt/airflow/dags/weather_hourly.py
[2026-01-04T16:55:08.150+0000] {processor.py:830} INFO - Processing file /opt/airflow/dags/weather_hourly.py for tasks to queue
[2026-01-04T16:55:08.151+0000] {logging_mixin.py:188} INFO - [2026-01-04T16:55:08.151+0000] {dagbag.py:545} INFO - Filling up the DagBag from /opt/airflow/dags/weather_hourly.py
[2026-01-04T16:55:08.166+0000] {processor.py:840} INFO - DAG(s) 'weather_hourly' retrieved from /opt/airflow/dags/weather_hourly.py
[2026-01-04T16:55:08.194+0000] {logging_mixin.py:188} INFO - [2026-01-04T16:55:08.193+0000] {dag.py:3089} INFO - Sync 1 DAGs
[2026-01-04T16:55:08.214+0000] {logging_mixin.py:188} INFO - [2026-01-04T16:55:08.214+0000] {dag.py:3947} INFO - Setting next_dagrun for weather_hourly to 2026-01-04 16:15:00+00:00, run_after=2026-01-04 17:15:00+00:00
[2026-01-04T16:55:08.233+0000] {processor.py:183} INFO - Processing /opt/airflow/dags/weather_hourly.py took 0.089 seconds
[2026-01-04T16:55:38.456+0000] {processor.py:161} INFO - Started process (PID=1239) to work on /opt/airflow/dags/weather_hourly.py
[2026-01-04T16:55:38.457+0000] {processor.py:830} INFO - Processing file /opt/airflow/dags/weather_hourly.py for tasks to queue
[2026-01-04T16:55:38.459+0000] {logging_mixin.py:188} INFO - [2026-01-04T16:55:38.459+0000] {dagbag.py:545} INFO - Filling up the DagBag from /opt/airflow/dags/weather_hourly.py
[2026-01-04T16:55:38.474+0000] {processor.py:840} INFO - DAG(s) 'weather_hourly' retrieved from /opt/airflow/dags/weather_hourly.py
[2026-01-04T16:55:38.501+0000] {logging_mixin.py:188} INFO - [2026-01-04T16:55:38.500+0000] {dag.py:3089} INFO - Sync 1 DAGs
[2026-01-04T16:55:38.521+0000] {logging_mixin.py:188} INFO - [2026-01-04T16:55:38.521+0000] {dag.py:3947} INFO - Setting next_dagrun for weather_hourly to 2026-01-04 16:15:00+00:00, run_after=2026-01-04 17:15:00+00:00
[2026-01-04T16:55:38.539+0000] {processor.py:183} INFO - Processing /opt/airflow/dags/weather_hourly.py took 0.088 seconds
[2026-01-04T16:56:08.660+0000] {processor.py:161} INFO - Started process (PID=1249) to work on /opt/airflow/dags/weather_hourly.py
[2026-01-04T16:56:08.661+0000] {processor.py:830} INFO - Processing file /opt/airflow/dags/weather_hourly.py for tasks to queue
[2026-01-04T16:56:08.662+0000] {logging_mixin.py:188} INFO - [2026-01-04T16:56:08.662+0000] {dagbag.py:545} INFO - Filling up the DagBag from /opt/airflow/dags/weather_hourly.py
[2026-01-04T16:56:08.676+0000] {processor.py:840} INFO - DAG(s) 'weather_hourly' retrieved from /opt/airflow/dags/weather_hourly.py
[2026-01-04T16:56:08.702+0000] {logging_mixin.py:188} INFO - [2026-01-04T16:56:08.702+0000] {dag.py:3089} INFO - Sync 1 DAGs
[2026-01-04T16:56:08.722+0000] {logging_mixin.py:188} INFO - [2026-01-04T16:56:08.722+0000] {dag.py:3947} INFO - Setting next_dagrun for weather_hourly to 2026-01-04 16:15:00+00:00, run_after=2026-01-04 17:15:00+00:00
[2026-01-04T16:56:08.739+0000] {processor.py:183} INFO - Processing /opt/airflow/dags/weather_hourly.py took 0.083 seconds
[2026-01-04T16:56:38.988+0000] {processor.py:161} INFO - Started process (PID=1259) to work on /opt/airflow/dags/weather_hourly.py
[2026-01-04T16:56:38.990+0000] {processor.py:830} INFO - Processing file /opt/airflow/dags/weather_hourly.py for tasks to queue
[2026-01-04T16:56:38.991+0000] {logging_mixin.py:188} INFO - [2026-01-04T16:56:38.991+0000] {dagbag.py:545} INFO - Filling up the DagBag from /opt/airflow/dags/weather_hourly.py
[2026-01-04T16:56:39.006+0000] {processor.py:840} INFO - DAG(s) 'weather_hourly' retrieved from /opt/airflow/dags/weather_hourly.py
[2026-01-04T16:56:39.032+0000] {logging_mixin.py:188} INFO - [2026-01-04T16:56:39.031+0000] {dag.py:3089} INFO - Sync 1 DAGs
[2026-01-04T16:56:39.051+0000] {logging_mixin.py:188} INFO - [2026-01-04T16:56:39.051+0000] {dag.py:3947} INFO - Setting next_dagrun for weather_hourly to 2026-01-04 16:15:00+00:00, run_after=2026-01-04 17:15:00+00:00
[2026-01-04T16:56:39.069+0000] {processor.py:183} INFO - Processing /opt/airflow/dags/weather_hourly.py took 0.085 seconds
[2026-01-04T16:57:09.283+0000] {processor.py:161} INFO - Started process (PID=1269) to work on /opt/airflow/dags/weather_hourly.py
[2026-01-04T16:57:09.284+0000] {processor.py:830} INFO - Processing file /opt/airflow/dags/weather_hourly.py for tasks to queue
[2026-01-04T16:57:09.285+0000] {logging_mixin.py:188} INFO - [2026-01-04T16:57:09.285+0000] {dagbag.py:545} INFO - Filling up the DagBag from /opt/airflow/dags/weather_hourly.py
[2026-01-04T16:57:09.298+0000] {processor.py:840} INFO - DAG(s) 'weather_hourly' retrieved from /opt/airflow/dags/weather_hourly.py
[2026-01-04T16:57:09.323+0000] {logging_mixin.py:188} INFO - [2026-01-04T16:57:09.322+0000] {dag.py:3089} INFO - Sync 1 DAGs
[2026-01-04T16:57:09.343+0000] {logging_mixin.py:188} INFO - [2026-01-04T16:57:09.343+0000] {dag.py:3947} INFO - Setting next_dagrun for weather_hourly to 2026-01-04 16:15:00+00:00, run_after=2026-01-04 17:15:00+00:00
[2026-01-04T16:57:09.360+0000] {processor.py:183} INFO - Processing /opt/airflow/dags/weather_hourly.py took 0.082 seconds
[2026-01-04T16:57:39.586+0000] {processor.py:161} INFO - Started process (PID=1279) to work on /opt/airflow/dags/weather_hourly.py
[2026-01-04T16:57:39.587+0000] {processor.py:830} INFO - Processing file /opt/airflow/dags/weather_hourly.py for tasks to queue
[2026-01-04T16:57:39.588+0000] {logging_mixin.py:188} INFO - [2026-01-04T16:57:39.588+0000] {dagbag.py:545} INFO - Filling up the DagBag from /opt/airflow/dags/weather_hourly.py
[2026-01-04T16:57:39.603+0000] {processor.py:840} INFO - DAG(s) 'weather_hourly' retrieved from /opt/airflow/dags/weather_hourly.py
[2026-01-04T16:57:39.629+0000] {logging_mixin.py:188} INFO - [2026-01-04T16:57:39.629+0000] {dag.py:3089} INFO - Sync 1 DAGs
[2026-01-04T16:57:39.651+0000] {logging_mixin.py:188} INFO - [2026-01-04T16:57:39.650+0000] {dag.py:3947} INFO - Setting next_dagrun for weather_hourly to 2026-01-04 16:15:00+00:00, run_after=2026-01-04 17:15:00+00:00
[2026-01-04T16:57:39.671+0000] {processor.py:183} INFO - Processing /opt/airflow/dags/weather_hourly.py took 0.089 seconds
[2026-01-04T16:58:10.244+0000] {processor.py:161} INFO - Started process (PID=1289) to work on /opt/airflow/dags/weather_hourly.py
[2026-01-04T16:58:10.245+0000] {processor.py:830} INFO - Processing file /opt/airflow/dags/weather_hourly.py for tasks to queue
[2026-01-04T16:58:10.247+0000] {logging_mixin.py:188} INFO - [2026-01-04T16:58:10.247+0000] {dagbag.py:545} INFO - Filling up the DagBag from /opt/airflow/dags/weather_hourly.py
[2026-01-04T16:58:10.267+0000] {processor.py:840} INFO - DAG(s) 'weather_hourly' retrieved from /opt/airflow/dags/weather_hourly.py
[2026-01-04T16:58:10.303+0000] {logging_mixin.py:188} INFO - [2026-01-04T16:58:10.302+0000] {dag.py:3089} INFO - Sync 1 DAGs
[2026-01-04T16:58:10.332+0000] {logging_mixin.py:188} INFO - [2026-01-04T16:58:10.332+0000] {dag.py:3947} INFO - Setting next_dagrun for weather_hourly to 2026-01-04 16:15:00+00:00, run_after=2026-01-04 17:15:00+00:00
[2026-01-04T16:58:10.355+0000] {processor.py:183} INFO - Processing /opt/airflow/dags/weather_hourly.py took 0.118 seconds
[2026-01-04T16:58:40.553+0000] {processor.py:161} INFO - Started process (PID=1299) to work on /opt/airflow/dags/weather_hourly.py
[2026-01-04T16:58:40.554+0000] {processor.py:830} INFO - Processing file /opt/airflow/dags/weather_hourly.py for tasks to queue
[2026-01-04T16:58:40.556+0000] {logging_mixin.py:188} INFO - [2026-01-04T16:58:40.555+0000] {dagbag.py:545} INFO - Filling up the DagBag from /opt/airflow/dags/weather_hourly.py
[2026-01-04T16:58:40.571+0000] {processor.py:840} INFO - DAG(s) 'weather_hourly' retrieved from /opt/airflow/dags/weather_hourly.py
[2026-01-04T16:58:40.598+0000] {logging_mixin.py:188} INFO - [2026-01-04T16:58:40.598+0000] {dag.py:3089} INFO - Sync 1 DAGs
[2026-01-04T16:58:40.621+0000] {logging_mixin.py:188} INFO - [2026-01-04T16:58:40.621+0000] {dag.py:3947} INFO - Setting next_dagrun for weather_hourly to 2026-01-04 16:15:00+00:00, run_after=2026-01-04 17:15:00+00:00
[2026-01-04T16:58:40.640+0000] {processor.py:183} INFO - Processing /opt/airflow/dags/weather_hourly.py took 0.091 seconds
[2026-01-04T16:59:10.843+0000] {processor.py:161} INFO - Started process (PID=1309) to work on /opt/airflow/dags/weather_hourly.py
[2026-01-04T16:59:10.844+0000] {processor.py:830} INFO - Processing file /opt/airflow/dags/weather_hourly.py for tasks to queue
[2026-01-04T16:59:10.845+0000] {logging_mixin.py:188} INFO - [2026-01-04T16:59:10.845+0000] {dagbag.py:545} INFO - Filling up the DagBag from /opt/airflow/dags/weather_hourly.py
[2026-01-04T16:59:10.860+0000] {processor.py:840} INFO - DAG(s) 'weather_hourly' retrieved from /opt/airflow/dags/weather_hourly.py
[2026-01-04T16:59:10.889+0000] {logging_mixin.py:188} INFO - [2026-01-04T16:59:10.889+0000] {dag.py:3089} INFO - Sync 1 DAGs
[2026-01-04T16:59:10.912+0000] {logging_mixin.py:188} INFO - [2026-01-04T16:59:10.912+0000] {dag.py:3947} INFO - Setting next_dagrun for weather_hourly to 2026-01-04 16:15:00+00:00, run_after=2026-01-04 17:15:00+00:00
[2026-01-04T16:59:10.930+0000] {processor.py:183} INFO - Processing /opt/airflow/dags/weather_hourly.py took 0.092 seconds
[2026-01-04T16:59:41.133+0000] {processor.py:161} INFO - Started process (PID=1319) to work on /opt/airflow/dags/weather_hourly.py
[2026-01-04T16:59:41.134+0000] {processor.py:830} INFO - Processing file /opt/airflow/dags/weather_hourly.py for tasks to queue
[2026-01-04T16:59:41.135+0000] {logging_mixin.py:188} INFO - [2026-01-04T16:59:41.135+0000] {dagbag.py:545} INFO - Filling up the DagBag from /opt/airflow/dags/weather_hourly.py
[2026-01-04T16:59:41.150+0000] {processor.py:840} INFO - DAG(s) 'weather_hourly' retrieved from /opt/airflow/dags/weather_hourly.py
[2026-01-04T16:59:41.177+0000] {logging_mixin.py:188} INFO - [2026-01-04T16:59:41.176+0000] {dag.py:3089} INFO - Sync 1 DAGs
[2026-01-04T16:59:41.198+0000] {logging_mixin.py:188} INFO - [2026-01-04T16:59:41.197+0000] {dag.py:3947} INFO - Setting next_dagrun for weather_hourly to 2026-01-04 16:15:00+00:00, run_after=2026-01-04 17:15:00+00:00
[2026-01-04T16:59:41.216+0000] {processor.py:183} INFO - Processing /opt/airflow/dags/weather_hourly.py took 0.088 seconds
[2026-01-04T17:00:11.414+0000] {processor.py:161} INFO - Started process (PID=1329) to work on /opt/airflow/dags/weather_hourly.py
[2026-01-04T17:00:11.415+0000] {processor.py:830} INFO - Processing file /opt/airflow/dags/weather_hourly.py for tasks to queue
[2026-01-04T17:00:11.416+0000] {logging_mixin.py:188} INFO - [2026-01-04T17:00:11.416+0000] {dagbag.py:545} INFO - Filling up the DagBag from /opt/airflow/dags/weather_hourly.py
[2026-01-04T17:00:11.431+0000] {processor.py:840} INFO - DAG(s) 'weather_hourly' retrieved from /opt/airflow/dags/weather_hourly.py
[2026-01-04T17:00:11.456+0000] {logging_mixin.py:188} INFO - [2026-01-04T17:00:11.456+0000] {dag.py:3089} INFO - Sync 1 DAGs
[2026-01-04T17:00:11.477+0000] {logging_mixin.py:188} INFO - [2026-01-04T17:00:11.477+0000] {dag.py:3947} INFO - Setting next_dagrun for weather_hourly to 2026-01-04 16:15:00+00:00, run_after=2026-01-04 17:15:00+00:00
[2026-01-04T17:00:11.495+0000] {processor.py:183} INFO - Processing /opt/airflow/dags/weather_hourly.py took 0.086 seconds
[2026-01-04T17:00:41.695+0000] {processor.py:161} INFO - Started process (PID=1339) to work on /opt/airflow/dags/weather_hourly.py
[2026-01-04T17:00:41.695+0000] {processor.py:830} INFO - Processing file /opt/airflow/dags/weather_hourly.py for tasks to queue
[2026-01-04T17:00:41.697+0000] {logging_mixin.py:188} INFO - [2026-01-04T17:00:41.697+0000] {dagbag.py:545} INFO - Filling up the DagBag from /opt/airflow/dags/weather_hourly.py
[2026-01-04T17:00:41.712+0000] {processor.py:840} INFO - DAG(s) 'weather_hourly' retrieved from /opt/airflow/dags/weather_hourly.py
[2026-01-04T17:00:41.739+0000] {logging_mixin.py:188} INFO - [2026-01-04T17:00:41.738+0000] {dag.py:3089} INFO - Sync 1 DAGs
[2026-01-04T17:00:41.760+0000] {logging_mixin.py:188} INFO - [2026-01-04T17:00:41.760+0000] {dag.py:3947} INFO - Setting next_dagrun for weather_hourly to 2026-01-04 16:15:00+00:00, run_after=2026-01-04 17:15:00+00:00
[2026-01-04T17:00:41.781+0000] {processor.py:183} INFO - Processing /opt/airflow/dags/weather_hourly.py took 0.091 seconds
[2026-01-04T17:01:11.987+0000] {processor.py:161} INFO - Started process (PID=1349) to work on /opt/airflow/dags/weather_hourly.py
[2026-01-04T17:01:11.988+0000] {processor.py:830} INFO - Processing file /opt/airflow/dags/weather_hourly.py for tasks to queue
[2026-01-04T17:01:11.989+0000] {logging_mixin.py:188} INFO - [2026-01-04T17:01:11.989+0000] {dagbag.py:545} INFO - Filling up the DagBag from /opt/airflow/dags/weather_hourly.py
[2026-01-04T17:01:12.004+0000] {processor.py:840} INFO - DAG(s) 'weather_hourly' retrieved from /opt/airflow/dags/weather_hourly.py
[2026-01-04T17:01:12.033+0000] {logging_mixin.py:188} INFO - [2026-01-04T17:01:12.033+0000] {dag.py:3089} INFO - Sync 1 DAGs
[2026-01-04T17:01:12.056+0000] {logging_mixin.py:188} INFO - [2026-01-04T17:01:12.056+0000] {dag.py:3947} INFO - Setting next_dagrun for weather_hourly to 2026-01-04 16:15:00+00:00, run_after=2026-01-04 17:15:00+00:00
[2026-01-04T17:01:12.075+0000] {processor.py:183} INFO - Processing /opt/airflow/dags/weather_hourly.py took 0.093 seconds
[2026-01-04T17:01:42.303+0000] {processor.py:161} INFO - Started process (PID=1359) to work on /opt/airflow/dags/weather_hourly.py
[2026-01-04T17:01:42.304+0000] {processor.py:830} INFO - Processing file /opt/airflow/dags/weather_hourly.py for tasks to queue
[2026-01-04T17:01:42.306+0000] {logging_mixin.py:188} INFO - [2026-01-04T17:01:42.306+0000] {dagbag.py:545} INFO - Filling up the DagBag from /opt/airflow/dags/weather_hourly.py
[2026-01-04T17:01:42.321+0000] {processor.py:840} INFO - DAG(s) 'weather_hourly' retrieved from /opt/airflow/dags/weather_hourly.py
[2026-01-04T17:01:42.350+0000] {logging_mixin.py:188} INFO - [2026-01-04T17:01:42.350+0000] {dag.py:3089} INFO - Sync 1 DAGs
[2026-01-04T17:01:42.375+0000] {logging_mixin.py:188} INFO - [2026-01-04T17:01:42.374+0000] {dag.py:3947} INFO - Setting next_dagrun for weather_hourly to 2026-01-04 16:15:00+00:00, run_after=2026-01-04 17:15:00+00:00
[2026-01-04T17:01:42.401+0000] {processor.py:183} INFO - Processing /opt/airflow/dags/weather_hourly.py took 0.103 seconds
[2026-01-04T17:02:12.598+0000] {processor.py:161} INFO - Started process (PID=1369) to work on /opt/airflow/dags/weather_hourly.py
[2026-01-04T17:02:12.599+0000] {processor.py:830} INFO - Processing file /opt/airflow/dags/weather_hourly.py for tasks to queue
[2026-01-04T17:02:12.600+0000] {logging_mixin.py:188} INFO - [2026-01-04T17:02:12.600+0000] {dagbag.py:545} INFO - Filling up the DagBag from /opt/airflow/dags/weather_hourly.py
[2026-01-04T17:02:12.615+0000] {processor.py:840} INFO - DAG(s) 'weather_hourly' retrieved from /opt/airflow/dags/weather_hourly.py
[2026-01-04T17:02:12.641+0000] {logging_mixin.py:188} INFO - [2026-01-04T17:02:12.641+0000] {dag.py:3089} INFO - Sync 1 DAGs
[2026-01-04T17:02:12.663+0000] {logging_mixin.py:188} INFO - [2026-01-04T17:02:12.663+0000] {dag.py:3947} INFO - Setting next_dagrun for weather_hourly to 2026-01-04 16:15:00+00:00, run_after=2026-01-04 17:15:00+00:00
[2026-01-04T17:02:12.682+0000] {processor.py:183} INFO - Processing /opt/airflow/dags/weather_hourly.py took 0.088 seconds
[2026-01-04T17:02:42.889+0000] {processor.py:161} INFO - Started process (PID=1379) to work on /opt/airflow/dags/weather_hourly.py
[2026-01-04T17:02:42.890+0000] {processor.py:830} INFO - Processing file /opt/airflow/dags/weather_hourly.py for tasks to queue
[2026-01-04T17:02:42.891+0000] {logging_mixin.py:188} INFO - [2026-01-04T17:02:42.891+0000] {dagbag.py:545} INFO - Filling up the DagBag from /opt/airflow/dags/weather_hourly.py
[2026-01-04T17:02:42.906+0000] {processor.py:840} INFO - DAG(s) 'weather_hourly' retrieved from /opt/airflow/dags/weather_hourly.py
[2026-01-04T17:02:42.936+0000] {logging_mixin.py:188} INFO - [2026-01-04T17:02:42.936+0000] {dag.py:3089} INFO - Sync 1 DAGs
[2026-01-04T17:02:42.960+0000] {logging_mixin.py:188} INFO - [2026-01-04T17:02:42.959+0000] {dag.py:3947} INFO - Setting next_dagrun for weather_hourly to 2026-01-04 16:15:00+00:00, run_after=2026-01-04 17:15:00+00:00
[2026-01-04T17:02:42.980+0000] {processor.py:183} INFO - Processing /opt/airflow/dags/weather_hourly.py took 0.097 seconds
[2026-01-04T17:03:13.189+0000] {processor.py:161} INFO - Started process (PID=1389) to work on /opt/airflow/dags/weather_hourly.py
[2026-01-04T17:03:13.190+0000] {processor.py:830} INFO - Processing file /opt/airflow/dags/weather_hourly.py for tasks to queue
[2026-01-04T17:03:13.192+0000] {logging_mixin.py:188} INFO - [2026-01-04T17:03:13.191+0000] {dagbag.py:545} INFO - Filling up the DagBag from /opt/airflow/dags/weather_hourly.py
[2026-01-04T17:03:13.209+0000] {processor.py:840} INFO - DAG(s) 'weather_hourly' retrieved from /opt/airflow/dags/weather_hourly.py
[2026-01-04T17:03:13.241+0000] {logging_mixin.py:188} INFO - [2026-01-04T17:03:13.240+0000] {dag.py:3089} INFO - Sync 1 DAGs
[2026-01-04T17:03:13.268+0000] {logging_mixin.py:188} INFO - [2026-01-04T17:03:13.268+0000] {dag.py:3947} INFO - Setting next_dagrun for weather_hourly to 2026-01-04 16:15:00+00:00, run_after=2026-01-04 17:15:00+00:00
[2026-01-04T17:03:13.294+0000] {processor.py:183} INFO - Processing /opt/airflow/dags/weather_hourly.py took 0.111 seconds
[2026-01-04T17:03:43.514+0000] {processor.py:161} INFO - Started process (PID=1399) to work on /opt/airflow/dags/weather_hourly.py
[2026-01-04T17:03:43.515+0000] {processor.py:830} INFO - Processing file /opt/airflow/dags/weather_hourly.py for tasks to queue
[2026-01-04T17:03:43.516+0000] {logging_mixin.py:188} INFO - [2026-01-04T17:03:43.516+0000] {dagbag.py:545} INFO - Filling up the DagBag from /opt/airflow/dags/weather_hourly.py
[2026-01-04T17:03:43.535+0000] {processor.py:840} INFO - DAG(s) 'weather_hourly' retrieved from /opt/airflow/dags/weather_hourly.py
[2026-01-04T17:03:43.565+0000] {logging_mixin.py:188} INFO - [2026-01-04T17:03:43.565+0000] {dag.py:3089} INFO - Sync 1 DAGs
[2026-01-04T17:03:43.592+0000] {logging_mixin.py:188} INFO - [2026-01-04T17:03:43.591+0000] {dag.py:3947} INFO - Setting next_dagrun for weather_hourly to 2026-01-04 16:15:00+00:00, run_after=2026-01-04 17:15:00+00:00
[2026-01-04T17:03:43.612+0000] {processor.py:183} INFO - Processing /opt/airflow/dags/weather_hourly.py took 0.105 seconds
[2026-01-04T17:04:14.276+0000] {processor.py:161} INFO - Started process (PID=1409) to work on /opt/airflow/dags/weather_hourly.py
[2026-01-04T17:04:14.277+0000] {processor.py:830} INFO - Processing file /opt/airflow/dags/weather_hourly.py for tasks to queue
[2026-01-04T17:04:14.279+0000] {logging_mixin.py:188} INFO - [2026-01-04T17:04:14.279+0000] {dagbag.py:545} INFO - Filling up the DagBag from /opt/airflow/dags/weather_hourly.py
[2026-01-04T17:04:14.298+0000] {processor.py:840} INFO - DAG(s) 'weather_hourly' retrieved from /opt/airflow/dags/weather_hourly.py
[2026-01-04T17:04:14.332+0000] {logging_mixin.py:188} INFO - [2026-01-04T17:04:14.331+0000] {dag.py:3089} INFO - Sync 1 DAGs
[2026-01-04T17:04:14.357+0000] {logging_mixin.py:188} INFO - [2026-01-04T17:04:14.357+0000] {dag.py:3947} INFO - Setting next_dagrun for weather_hourly to 2026-01-04 16:15:00+00:00, run_after=2026-01-04 17:15:00+00:00
[2026-01-04T17:04:14.377+0000] {processor.py:183} INFO - Processing /opt/airflow/dags/weather_hourly.py took 0.107 seconds
[2026-01-04T17:04:44.922+0000] {processor.py:161} INFO - Started process (PID=1419) to work on /opt/airflow/dags/weather_hourly.py
[2026-01-04T17:04:44.923+0000] {processor.py:830} INFO - Processing file /opt/airflow/dags/weather_hourly.py for tasks to queue
[2026-01-04T17:04:44.925+0000] {logging_mixin.py:188} INFO - [2026-01-04T17:04:44.925+0000] {dagbag.py:545} INFO - Filling up the DagBag from /opt/airflow/dags/weather_hourly.py
[2026-01-04T17:04:44.945+0000] {processor.py:840} INFO - DAG(s) 'weather_hourly' retrieved from /opt/airflow/dags/weather_hourly.py
[2026-01-04T17:04:44.984+0000] {logging_mixin.py:188} INFO - [2026-01-04T17:04:44.983+0000] {dag.py:3089} INFO - Sync 1 DAGs
[2026-01-04T17:04:45.013+0000] {logging_mixin.py:188} INFO - [2026-01-04T17:04:45.013+0000] {dag.py:3947} INFO - Setting next_dagrun for weather_hourly to 2026-01-04 16:15:00+00:00, run_after=2026-01-04 17:15:00+00:00
[2026-01-04T17:04:45.037+0000] {processor.py:183} INFO - Processing /opt/airflow/dags/weather_hourly.py took 0.120 seconds
[2026-01-04T17:05:15.245+0000] {processor.py:161} INFO - Started process (PID=1429) to work on /opt/airflow/dags/weather_hourly.py
[2026-01-04T17:05:15.246+0000] {processor.py:830} INFO - Processing file /opt/airflow/dags/weather_hourly.py for tasks to queue
[2026-01-04T17:05:15.247+0000] {logging_mixin.py:188} INFO - [2026-01-04T17:05:15.247+0000] {dagbag.py:545} INFO - Filling up the DagBag from /opt/airflow/dags/weather_hourly.py
[2026-01-04T17:05:15.266+0000] {processor.py:840} INFO - DAG(s) 'weather_hourly' retrieved from /opt/airflow/dags/weather_hourly.py
[2026-01-04T17:05:15.297+0000] {logging_mixin.py:188} INFO - [2026-01-04T17:05:15.297+0000] {dag.py:3089} INFO - Sync 1 DAGs
[2026-01-04T17:05:15.322+0000] {logging_mixin.py:188} INFO - [2026-01-04T17:05:15.322+0000] {dag.py:3947} INFO - Setting next_dagrun for weather_hourly to 2026-01-04 16:15:00+00:00, run_after=2026-01-04 17:15:00+00:00
[2026-01-04T17:05:15.344+0000] {processor.py:183} INFO - Processing /opt/airflow/dags/weather_hourly.py took 0.104 seconds
[2026-01-04T17:05:45.548+0000] {processor.py:161} INFO - Started process (PID=1439) to work on /opt/airflow/dags/weather_hourly.py
[2026-01-04T17:05:45.549+0000] {processor.py:830} INFO - Processing file /opt/airflow/dags/weather_hourly.py for tasks to queue
[2026-01-04T17:05:45.550+0000] {logging_mixin.py:188} INFO - [2026-01-04T17:05:45.550+0000] {dagbag.py:545} INFO - Filling up the DagBag from /opt/airflow/dags/weather_hourly.py
[2026-01-04T17:05:45.568+0000] {processor.py:840} INFO - DAG(s) 'weather_hourly' retrieved from /opt/airflow/dags/weather_hourly.py
[2026-01-04T17:05:45.610+0000] {logging_mixin.py:188} INFO - [2026-01-04T17:05:45.610+0000] {dag.py:3089} INFO - Sync 1 DAGs
[2026-01-04T17:05:45.637+0000] {logging_mixin.py:188} INFO - [2026-01-04T17:05:45.636+0000] {dag.py:3947} INFO - Setting next_dagrun for weather_hourly to 2026-01-04 16:15:00+00:00, run_after=2026-01-04 17:15:00+00:00
[2026-01-04T17:05:45.664+0000] {processor.py:183} INFO - Processing /opt/airflow/dags/weather_hourly.py took 0.120 seconds
[2026-01-04T17:06:15.871+0000] {processor.py:161} INFO - Started process (PID=1449) to work on /opt/airflow/dags/weather_hourly.py
[2026-01-04T17:06:15.872+0000] {processor.py:830} INFO - Processing file /opt/airflow/dags/weather_hourly.py for tasks to queue
[2026-01-04T17:06:15.873+0000] {logging_mixin.py:188} INFO - [2026-01-04T17:06:15.873+0000] {dagbag.py:545} INFO - Filling up the DagBag from /opt/airflow/dags/weather_hourly.py
[2026-01-04T17:06:15.888+0000] {processor.py:840} INFO - DAG(s) 'weather_hourly' retrieved from /opt/airflow/dags/weather_hourly.py
[2026-01-04T17:06:15.919+0000] {logging_mixin.py:188} INFO - [2026-01-04T17:06:15.919+0000] {dag.py:3089} INFO - Sync 1 DAGs
[2026-01-04T17:06:15.943+0000] {logging_mixin.py:188} INFO - [2026-01-04T17:06:15.943+0000] {dag.py:3947} INFO - Setting next_dagrun for weather_hourly to 2026-01-04 16:15:00+00:00, run_after=2026-01-04 17:15:00+00:00
[2026-01-04T17:06:15.968+0000] {processor.py:183} INFO - Processing /opt/airflow/dags/weather_hourly.py took 0.102 seconds
[2026-01-04T17:06:46.250+0000] {processor.py:161} INFO - Started process (PID=1459) to work on /opt/airflow/dags/weather_hourly.py
[2026-01-04T17:06:46.251+0000] {processor.py:830} INFO - Processing file /opt/airflow/dags/weather_hourly.py for tasks to queue
[2026-01-04T17:06:46.252+0000] {logging_mixin.py:188} INFO - [2026-01-04T17:06:46.252+0000] {dagbag.py:545} INFO - Filling up the DagBag from /opt/airflow/dags/weather_hourly.py
[2026-01-04T17:06:46.268+0000] {processor.py:840} INFO - DAG(s) 'weather_hourly' retrieved from /opt/airflow/dags/weather_hourly.py
[2026-01-04T17:06:46.296+0000] {logging_mixin.py:188} INFO - [2026-01-04T17:06:46.296+0000] {dag.py:3089} INFO - Sync 1 DAGs
[2026-01-04T17:06:46.318+0000] {logging_mixin.py:188} INFO - [2026-01-04T17:06:46.318+0000] {dag.py:3947} INFO - Setting next_dagrun for weather_hourly to 2026-01-04 16:15:00+00:00, run_after=2026-01-04 17:15:00+00:00
[2026-01-04T17:06:46.342+0000] {processor.py:183} INFO - Processing /opt/airflow/dags/weather_hourly.py took 0.098 seconds
[2026-01-04T17:07:16.548+0000] {processor.py:161} INFO - Started process (PID=1469) to work on /opt/airflow/dags/weather_hourly.py
[2026-01-04T17:07:16.549+0000] {processor.py:830} INFO - Processing file /opt/airflow/dags/weather_hourly.py for tasks to queue
[2026-01-04T17:07:16.550+0000] {logging_mixin.py:188} INFO - [2026-01-04T17:07:16.550+0000] {dagbag.py:545} INFO - Filling up the DagBag from /opt/airflow/dags/weather_hourly.py
[2026-01-04T17:07:16.567+0000] {processor.py:840} INFO - DAG(s) 'weather_hourly' retrieved from /opt/airflow/dags/weather_hourly.py
[2026-01-04T17:07:16.598+0000] {logging_mixin.py:188} INFO - [2026-01-04T17:07:16.598+0000] {dag.py:3089} INFO - Sync 1 DAGs
[2026-01-04T17:07:16.620+0000] {logging_mixin.py:188} INFO - [2026-01-04T17:07:16.620+0000] {dag.py:3947} INFO - Setting next_dagrun for weather_hourly to 2026-01-04 16:15:00+00:00, run_after=2026-01-04 17:15:00+00:00
[2026-01-04T17:07:16.643+0000] {processor.py:183} INFO - Processing /opt/airflow/dags/weather_hourly.py took 0.101 seconds
[2026-01-04T17:07:46.852+0000] {processor.py:161} INFO - Started process (PID=1479) to work on /opt/airflow/dags/weather_hourly.py
[2026-01-04T17:07:46.853+0000] {processor.py:830} INFO - Processing file /opt/airflow/dags/weather_hourly.py for tasks to queue
[2026-01-04T17:07:46.854+0000] {logging_mixin.py:188} INFO - [2026-01-04T17:07:46.854+0000] {dagbag.py:545} INFO - Filling up the DagBag from /opt/airflow/dags/weather_hourly.py
[2026-01-04T17:07:46.868+0000] {processor.py:840} INFO - DAG(s) 'weather_hourly' retrieved from /opt/airflow/dags/weather_hourly.py
[2026-01-04T17:07:46.894+0000] {logging_mixin.py:188} INFO - [2026-01-04T17:07:46.894+0000] {dag.py:3089} INFO - Sync 1 DAGs
[2026-01-04T17:07:46.918+0000] {logging_mixin.py:188} INFO - [2026-01-04T17:07:46.917+0000] {dag.py:3947} INFO - Setting next_dagrun for weather_hourly to 2026-01-04 16:15:00+00:00, run_after=2026-01-04 17:15:00+00:00
[2026-01-04T17:07:46.936+0000] {processor.py:183} INFO - Processing /opt/airflow/dags/weather_hourly.py took 0.089 seconds
[2026-01-04T17:08:17.133+0000] {processor.py:161} INFO - Started process (PID=1489) to work on /opt/airflow/dags/weather_hourly.py
[2026-01-04T17:08:17.134+0000] {processor.py:830} INFO - Processing file /opt/airflow/dags/weather_hourly.py for tasks to queue
[2026-01-04T17:08:17.136+0000] {logging_mixin.py:188} INFO - [2026-01-04T17:08:17.135+0000] {dagbag.py:545} INFO - Filling up the DagBag from /opt/airflow/dags/weather_hourly.py
[2026-01-04T17:08:17.150+0000] {processor.py:840} INFO - DAG(s) 'weather_hourly' retrieved from /opt/airflow/dags/weather_hourly.py
[2026-01-04T17:08:17.177+0000] {logging_mixin.py:188} INFO - [2026-01-04T17:08:17.177+0000] {dag.py:3089} INFO - Sync 1 DAGs
[2026-01-04T17:08:17.199+0000] {logging_mixin.py:188} INFO - [2026-01-04T17:08:17.199+0000] {dag.py:3947} INFO - Setting next_dagrun for weather_hourly to 2026-01-04 16:15:00+00:00, run_after=2026-01-04 17:15:00+00:00
[2026-01-04T17:08:17.222+0000] {processor.py:183} INFO - Processing /opt/airflow/dags/weather_hourly.py took 0.093 seconds
[2026-01-04T17:08:47.429+0000] {processor.py:161} INFO - Started process (PID=1499) to work on /opt/airflow/dags/weather_hourly.py
[2026-01-04T17:08:47.430+0000] {processor.py:830} INFO - Processing file /opt/airflow/dags/weather_hourly.py for tasks to queue
[2026-01-04T17:08:47.431+0000] {logging_mixin.py:188} INFO - [2026-01-04T17:08:47.431+0000] {dagbag.py:545} INFO - Filling up the DagBag from /opt/airflow/dags/weather_hourly.py
[2026-01-04T17:08:47.448+0000] {processor.py:840} INFO - DAG(s) 'weather_hourly' retrieved from /opt/airflow/dags/weather_hourly.py
[2026-01-04T17:08:47.475+0000] {logging_mixin.py:188} INFO - [2026-01-04T17:08:47.475+0000] {dag.py:3089} INFO - Sync 1 DAGs
[2026-01-04T17:08:47.496+0000] {logging_mixin.py:188} INFO - [2026-01-04T17:08:47.496+0000] {dag.py:3947} INFO - Setting next_dagrun for weather_hourly to 2026-01-04 16:15:00+00:00, run_after=2026-01-04 17:15:00+00:00
[2026-01-04T17:08:47.521+0000] {processor.py:183} INFO - Processing /opt/airflow/dags/weather_hourly.py took 0.098 seconds
[2026-01-04T17:09:17.735+0000] {processor.py:161} INFO - Started process (PID=1509) to work on /opt/airflow/dags/weather_hourly.py
[2026-01-04T17:09:17.736+0000] {processor.py:830} INFO - Processing file /opt/airflow/dags/weather_hourly.py for tasks to queue
[2026-01-04T17:09:17.738+0000] {logging_mixin.py:188} INFO - [2026-01-04T17:09:17.738+0000] {dagbag.py:545} INFO - Filling up the DagBag from /opt/airflow/dags/weather_hourly.py
[2026-01-04T17:09:17.754+0000] {processor.py:840} INFO - DAG(s) 'weather_hourly' retrieved from /opt/airflow/dags/weather_hourly.py
[2026-01-04T17:09:17.790+0000] {logging_mixin.py:188} INFO - [2026-01-04T17:09:17.789+0000] {dag.py:3089} INFO - Sync 1 DAGs
[2026-01-04T17:09:17.812+0000] {logging_mixin.py:188} INFO - [2026-01-04T17:09:17.811+0000] {dag.py:3947} INFO - Setting next_dagrun for weather_hourly to 2026-01-04 16:15:00+00:00, run_after=2026-01-04 17:15:00+00:00
[2026-01-04T17:09:17.838+0000] {processor.py:183} INFO - Processing /opt/airflow/dags/weather_hourly.py took 0.109 seconds
[2026-01-04T17:09:48.054+0000] {processor.py:161} INFO - Started process (PID=1519) to work on /opt/airflow/dags/weather_hourly.py
[2026-01-04T17:09:48.055+0000] {processor.py:830} INFO - Processing file /opt/airflow/dags/weather_hourly.py for tasks to queue
[2026-01-04T17:09:48.057+0000] {logging_mixin.py:188} INFO - [2026-01-04T17:09:48.057+0000] {dagbag.py:545} INFO - Filling up the DagBag from /opt/airflow/dags/weather_hourly.py
[2026-01-04T17:09:48.074+0000] {processor.py:840} INFO - DAG(s) 'weather_hourly' retrieved from /opt/airflow/dags/weather_hourly.py
[2026-01-04T17:09:48.103+0000] {logging_mixin.py:188} INFO - [2026-01-04T17:09:48.103+0000] {dag.py:3089} INFO - Sync 1 DAGs
[2026-01-04T17:09:48.126+0000] {logging_mixin.py:188} INFO - [2026-01-04T17:09:48.126+0000] {dag.py:3947} INFO - Setting next_dagrun for weather_hourly to 2026-01-04 16:15:00+00:00, run_after=2026-01-04 17:15:00+00:00
[2026-01-04T17:09:48.147+0000] {processor.py:183} INFO - Processing /opt/airflow/dags/weather_hourly.py took 0.098 seconds
[2026-01-04T17:10:18.349+0000] {processor.py:161} INFO - Started process (PID=1529) to work on /opt/airflow/dags/weather_hourly.py
[2026-01-04T17:10:18.350+0000] {processor.py:830} INFO - Processing file /opt/airflow/dags/weather_hourly.py for tasks to queue
[2026-01-04T17:10:18.352+0000] {logging_mixin.py:188} INFO - [2026-01-04T17:10:18.351+0000] {dagbag.py:545} INFO - Filling up the DagBag from /opt/airflow/dags/weather_hourly.py
[2026-01-04T17:10:18.366+0000] {processor.py:840} INFO - DAG(s) 'weather_hourly' retrieved from /opt/airflow/dags/weather_hourly.py
[2026-01-04T17:10:18.394+0000] {logging_mixin.py:188} INFO - [2026-01-04T17:10:18.394+0000] {dag.py:3089} INFO - Sync 1 DAGs
[2026-01-04T17:10:18.414+0000] {logging_mixin.py:188} INFO - [2026-01-04T17:10:18.414+0000] {dag.py:3947} INFO - Setting next_dagrun for weather_hourly to 2026-01-04 16:15:00+00:00, run_after=2026-01-04 17:15:00+00:00
[2026-01-04T17:10:18.432+0000] {processor.py:183} INFO - Processing /opt/airflow/dags/weather_hourly.py took 0.088 seconds
[2026-01-04T17:10:48.641+0000] {processor.py:161} INFO - Started process (PID=1539) to work on /opt/airflow/dags/weather_hourly.py
[2026-01-04T17:10:48.642+0000] {processor.py:830} INFO - Processing file /opt/airflow/dags/weather_hourly.py for tasks to queue
[2026-01-04T17:10:48.643+0000] {logging_mixin.py:188} INFO - [2026-01-04T17:10:48.643+0000] {dagbag.py:545} INFO - Filling up the DagBag from /opt/airflow/dags/weather_hourly.py
[2026-01-04T17:10:48.659+0000] {processor.py:840} INFO - DAG(s) 'weather_hourly' retrieved from /opt/airflow/dags/weather_hourly.py
[2026-01-04T17:10:48.688+0000] {logging_mixin.py:188} INFO - [2026-01-04T17:10:48.688+0000] {dag.py:3089} INFO - Sync 1 DAGs
[2026-01-04T17:10:48.709+0000] {logging_mixin.py:188} INFO - [2026-01-04T17:10:48.709+0000] {dag.py:3947} INFO - Setting next_dagrun for weather_hourly to 2026-01-04 16:15:00+00:00, run_after=2026-01-04 17:15:00+00:00
[2026-01-04T17:10:48.727+0000] {processor.py:183} INFO - Processing /opt/airflow/dags/weather_hourly.py took 0.092 seconds
[2026-01-04T17:11:18.948+0000] {processor.py:161} INFO - Started process (PID=1549) to work on /opt/airflow/dags/weather_hourly.py
[2026-01-04T17:11:18.949+0000] {processor.py:830} INFO - Processing file /opt/airflow/dags/weather_hourly.py for tasks to queue
[2026-01-04T17:11:18.950+0000] {logging_mixin.py:188} INFO - [2026-01-04T17:11:18.950+0000] {dagbag.py:545} INFO - Filling up the DagBag from /opt/airflow/dags/weather_hourly.py
[2026-01-04T17:11:18.965+0000] {processor.py:840} INFO - DAG(s) 'weather_hourly' retrieved from /opt/airflow/dags/weather_hourly.py
[2026-01-04T17:11:18.992+0000] {logging_mixin.py:188} INFO - [2026-01-04T17:11:18.992+0000] {dag.py:3089} INFO - Sync 1 DAGs
[2026-01-04T17:11:19.013+0000] {logging_mixin.py:188} INFO - [2026-01-04T17:11:19.013+0000] {dag.py:3947} INFO - Setting next_dagrun for weather_hourly to 2026-01-04 16:15:00+00:00, run_after=2026-01-04 17:15:00+00:00
[2026-01-04T17:11:19.031+0000] {processor.py:183} INFO - Processing /opt/airflow/dags/weather_hourly.py took 0.087 seconds
[2026-01-04T17:11:49.294+0000] {processor.py:161} INFO - Started process (PID=1559) to work on /opt/airflow/dags/weather_hourly.py
[2026-01-04T17:11:49.295+0000] {processor.py:830} INFO - Processing file /opt/airflow/dags/weather_hourly.py for tasks to queue
[2026-01-04T17:11:49.297+0000] {logging_mixin.py:188} INFO - [2026-01-04T17:11:49.297+0000] {dagbag.py:545} INFO - Filling up the DagBag from /opt/airflow/dags/weather_hourly.py
[2026-01-04T17:11:49.311+0000] {processor.py:840} INFO - DAG(s) 'weather_hourly' retrieved from /opt/airflow/dags/weather_hourly.py
[2026-01-04T17:11:49.338+0000] {logging_mixin.py:188} INFO - [2026-01-04T17:11:49.338+0000] {dag.py:3089} INFO - Sync 1 DAGs
[2026-01-04T17:11:49.359+0000] {logging_mixin.py:188} INFO - [2026-01-04T17:11:49.359+0000] {dag.py:3947} INFO - Setting next_dagrun for weather_hourly to 2026-01-04 16:15:00+00:00, run_after=2026-01-04 17:15:00+00:00
[2026-01-04T17:11:49.378+0000] {processor.py:183} INFO - Processing /opt/airflow/dags/weather_hourly.py took 0.089 seconds
[2026-01-04T17:12:19.580+0000] {processor.py:161} INFO - Started process (PID=1569) to work on /opt/airflow/dags/weather_hourly.py
[2026-01-04T17:12:19.581+0000] {processor.py:830} INFO - Processing file /opt/airflow/dags/weather_hourly.py for tasks to queue
[2026-01-04T17:12:19.583+0000] {logging_mixin.py:188} INFO - [2026-01-04T17:12:19.582+0000] {dagbag.py:545} INFO - Filling up the DagBag from /opt/airflow/dags/weather_hourly.py
[2026-01-04T17:12:19.600+0000] {processor.py:840} INFO - DAG(s) 'weather_hourly' retrieved from /opt/airflow/dags/weather_hourly.py
[2026-01-04T17:12:19.630+0000] {logging_mixin.py:188} INFO - [2026-01-04T17:12:19.629+0000] {dag.py:3089} INFO - Sync 1 DAGs
[2026-01-04T17:12:19.657+0000] {logging_mixin.py:188} INFO - [2026-01-04T17:12:19.657+0000] {dag.py:3947} INFO - Setting next_dagrun for weather_hourly to 2026-01-04 16:15:00+00:00, run_after=2026-01-04 17:15:00+00:00
[2026-01-04T17:12:19.678+0000] {processor.py:183} INFO - Processing /opt/airflow/dags/weather_hourly.py took 0.103 seconds
[2026-01-04T17:12:49.891+0000] {processor.py:161} INFO - Started process (PID=1579) to work on /opt/airflow/dags/weather_hourly.py
[2026-01-04T17:12:49.892+0000] {processor.py:830} INFO - Processing file /opt/airflow/dags/weather_hourly.py for tasks to queue
[2026-01-04T17:12:49.893+0000] {logging_mixin.py:188} INFO - [2026-01-04T17:12:49.893+0000] {dagbag.py:545} INFO - Filling up the DagBag from /opt/airflow/dags/weather_hourly.py
[2026-01-04T17:12:49.909+0000] {processor.py:840} INFO - DAG(s) 'weather_hourly' retrieved from /opt/airflow/dags/weather_hourly.py
[2026-01-04T17:12:49.939+0000] {logging_mixin.py:188} INFO - [2026-01-04T17:12:49.939+0000] {dag.py:3089} INFO - Sync 1 DAGs
[2026-01-04T17:12:49.962+0000] {logging_mixin.py:188} INFO - [2026-01-04T17:12:49.961+0000] {dag.py:3947} INFO - Setting next_dagrun for weather_hourly to 2026-01-04 16:15:00+00:00, run_after=2026-01-04 17:15:00+00:00
[2026-01-04T17:12:49.984+0000] {processor.py:183} INFO - Processing /opt/airflow/dags/weather_hourly.py took 0.099 seconds
[2026-01-04T17:13:20.208+0000] {processor.py:161} INFO - Started process (PID=1589) to work on /opt/airflow/dags/weather_hourly.py
[2026-01-04T17:13:20.209+0000] {processor.py:830} INFO - Processing file /opt/airflow/dags/weather_hourly.py for tasks to queue
[2026-01-04T17:13:20.211+0000] {logging_mixin.py:188} INFO - [2026-01-04T17:13:20.211+0000] {dagbag.py:545} INFO - Filling up the DagBag from /opt/airflow/dags/weather_hourly.py
[2026-01-04T17:13:20.226+0000] {processor.py:840} INFO - DAG(s) 'weather_hourly' retrieved from /opt/airflow/dags/weather_hourly.py
[2026-01-04T17:13:20.253+0000] {logging_mixin.py:188} INFO - [2026-01-04T17:13:20.253+0000] {dag.py:3089} INFO - Sync 1 DAGs
[2026-01-04T17:13:20.275+0000] {logging_mixin.py:188} INFO - [2026-01-04T17:13:20.275+0000] {dag.py:3947} INFO - Setting next_dagrun for weather_hourly to 2026-01-04 16:15:00+00:00, run_after=2026-01-04 17:15:00+00:00
[2026-01-04T17:13:20.293+0000] {processor.py:183} INFO - Processing /opt/airflow/dags/weather_hourly.py took 0.091 seconds
[2026-01-04T17:13:50.492+0000] {processor.py:161} INFO - Started process (PID=1599) to work on /opt/airflow/dags/weather_hourly.py
[2026-01-04T17:13:50.493+0000] {processor.py:830} INFO - Processing file /opt/airflow/dags/weather_hourly.py for tasks to queue
[2026-01-04T17:13:50.495+0000] {logging_mixin.py:188} INFO - [2026-01-04T17:13:50.494+0000] {dagbag.py:545} INFO - Filling up the DagBag from /opt/airflow/dags/weather_hourly.py
[2026-01-04T17:13:50.509+0000] {processor.py:840} INFO - DAG(s) 'weather_hourly' retrieved from /opt/airflow/dags/weather_hourly.py
[2026-01-04T17:13:50.536+0000] {logging_mixin.py:188} INFO - [2026-01-04T17:13:50.536+0000] {dag.py:3089} INFO - Sync 1 DAGs
[2026-01-04T17:13:50.556+0000] {logging_mixin.py:188} INFO - [2026-01-04T17:13:50.556+0000] {dag.py:3947} INFO - Setting next_dagrun for weather_hourly to 2026-01-04 16:15:00+00:00, run_after=2026-01-04 17:15:00+00:00
[2026-01-04T17:13:50.574+0000] {processor.py:183} INFO - Processing /opt/airflow/dags/weather_hourly.py took 0.086 seconds
[2026-01-04T17:14:20.786+0000] {processor.py:161} INFO - Started process (PID=1609) to work on /opt/airflow/dags/weather_hourly.py
[2026-01-04T17:14:20.787+0000] {processor.py:830} INFO - Processing file /opt/airflow/dags/weather_hourly.py for tasks to queue
[2026-01-04T17:14:20.788+0000] {logging_mixin.py:188} INFO - [2026-01-04T17:14:20.788+0000] {dagbag.py:545} INFO - Filling up the DagBag from /opt/airflow/dags/weather_hourly.py
[2026-01-04T17:14:20.803+0000] {processor.py:840} INFO - DAG(s) 'weather_hourly' retrieved from /opt/airflow/dags/weather_hourly.py
[2026-01-04T17:14:20.829+0000] {logging_mixin.py:188} INFO - [2026-01-04T17:14:20.828+0000] {dag.py:3089} INFO - Sync 1 DAGs
[2026-01-04T17:14:20.850+0000] {logging_mixin.py:188} INFO - [2026-01-04T17:14:20.849+0000] {dag.py:3947} INFO - Setting next_dagrun for weather_hourly to 2026-01-04 16:15:00+00:00, run_after=2026-01-04 17:15:00+00:00
[2026-01-04T17:14:20.868+0000] {processor.py:183} INFO - Processing /opt/airflow/dags/weather_hourly.py took 0.087 seconds
[2026-01-04T17:14:51.084+0000] {processor.py:161} INFO - Started process (PID=1619) to work on /opt/airflow/dags/weather_hourly.py
[2026-01-04T17:14:51.085+0000] {processor.py:830} INFO - Processing file /opt/airflow/dags/weather_hourly.py for tasks to queue
[2026-01-04T17:14:51.086+0000] {logging_mixin.py:188} INFO - [2026-01-04T17:14:51.086+0000] {dagbag.py:545} INFO - Filling up the DagBag from /opt/airflow/dags/weather_hourly.py
[2026-01-04T17:14:51.102+0000] {processor.py:840} INFO - DAG(s) 'weather_hourly' retrieved from /opt/airflow/dags/weather_hourly.py
[2026-01-04T17:14:51.128+0000] {logging_mixin.py:188} INFO - [2026-01-04T17:14:51.128+0000] {dag.py:3089} INFO - Sync 1 DAGs
[2026-01-04T17:14:51.150+0000] {logging_mixin.py:188} INFO - [2026-01-04T17:14:51.150+0000] {dag.py:3947} INFO - Setting next_dagrun for weather_hourly to 2026-01-04 16:15:00+00:00, run_after=2026-01-04 17:15:00+00:00
[2026-01-04T17:14:51.171+0000] {processor.py:183} INFO - Processing /opt/airflow/dags/weather_hourly.py took 0.092 seconds
[2026-01-04T17:15:21.384+0000] {processor.py:161} INFO - Started process (PID=1637) to work on /opt/airflow/dags/weather_hourly.py
[2026-01-04T17:15:21.385+0000] {processor.py:830} INFO - Processing file /opt/airflow/dags/weather_hourly.py for tasks to queue
[2026-01-04T17:15:21.388+0000] {logging_mixin.py:188} INFO - [2026-01-04T17:15:21.388+0000] {dagbag.py:545} INFO - Filling up the DagBag from /opt/airflow/dags/weather_hourly.py
[2026-01-04T17:15:21.408+0000] {processor.py:840} INFO - DAG(s) 'weather_hourly' retrieved from /opt/airflow/dags/weather_hourly.py
[2026-01-04T17:15:21.439+0000] {logging_mixin.py:188} INFO - [2026-01-04T17:15:21.438+0000] {dag.py:3089} INFO - Sync 1 DAGs
[2026-01-04T17:15:21.467+0000] {logging_mixin.py:188} INFO - [2026-01-04T17:15:21.467+0000] {dag.py:3947} INFO - Setting next_dagrun for weather_hourly to 2026-01-04 17:15:00+00:00, run_after=2026-01-04 18:15:00+00:00
[2026-01-04T17:15:21.494+0000] {processor.py:183} INFO - Processing /opt/airflow/dags/weather_hourly.py took 0.116 seconds
[2026-01-04T17:15:51.716+0000] {processor.py:161} INFO - Started process (PID=1647) to work on /opt/airflow/dags/weather_hourly.py
[2026-01-04T17:15:51.717+0000] {processor.py:830} INFO - Processing file /opt/airflow/dags/weather_hourly.py for tasks to queue
[2026-01-04T17:15:51.719+0000] {logging_mixin.py:188} INFO - [2026-01-04T17:15:51.718+0000] {dagbag.py:545} INFO - Filling up the DagBag from /opt/airflow/dags/weather_hourly.py
[2026-01-04T17:15:51.734+0000] {processor.py:840} INFO - DAG(s) 'weather_hourly' retrieved from /opt/airflow/dags/weather_hourly.py
[2026-01-04T17:15:51.765+0000] {logging_mixin.py:188} INFO - [2026-01-04T17:15:51.765+0000] {dag.py:3089} INFO - Sync 1 DAGs
[2026-01-04T17:15:51.787+0000] {logging_mixin.py:188} INFO - [2026-01-04T17:15:51.787+0000] {dag.py:3947} INFO - Setting next_dagrun for weather_hourly to 2026-01-04 17:15:00+00:00, run_after=2026-01-04 18:15:00+00:00
[2026-01-04T17:15:51.806+0000] {processor.py:183} INFO - Processing /opt/airflow/dags/weather_hourly.py took 0.095 seconds
[2026-01-04T17:16:22.023+0000] {processor.py:161} INFO - Started process (PID=1657) to work on /opt/airflow/dags/weather_hourly.py
[2026-01-04T17:16:22.024+0000] {processor.py:830} INFO - Processing file /opt/airflow/dags/weather_hourly.py for tasks to queue
[2026-01-04T17:16:22.025+0000] {logging_mixin.py:188} INFO - [2026-01-04T17:16:22.025+0000] {dagbag.py:545} INFO - Filling up the DagBag from /opt/airflow/dags/weather_hourly.py
[2026-01-04T17:16:22.041+0000] {processor.py:840} INFO - DAG(s) 'weather_hourly' retrieved from /opt/airflow/dags/weather_hourly.py
[2026-01-04T17:16:22.069+0000] {logging_mixin.py:188} INFO - [2026-01-04T17:16:22.068+0000] {dag.py:3089} INFO - Sync 1 DAGs
[2026-01-04T17:16:22.088+0000] {logging_mixin.py:188} INFO - [2026-01-04T17:16:22.088+0000] {dag.py:3947} INFO - Setting next_dagrun for weather_hourly to 2026-01-04 17:15:00+00:00, run_after=2026-01-04 18:15:00+00:00
[2026-01-04T17:16:22.105+0000] {processor.py:183} INFO - Processing /opt/airflow/dags/weather_hourly.py took 0.088 seconds
[2026-01-04T17:16:52.359+0000] {processor.py:161} INFO - Started process (PID=1667) to work on /opt/airflow/dags/weather_hourly.py
[2026-01-04T17:16:52.360+0000] {processor.py:830} INFO - Processing file /opt/airflow/dags/weather_hourly.py for tasks to queue
[2026-01-04T17:16:52.362+0000] {logging_mixin.py:188} INFO - [2026-01-04T17:16:52.361+0000] {dagbag.py:545} INFO - Filling up the DagBag from /opt/airflow/dags/weather_hourly.py
[2026-01-04T17:16:52.381+0000] {processor.py:840} INFO - DAG(s) 'weather_hourly' retrieved from /opt/airflow/dags/weather_hourly.py
[2026-01-04T17:16:52.413+0000] {logging_mixin.py:188} INFO - [2026-01-04T17:16:52.412+0000] {dag.py:3089} INFO - Sync 1 DAGs
[2026-01-04T17:16:52.435+0000] {logging_mixin.py:188} INFO - [2026-01-04T17:16:52.435+0000] {dag.py:3947} INFO - Setting next_dagrun for weather_hourly to 2026-01-04 17:15:00+00:00, run_after=2026-01-04 18:15:00+00:00
[2026-01-04T17:16:52.454+0000] {processor.py:183} INFO - Processing /opt/airflow/dags/weather_hourly.py took 0.102 seconds
[2026-01-04T17:17:22.679+0000] {processor.py:161} INFO - Started process (PID=1677) to work on /opt/airflow/dags/weather_hourly.py
[2026-01-04T17:17:22.680+0000] {processor.py:830} INFO - Processing file /opt/airflow/dags/weather_hourly.py for tasks to queue
[2026-01-04T17:17:22.681+0000] {logging_mixin.py:188} INFO - [2026-01-04T17:17:22.681+0000] {dagbag.py:545} INFO - Filling up the DagBag from /opt/airflow/dags/weather_hourly.py
[2026-01-04T17:17:22.697+0000] {processor.py:840} INFO - DAG(s) 'weather_hourly' retrieved from /opt/airflow/dags/weather_hourly.py
[2026-01-04T17:17:22.727+0000] {logging_mixin.py:188} INFO - [2026-01-04T17:17:22.727+0000] {dag.py:3089} INFO - Sync 1 DAGs
[2026-01-04T17:17:22.749+0000] {logging_mixin.py:188} INFO - [2026-01-04T17:17:22.749+0000] {dag.py:3947} INFO - Setting next_dagrun for weather_hourly to 2026-01-04 17:15:00+00:00, run_after=2026-01-04 18:15:00+00:00
[2026-01-04T17:17:22.771+0000] {processor.py:183} INFO - Processing /opt/airflow/dags/weather_hourly.py took 0.097 seconds
[2026-01-04T17:17:52.995+0000] {processor.py:161} INFO - Started process (PID=1687) to work on /opt/airflow/dags/weather_hourly.py
[2026-01-04T17:17:52.996+0000] {processor.py:830} INFO - Processing file /opt/airflow/dags/weather_hourly.py for tasks to queue
[2026-01-04T17:17:52.998+0000] {logging_mixin.py:188} INFO - [2026-01-04T17:17:52.998+0000] {dagbag.py:545} INFO - Filling up the DagBag from /opt/airflow/dags/weather_hourly.py
[2026-01-04T17:17:53.012+0000] {processor.py:840} INFO - DAG(s) 'weather_hourly' retrieved from /opt/airflow/dags/weather_hourly.py
[2026-01-04T17:17:53.040+0000] {logging_mixin.py:188} INFO - [2026-01-04T17:17:53.040+0000] {dag.py:3089} INFO - Sync 1 DAGs
[2026-01-04T17:17:53.062+0000] {logging_mixin.py:188} INFO - [2026-01-04T17:17:53.062+0000] {dag.py:3947} INFO - Setting next_dagrun for weather_hourly to 2026-01-04 17:15:00+00:00, run_after=2026-01-04 18:15:00+00:00
[2026-01-04T17:17:53.079+0000] {processor.py:183} INFO - Processing /opt/airflow/dags/weather_hourly.py took 0.089 seconds
[2026-01-04T17:18:23.294+0000] {processor.py:161} INFO - Started process (PID=1697) to work on /opt/airflow/dags/weather_hourly.py
[2026-01-04T17:18:23.295+0000] {processor.py:830} INFO - Processing file /opt/airflow/dags/weather_hourly.py for tasks to queue
[2026-01-04T17:18:23.297+0000] {logging_mixin.py:188} INFO - [2026-01-04T17:18:23.296+0000] {dagbag.py:545} INFO - Filling up the DagBag from /opt/airflow/dags/weather_hourly.py
[2026-01-04T17:18:23.313+0000] {processor.py:840} INFO - DAG(s) 'weather_hourly' retrieved from /opt/airflow/dags/weather_hourly.py
[2026-01-04T17:18:23.341+0000] {logging_mixin.py:188} INFO - [2026-01-04T17:18:23.341+0000] {dag.py:3089} INFO - Sync 1 DAGs
[2026-01-04T17:18:23.361+0000] {logging_mixin.py:188} INFO - [2026-01-04T17:18:23.361+0000] {dag.py:3947} INFO - Setting next_dagrun for weather_hourly to 2026-01-04 17:15:00+00:00, run_after=2026-01-04 18:15:00+00:00
[2026-01-04T17:18:23.380+0000] {processor.py:183} INFO - Processing /opt/airflow/dags/weather_hourly.py took 0.090 seconds
[2026-01-04T17:18:53.603+0000] {processor.py:161} INFO - Started process (PID=1707) to work on /opt/airflow/dags/weather_hourly.py
[2026-01-04T17:18:53.605+0000] {processor.py:830} INFO - Processing file /opt/airflow/dags/weather_hourly.py for tasks to queue
[2026-01-04T17:18:53.607+0000] {logging_mixin.py:188} INFO - [2026-01-04T17:18:53.606+0000] {dagbag.py:545} INFO - Filling up the DagBag from /opt/airflow/dags/weather_hourly.py
[2026-01-04T17:18:53.628+0000] {processor.py:840} INFO - DAG(s) 'weather_hourly' retrieved from /opt/airflow/dags/weather_hourly.py
[2026-01-04T17:18:53.672+0000] {logging_mixin.py:188} INFO - [2026-01-04T17:18:53.672+0000] {dag.py:3089} INFO - Sync 1 DAGs
[2026-01-04T17:18:53.695+0000] {logging_mixin.py:188} INFO - [2026-01-04T17:18:53.694+0000] {dag.py:3947} INFO - Setting next_dagrun for weather_hourly to 2026-01-04 17:15:00+00:00, run_after=2026-01-04 18:15:00+00:00
[2026-01-04T17:18:53.711+0000] {processor.py:183} INFO - Processing /opt/airflow/dags/weather_hourly.py took 0.114 seconds
[2026-01-04T17:19:23.805+0000] {processor.py:161} INFO - Started process (PID=1717) to work on /opt/airflow/dags/weather_hourly.py
[2026-01-04T17:19:23.806+0000] {processor.py:830} INFO - Processing file /opt/airflow/dags/weather_hourly.py for tasks to queue
[2026-01-04T17:19:23.808+0000] {logging_mixin.py:188} INFO - [2026-01-04T17:19:23.807+0000] {dagbag.py:545} INFO - Filling up the DagBag from /opt/airflow/dags/weather_hourly.py
[2026-01-04T17:19:23.823+0000] {processor.py:840} INFO - DAG(s) 'weather_hourly' retrieved from /opt/airflow/dags/weather_hourly.py
[2026-01-04T17:19:23.852+0000] {logging_mixin.py:188} INFO - [2026-01-04T17:19:23.852+0000] {dag.py:3089} INFO - Sync 1 DAGs
[2026-01-04T17:19:23.875+0000] {logging_mixin.py:188} INFO - [2026-01-04T17:19:23.875+0000] {dag.py:3947} INFO - Setting next_dagrun for weather_hourly to 2026-01-04 17:15:00+00:00, run_after=2026-01-04 18:15:00+00:00
[2026-01-04T17:19:23.893+0000] {processor.py:183} INFO - Processing /opt/airflow/dags/weather_hourly.py took 0.093 seconds
[2026-01-04T17:19:54.127+0000] {processor.py:161} INFO - Started process (PID=1727) to work on /opt/airflow/dags/weather_hourly.py
[2026-01-04T17:19:54.128+0000] {processor.py:830} INFO - Processing file /opt/airflow/dags/weather_hourly.py for tasks to queue
[2026-01-04T17:19:54.130+0000] {logging_mixin.py:188} INFO - [2026-01-04T17:19:54.129+0000] {dagbag.py:545} INFO - Filling up the DagBag from /opt/airflow/dags/weather_hourly.py
[2026-01-04T17:19:54.147+0000] {processor.py:840} INFO - DAG(s) 'weather_hourly' retrieved from /opt/airflow/dags/weather_hourly.py
[2026-01-04T17:19:54.177+0000] {logging_mixin.py:188} INFO - [2026-01-04T17:19:54.176+0000] {dag.py:3089} INFO - Sync 1 DAGs
[2026-01-04T17:19:54.200+0000] {logging_mixin.py:188} INFO - [2026-01-04T17:19:54.199+0000] {dag.py:3947} INFO - Setting next_dagrun for weather_hourly to 2026-01-04 17:15:00+00:00, run_after=2026-01-04 18:15:00+00:00
[2026-01-04T17:19:54.226+0000] {processor.py:183} INFO - Processing /opt/airflow/dags/weather_hourly.py took 0.103 seconds
[2026-01-04T17:20:24.452+0000] {processor.py:161} INFO - Started process (PID=1737) to work on /opt/airflow/dags/weather_hourly.py
[2026-01-04T17:20:24.453+0000] {processor.py:830} INFO - Processing file /opt/airflow/dags/weather_hourly.py for tasks to queue
[2026-01-04T17:20:24.455+0000] {logging_mixin.py:188} INFO - [2026-01-04T17:20:24.454+0000] {dagbag.py:545} INFO - Filling up the DagBag from /opt/airflow/dags/weather_hourly.py
[2026-01-04T17:20:24.469+0000] {processor.py:840} INFO - DAG(s) 'weather_hourly' retrieved from /opt/airflow/dags/weather_hourly.py
[2026-01-04T17:20:24.494+0000] {logging_mixin.py:188} INFO - [2026-01-04T17:20:24.493+0000] {dag.py:3089} INFO - Sync 1 DAGs
[2026-01-04T17:20:24.514+0000] {logging_mixin.py:188} INFO - [2026-01-04T17:20:24.513+0000] {dag.py:3947} INFO - Setting next_dagrun for weather_hourly to 2026-01-04 17:15:00+00:00, run_after=2026-01-04 18:15:00+00:00
[2026-01-04T17:20:24.531+0000] {processor.py:183} INFO - Processing /opt/airflow/dags/weather_hourly.py took 0.083 seconds
[2026-01-04T17:20:54.746+0000] {processor.py:161} INFO - Started process (PID=1747) to work on /opt/airflow/dags/weather_hourly.py
[2026-01-04T17:20:54.747+0000] {processor.py:830} INFO - Processing file /opt/airflow/dags/weather_hourly.py for tasks to queue
[2026-01-04T17:20:54.749+0000] {logging_mixin.py:188} INFO - [2026-01-04T17:20:54.749+0000] {dagbag.py:545} INFO - Filling up the DagBag from /opt/airflow/dags/weather_hourly.py
[2026-01-04T17:20:54.763+0000] {processor.py:840} INFO - DAG(s) 'weather_hourly' retrieved from /opt/airflow/dags/weather_hourly.py
[2026-01-04T17:20:54.789+0000] {logging_mixin.py:188} INFO - [2026-01-04T17:20:54.789+0000] {dag.py:3089} INFO - Sync 1 DAGs
[2026-01-04T17:20:54.811+0000] {logging_mixin.py:188} INFO - [2026-01-04T17:20:54.811+0000] {dag.py:3947} INFO - Setting next_dagrun for weather_hourly to 2026-01-04 17:15:00+00:00, run_after=2026-01-04 18:15:00+00:00
[2026-01-04T17:20:54.830+0000] {processor.py:183} INFO - Processing /opt/airflow/dags/weather_hourly.py took 0.088 seconds
[2026-01-04T17:21:25.074+0000] {processor.py:161} INFO - Started process (PID=1757) to work on /opt/airflow/dags/weather_hourly.py
[2026-01-04T17:21:25.075+0000] {processor.py:830} INFO - Processing file /opt/airflow/dags/weather_hourly.py for tasks to queue
[2026-01-04T17:21:25.076+0000] {logging_mixin.py:188} INFO - [2026-01-04T17:21:25.076+0000] {dagbag.py:545} INFO - Filling up the DagBag from /opt/airflow/dags/weather_hourly.py
[2026-01-04T17:21:25.089+0000] {processor.py:840} INFO - DAG(s) 'weather_hourly' retrieved from /opt/airflow/dags/weather_hourly.py
[2026-01-04T17:21:25.115+0000] {logging_mixin.py:188} INFO - [2026-01-04T17:21:25.114+0000] {dag.py:3089} INFO - Sync 1 DAGs
[2026-01-04T17:21:25.138+0000] {logging_mixin.py:188} INFO - [2026-01-04T17:21:25.138+0000] {dag.py:3947} INFO - Setting next_dagrun for weather_hourly to 2026-01-04 17:15:00+00:00, run_after=2026-01-04 18:15:00+00:00
[2026-01-04T17:21:25.156+0000] {processor.py:183} INFO - Processing /opt/airflow/dags/weather_hourly.py took 0.087 seconds
[2026-01-04T17:21:55.382+0000] {processor.py:161} INFO - Started process (PID=1767) to work on /opt/airflow/dags/weather_hourly.py
[2026-01-04T17:21:55.383+0000] {processor.py:830} INFO - Processing file /opt/airflow/dags/weather_hourly.py for tasks to queue
[2026-01-04T17:21:55.384+0000] {logging_mixin.py:188} INFO - [2026-01-04T17:21:55.384+0000] {dagbag.py:545} INFO - Filling up the DagBag from /opt/airflow/dags/weather_hourly.py
[2026-01-04T17:21:55.399+0000] {processor.py:840} INFO - DAG(s) 'weather_hourly' retrieved from /opt/airflow/dags/weather_hourly.py
[2026-01-04T17:21:55.427+0000] {logging_mixin.py:188} INFO - [2026-01-04T17:21:55.426+0000] {dag.py:3089} INFO - Sync 1 DAGs
[2026-01-04T17:21:55.446+0000] {logging_mixin.py:188} INFO - [2026-01-04T17:21:55.446+0000] {dag.py:3947} INFO - Setting next_dagrun for weather_hourly to 2026-01-04 17:15:00+00:00, run_after=2026-01-04 18:15:00+00:00
[2026-01-04T17:21:55.462+0000] {processor.py:183} INFO - Processing /opt/airflow/dags/weather_hourly.py took 0.085 seconds
[2026-01-04T17:22:25.686+0000] {processor.py:161} INFO - Started process (PID=1777) to work on /opt/airflow/dags/weather_hourly.py
[2026-01-04T17:22:25.687+0000] {processor.py:830} INFO - Processing file /opt/airflow/dags/weather_hourly.py for tasks to queue
[2026-01-04T17:22:25.688+0000] {logging_mixin.py:188} INFO - [2026-01-04T17:22:25.688+0000] {dagbag.py:545} INFO - Filling up the DagBag from /opt/airflow/dags/weather_hourly.py
[2026-01-04T17:22:25.703+0000] {processor.py:840} INFO - DAG(s) 'weather_hourly' retrieved from /opt/airflow/dags/weather_hourly.py
[2026-01-04T17:22:25.730+0000] {logging_mixin.py:188} INFO - [2026-01-04T17:22:25.729+0000] {dag.py:3089} INFO - Sync 1 DAGs
[2026-01-04T17:22:25.751+0000] {logging_mixin.py:188} INFO - [2026-01-04T17:22:25.751+0000] {dag.py:3947} INFO - Setting next_dagrun for weather_hourly to 2026-01-04 17:15:00+00:00, run_after=2026-01-04 18:15:00+00:00
[2026-01-04T17:22:25.769+0000] {processor.py:183} INFO - Processing /opt/airflow/dags/weather_hourly.py took 0.088 seconds
[2026-01-04T17:22:55.990+0000] {processor.py:161} INFO - Started process (PID=1787) to work on /opt/airflow/dags/weather_hourly.py
[2026-01-04T17:22:55.991+0000] {processor.py:830} INFO - Processing file /opt/airflow/dags/weather_hourly.py for tasks to queue
[2026-01-04T17:22:55.992+0000] {logging_mixin.py:188} INFO - [2026-01-04T17:22:55.992+0000] {dagbag.py:545} INFO - Filling up the DagBag from /opt/airflow/dags/weather_hourly.py
[2026-01-04T17:22:56.005+0000] {processor.py:840} INFO - DAG(s) 'weather_hourly' retrieved from /opt/airflow/dags/weather_hourly.py
[2026-01-04T17:22:56.030+0000] {logging_mixin.py:188} INFO - [2026-01-04T17:22:56.029+0000] {dag.py:3089} INFO - Sync 1 DAGs
[2026-01-04T17:22:56.049+0000] {logging_mixin.py:188} INFO - [2026-01-04T17:22:56.049+0000] {dag.py:3947} INFO - Setting next_dagrun for weather_hourly to 2026-01-04 17:15:00+00:00, run_after=2026-01-04 18:15:00+00:00
[2026-01-04T17:22:56.067+0000] {processor.py:183} INFO - Processing /opt/airflow/dags/weather_hourly.py took 0.081 seconds
[2026-01-04T17:23:26.288+0000] {processor.py:161} INFO - Started process (PID=1797) to work on /opt/airflow/dags/weather_hourly.py
[2026-01-04T17:23:26.289+0000] {processor.py:830} INFO - Processing file /opt/airflow/dags/weather_hourly.py for tasks to queue
[2026-01-04T17:23:26.291+0000] {logging_mixin.py:188} INFO - [2026-01-04T17:23:26.290+0000] {dagbag.py:545} INFO - Filling up the DagBag from /opt/airflow/dags/weather_hourly.py
[2026-01-04T17:23:26.305+0000] {processor.py:840} INFO - DAG(s) 'weather_hourly' retrieved from /opt/airflow/dags/weather_hourly.py
[2026-01-04T17:23:26.333+0000] {logging_mixin.py:188} INFO - [2026-01-04T17:23:26.333+0000] {dag.py:3089} INFO - Sync 1 DAGs
[2026-01-04T17:23:26.355+0000] {logging_mixin.py:188} INFO - [2026-01-04T17:23:26.355+0000] {dag.py:3947} INFO - Setting next_dagrun for weather_hourly to 2026-01-04 17:15:00+00:00, run_after=2026-01-04 18:15:00+00:00
[2026-01-04T17:23:26.376+0000] {processor.py:183} INFO - Processing /opt/airflow/dags/weather_hourly.py took 0.092 seconds
[2026-01-04T17:23:56.601+0000] {processor.py:161} INFO - Started process (PID=1807) to work on /opt/airflow/dags/weather_hourly.py
[2026-01-04T17:23:56.602+0000] {processor.py:830} INFO - Processing file /opt/airflow/dags/weather_hourly.py for tasks to queue
[2026-01-04T17:23:56.603+0000] {logging_mixin.py:188} INFO - [2026-01-04T17:23:56.603+0000] {dagbag.py:545} INFO - Filling up the DagBag from /opt/airflow/dags/weather_hourly.py
[2026-01-04T17:23:56.618+0000] {processor.py:840} INFO - DAG(s) 'weather_hourly' retrieved from /opt/airflow/dags/weather_hourly.py
[2026-01-04T17:23:56.644+0000] {logging_mixin.py:188} INFO - [2026-01-04T17:23:56.643+0000] {dag.py:3089} INFO - Sync 1 DAGs
[2026-01-04T17:23:56.666+0000] {logging_mixin.py:188} INFO - [2026-01-04T17:23:56.666+0000] {dag.py:3947} INFO - Setting next_dagrun for weather_hourly to 2026-01-04 17:15:00+00:00, run_after=2026-01-04 18:15:00+00:00
[2026-01-04T17:23:56.687+0000] {processor.py:183} INFO - Processing /opt/airflow/dags/weather_hourly.py took 0.092 seconds
[2026-01-04T17:24:26.906+0000] {processor.py:161} INFO - Started process (PID=1817) to work on /opt/airflow/dags/weather_hourly.py
[2026-01-04T17:24:26.907+0000] {processor.py:830} INFO - Processing file /opt/airflow/dags/weather_hourly.py for tasks to queue
[2026-01-04T17:24:26.908+0000] {logging_mixin.py:188} INFO - [2026-01-04T17:24:26.908+0000] {dagbag.py:545} INFO - Filling up the DagBag from /opt/airflow/dags/weather_hourly.py
[2026-01-04T17:24:26.922+0000] {processor.py:840} INFO - DAG(s) 'weather_hourly' retrieved from /opt/airflow/dags/weather_hourly.py
[2026-01-04T17:24:26.948+0000] {logging_mixin.py:188} INFO - [2026-01-04T17:24:26.948+0000] {dag.py:3089} INFO - Sync 1 DAGs
[2026-01-04T17:24:26.968+0000] {logging_mixin.py:188} INFO - [2026-01-04T17:24:26.968+0000] {dag.py:3947} INFO - Setting next_dagrun for weather_hourly to 2026-01-04 17:15:00+00:00, run_after=2026-01-04 18:15:00+00:00
[2026-01-04T17:24:26.987+0000] {processor.py:183} INFO - Processing /opt/airflow/dags/weather_hourly.py took 0.086 seconds
[2026-01-04T17:24:57.204+0000] {processor.py:161} INFO - Started process (PID=1827) to work on /opt/airflow/dags/weather_hourly.py
[2026-01-04T17:24:57.205+0000] {processor.py:830} INFO - Processing file /opt/airflow/dags/weather_hourly.py for tasks to queue
[2026-01-04T17:24:57.206+0000] {logging_mixin.py:188} INFO - [2026-01-04T17:24:57.206+0000] {dagbag.py:545} INFO - Filling up the DagBag from /opt/airflow/dags/weather_hourly.py
[2026-01-04T17:24:57.221+0000] {processor.py:840} INFO - DAG(s) 'weather_hourly' retrieved from /opt/airflow/dags/weather_hourly.py
[2026-01-04T17:24:57.246+0000] {logging_mixin.py:188} INFO - [2026-01-04T17:24:57.245+0000] {dag.py:3089} INFO - Sync 1 DAGs
[2026-01-04T17:24:57.265+0000] {logging_mixin.py:188} INFO - [2026-01-04T17:24:57.265+0000] {dag.py:3947} INFO - Setting next_dagrun for weather_hourly to 2026-01-04 17:15:00+00:00, run_after=2026-01-04 18:15:00+00:00
[2026-01-04T17:24:57.283+0000] {processor.py:183} INFO - Processing /opt/airflow/dags/weather_hourly.py took 0.083 seconds
[2026-01-04T17:25:27.504+0000] {processor.py:161} INFO - Started process (PID=1837) to work on /opt/airflow/dags/weather_hourly.py
[2026-01-04T17:25:27.505+0000] {processor.py:830} INFO - Processing file /opt/airflow/dags/weather_hourly.py for tasks to queue
[2026-01-04T17:25:27.507+0000] {logging_mixin.py:188} INFO - [2026-01-04T17:25:27.507+0000] {dagbag.py:545} INFO - Filling up the DagBag from /opt/airflow/dags/weather_hourly.py
[2026-01-04T17:25:27.522+0000] {processor.py:840} INFO - DAG(s) 'weather_hourly' retrieved from /opt/airflow/dags/weather_hourly.py
[2026-01-04T17:25:27.549+0000] {logging_mixin.py:188} INFO - [2026-01-04T17:25:27.549+0000] {dag.py:3089} INFO - Sync 1 DAGs
[2026-01-04T17:25:27.572+0000] {logging_mixin.py:188} INFO - [2026-01-04T17:25:27.572+0000] {dag.py:3947} INFO - Setting next_dagrun for weather_hourly to 2026-01-04 17:15:00+00:00, run_after=2026-01-04 18:15:00+00:00
[2026-01-04T17:25:27.592+0000] {processor.py:183} INFO - Processing /opt/airflow/dags/weather_hourly.py took 0.092 seconds
[2026-01-04T17:25:57.817+0000] {processor.py:161} INFO - Started process (PID=1847) to work on /opt/airflow/dags/weather_hourly.py
[2026-01-04T17:25:57.818+0000] {processor.py:830} INFO - Processing file /opt/airflow/dags/weather_hourly.py for tasks to queue
[2026-01-04T17:25:57.819+0000] {logging_mixin.py:188} INFO - [2026-01-04T17:25:57.819+0000] {dagbag.py:545} INFO - Filling up the DagBag from /opt/airflow/dags/weather_hourly.py
[2026-01-04T17:25:57.833+0000] {processor.py:840} INFO - DAG(s) 'weather_hourly' retrieved from /opt/airflow/dags/weather_hourly.py
[2026-01-04T17:25:57.858+0000] {logging_mixin.py:188} INFO - [2026-01-04T17:25:57.857+0000] {dag.py:3089} INFO - Sync 1 DAGs
[2026-01-04T17:25:57.876+0000] {logging_mixin.py:188} INFO - [2026-01-04T17:25:57.875+0000] {dag.py:3947} INFO - Setting next_dagrun for weather_hourly to 2026-01-04 17:15:00+00:00, run_after=2026-01-04 18:15:00+00:00
[2026-01-04T17:25:57.895+0000] {processor.py:183} INFO - Processing /opt/airflow/dags/weather_hourly.py took 0.083 seconds
[2026-01-04T17:26:28.153+0000] {processor.py:161} INFO - Started process (PID=1857) to work on /opt/airflow/dags/weather_hourly.py
[2026-01-04T17:26:28.154+0000] {processor.py:830} INFO - Processing file /opt/airflow/dags/weather_hourly.py for tasks to queue
[2026-01-04T17:26:28.155+0000] {logging_mixin.py:188} INFO - [2026-01-04T17:26:28.155+0000] {dagbag.py:545} INFO - Filling up the DagBag from /opt/airflow/dags/weather_hourly.py
[2026-01-04T17:26:28.169+0000] {processor.py:840} INFO - DAG(s) 'weather_hourly' retrieved from /opt/airflow/dags/weather_hourly.py
[2026-01-04T17:26:28.194+0000] {logging_mixin.py:188} INFO - [2026-01-04T17:26:28.193+0000] {dag.py:3089} INFO - Sync 1 DAGs
[2026-01-04T17:26:28.214+0000] {logging_mixin.py:188} INFO - [2026-01-04T17:26:28.214+0000] {dag.py:3947} INFO - Setting next_dagrun for weather_hourly to 2026-01-04 17:15:00+00:00, run_after=2026-01-04 18:15:00+00:00
[2026-01-04T17:26:28.233+0000] {processor.py:183} INFO - Processing /opt/airflow/dags/weather_hourly.py took 0.084 seconds
[2026-01-04T17:26:58.459+0000] {processor.py:161} INFO - Started process (PID=1867) to work on /opt/airflow/dags/weather_hourly.py
[2026-01-04T17:26:58.460+0000] {processor.py:830} INFO - Processing file /opt/airflow/dags/weather_hourly.py for tasks to queue
[2026-01-04T17:26:58.461+0000] {logging_mixin.py:188} INFO - [2026-01-04T17:26:58.461+0000] {dagbag.py:545} INFO - Filling up the DagBag from /opt/airflow/dags/weather_hourly.py
[2026-01-04T17:26:58.474+0000] {processor.py:840} INFO - DAG(s) 'weather_hourly' retrieved from /opt/airflow/dags/weather_hourly.py
[2026-01-04T17:26:58.499+0000] {logging_mixin.py:188} INFO - [2026-01-04T17:26:58.499+0000] {dag.py:3089} INFO - Sync 1 DAGs
[2026-01-04T17:26:58.519+0000] {logging_mixin.py:188} INFO - [2026-01-04T17:26:58.519+0000] {dag.py:3947} INFO - Setting next_dagrun for weather_hourly to 2026-01-04 17:15:00+00:00, run_after=2026-01-04 18:15:00+00:00
[2026-01-04T17:26:58.538+0000] {processor.py:183} INFO - Processing /opt/airflow/dags/weather_hourly.py took 0.084 seconds
[2026-01-04T17:27:28.757+0000] {processor.py:161} INFO - Started process (PID=1877) to work on /opt/airflow/dags/weather_hourly.py
[2026-01-04T17:27:28.758+0000] {processor.py:830} INFO - Processing file /opt/airflow/dags/weather_hourly.py for tasks to queue
[2026-01-04T17:27:28.759+0000] {logging_mixin.py:188} INFO - [2026-01-04T17:27:28.759+0000] {dagbag.py:545} INFO - Filling up the DagBag from /opt/airflow/dags/weather_hourly.py
[2026-01-04T17:27:28.774+0000] {processor.py:840} INFO - DAG(s) 'weather_hourly' retrieved from /opt/airflow/dags/weather_hourly.py
[2026-01-04T17:27:28.803+0000] {logging_mixin.py:188} INFO - [2026-01-04T17:27:28.803+0000] {dag.py:3089} INFO - Sync 1 DAGs
[2026-01-04T17:27:28.825+0000] {logging_mixin.py:188} INFO - [2026-01-04T17:27:28.825+0000] {dag.py:3947} INFO - Setting next_dagrun for weather_hourly to 2026-01-04 17:15:00+00:00, run_after=2026-01-04 18:15:00+00:00
[2026-01-04T17:27:28.843+0000] {processor.py:183} INFO - Processing /opt/airflow/dags/weather_hourly.py took 0.091 seconds
[2026-01-04T17:27:58.963+0000] {processor.py:161} INFO - Started process (PID=1887) to work on /opt/airflow/dags/weather_hourly.py
[2026-01-04T17:27:58.964+0000] {processor.py:830} INFO - Processing file /opt/airflow/dags/weather_hourly.py for tasks to queue
[2026-01-04T17:27:58.966+0000] {logging_mixin.py:188} INFO - [2026-01-04T17:27:58.965+0000] {dagbag.py:545} INFO - Filling up the DagBag from /opt/airflow/dags/weather_hourly.py
[2026-01-04T17:27:58.981+0000] {processor.py:840} INFO - DAG(s) 'weather_hourly' retrieved from /opt/airflow/dags/weather_hourly.py
[2026-01-04T17:27:59.009+0000] {logging_mixin.py:188} INFO - [2026-01-04T17:27:59.009+0000] {dag.py:3089} INFO - Sync 1 DAGs
[2026-01-04T17:27:59.032+0000] {logging_mixin.py:188} INFO - [2026-01-04T17:27:59.031+0000] {dag.py:3947} INFO - Setting next_dagrun for weather_hourly to 2026-01-04 17:15:00+00:00, run_after=2026-01-04 18:15:00+00:00
[2026-01-04T17:27:59.052+0000] {processor.py:183} INFO - Processing /opt/airflow/dags/weather_hourly.py took 0.094 seconds
[2026-01-04T17:28:29.266+0000] {processor.py:161} INFO - Started process (PID=1897) to work on /opt/airflow/dags/weather_hourly.py
[2026-01-04T17:28:29.267+0000] {processor.py:830} INFO - Processing file /opt/airflow/dags/weather_hourly.py for tasks to queue
[2026-01-04T17:28:29.269+0000] {logging_mixin.py:188} INFO - [2026-01-04T17:28:29.268+0000] {dagbag.py:545} INFO - Filling up the DagBag from /opt/airflow/dags/weather_hourly.py
[2026-01-04T17:28:29.283+0000] {processor.py:840} INFO - DAG(s) 'weather_hourly' retrieved from /opt/airflow/dags/weather_hourly.py
[2026-01-04T17:28:29.308+0000] {logging_mixin.py:188} INFO - [2026-01-04T17:28:29.308+0000] {dag.py:3089} INFO - Sync 1 DAGs
[2026-01-04T17:28:29.329+0000] {logging_mixin.py:188} INFO - [2026-01-04T17:28:29.329+0000] {dag.py:3947} INFO - Setting next_dagrun for weather_hourly to 2026-01-04 17:15:00+00:00, run_after=2026-01-04 18:15:00+00:00
[2026-01-04T17:28:29.347+0000] {processor.py:183} INFO - Processing /opt/airflow/dags/weather_hourly.py took 0.085 seconds
[2026-01-04T17:28:59.561+0000] {processor.py:161} INFO - Started process (PID=1907) to work on /opt/airflow/dags/weather_hourly.py
[2026-01-04T17:28:59.562+0000] {processor.py:830} INFO - Processing file /opt/airflow/dags/weather_hourly.py for tasks to queue
[2026-01-04T17:28:59.564+0000] {logging_mixin.py:188} INFO - [2026-01-04T17:28:59.563+0000] {dagbag.py:545} INFO - Filling up the DagBag from /opt/airflow/dags/weather_hourly.py
[2026-01-04T17:28:59.578+0000] {processor.py:840} INFO - DAG(s) 'weather_hourly' retrieved from /opt/airflow/dags/weather_hourly.py
[2026-01-04T17:28:59.602+0000] {logging_mixin.py:188} INFO - [2026-01-04T17:28:59.602+0000] {dag.py:3089} INFO - Sync 1 DAGs
[2026-01-04T17:28:59.622+0000] {logging_mixin.py:188} INFO - [2026-01-04T17:28:59.622+0000] {dag.py:3947} INFO - Setting next_dagrun for weather_hourly to 2026-01-04 17:15:00+00:00, run_after=2026-01-04 18:15:00+00:00
[2026-01-04T17:28:59.642+0000] {processor.py:183} INFO - Processing /opt/airflow/dags/weather_hourly.py took 0.085 seconds
[2026-01-04T17:29:29.851+0000] {processor.py:161} INFO - Started process (PID=1917) to work on /opt/airflow/dags/weather_hourly.py
[2026-01-04T17:29:29.852+0000] {processor.py:830} INFO - Processing file /opt/airflow/dags/weather_hourly.py for tasks to queue
[2026-01-04T17:29:29.853+0000] {logging_mixin.py:188} INFO - [2026-01-04T17:29:29.853+0000] {dagbag.py:545} INFO - Filling up the DagBag from /opt/airflow/dags/weather_hourly.py
[2026-01-04T17:29:29.867+0000] {processor.py:840} INFO - DAG(s) 'weather_hourly' retrieved from /opt/airflow/dags/weather_hourly.py
[2026-01-04T17:29:29.892+0000] {logging_mixin.py:188} INFO - [2026-01-04T17:29:29.891+0000] {dag.py:3089} INFO - Sync 1 DAGs
[2026-01-04T17:29:29.914+0000] {logging_mixin.py:188} INFO - [2026-01-04T17:29:29.914+0000] {dag.py:3947} INFO - Setting next_dagrun for weather_hourly to 2026-01-04 17:15:00+00:00, run_after=2026-01-04 18:15:00+00:00
[2026-01-04T17:29:29.932+0000] {processor.py:183} INFO - Processing /opt/airflow/dags/weather_hourly.py took 0.085 seconds
[2026-01-04T17:30:00.159+0000] {processor.py:161} INFO - Started process (PID=1927) to work on /opt/airflow/dags/weather_hourly.py
[2026-01-04T17:30:00.160+0000] {processor.py:830} INFO - Processing file /opt/airflow/dags/weather_hourly.py for tasks to queue
[2026-01-04T17:30:00.161+0000] {logging_mixin.py:188} INFO - [2026-01-04T17:30:00.161+0000] {dagbag.py:545} INFO - Filling up the DagBag from /opt/airflow/dags/weather_hourly.py
[2026-01-04T17:30:00.175+0000] {processor.py:840} INFO - DAG(s) 'weather_hourly' retrieved from /opt/airflow/dags/weather_hourly.py
[2026-01-04T17:30:00.200+0000] {logging_mixin.py:188} INFO - [2026-01-04T17:30:00.200+0000] {dag.py:3089} INFO - Sync 1 DAGs
[2026-01-04T17:30:00.222+0000] {logging_mixin.py:188} INFO - [2026-01-04T17:30:00.221+0000] {dag.py:3947} INFO - Setting next_dagrun for weather_hourly to 2026-01-04 17:15:00+00:00, run_after=2026-01-04 18:15:00+00:00
[2026-01-04T17:30:00.240+0000] {processor.py:183} INFO - Processing /opt/airflow/dags/weather_hourly.py took 0.086 seconds
[2026-01-04T17:30:30.461+0000] {processor.py:161} INFO - Started process (PID=1937) to work on /opt/airflow/dags/weather_hourly.py
[2026-01-04T17:30:30.462+0000] {processor.py:830} INFO - Processing file /opt/airflow/dags/weather_hourly.py for tasks to queue
[2026-01-04T17:30:30.463+0000] {logging_mixin.py:188} INFO - [2026-01-04T17:30:30.463+0000] {dagbag.py:545} INFO - Filling up the DagBag from /opt/airflow/dags/weather_hourly.py
[2026-01-04T17:30:30.477+0000] {processor.py:840} INFO - DAG(s) 'weather_hourly' retrieved from /opt/airflow/dags/weather_hourly.py
[2026-01-04T17:30:30.504+0000] {logging_mixin.py:188} INFO - [2026-01-04T17:30:30.503+0000] {dag.py:3089} INFO - Sync 1 DAGs
[2026-01-04T17:30:30.525+0000] {logging_mixin.py:188} INFO - [2026-01-04T17:30:30.525+0000] {dag.py:3947} INFO - Setting next_dagrun for weather_hourly to 2026-01-04 17:15:00+00:00, run_after=2026-01-04 18:15:00+00:00
[2026-01-04T17:30:30.544+0000] {processor.py:183} INFO - Processing /opt/airflow/dags/weather_hourly.py took 0.088 seconds
[2026-01-04T17:31:00.775+0000] {processor.py:161} INFO - Started process (PID=1947) to work on /opt/airflow/dags/weather_hourly.py
[2026-01-04T17:31:00.776+0000] {processor.py:830} INFO - Processing file /opt/airflow/dags/weather_hourly.py for tasks to queue
[2026-01-04T17:31:00.777+0000] {logging_mixin.py:188} INFO - [2026-01-04T17:31:00.777+0000] {dagbag.py:545} INFO - Filling up the DagBag from /opt/airflow/dags/weather_hourly.py
[2026-01-04T17:31:00.791+0000] {processor.py:840} INFO - DAG(s) 'weather_hourly' retrieved from /opt/airflow/dags/weather_hourly.py
[2026-01-04T17:31:00.817+0000] {logging_mixin.py:188} INFO - [2026-01-04T17:31:00.817+0000] {dag.py:3089} INFO - Sync 1 DAGs
[2026-01-04T17:31:00.839+0000] {logging_mixin.py:188} INFO - [2026-01-04T17:31:00.838+0000] {dag.py:3947} INFO - Setting next_dagrun for weather_hourly to 2026-01-04 17:15:00+00:00, run_after=2026-01-04 18:15:00+00:00
[2026-01-04T17:31:00.856+0000] {processor.py:183} INFO - Processing /opt/airflow/dags/weather_hourly.py took 0.086 seconds
[2026-01-04T17:31:31.112+0000] {processor.py:161} INFO - Started process (PID=1957) to work on /opt/airflow/dags/weather_hourly.py
[2026-01-04T17:31:31.113+0000] {processor.py:830} INFO - Processing file /opt/airflow/dags/weather_hourly.py for tasks to queue
[2026-01-04T17:31:31.114+0000] {logging_mixin.py:188} INFO - [2026-01-04T17:31:31.114+0000] {dagbag.py:545} INFO - Filling up the DagBag from /opt/airflow/dags/weather_hourly.py
[2026-01-04T17:31:31.128+0000] {processor.py:840} INFO - DAG(s) 'weather_hourly' retrieved from /opt/airflow/dags/weather_hourly.py
[2026-01-04T17:31:31.154+0000] {logging_mixin.py:188} INFO - [2026-01-04T17:31:31.154+0000] {dag.py:3089} INFO - Sync 1 DAGs
[2026-01-04T17:31:31.177+0000] {logging_mixin.py:188} INFO - [2026-01-04T17:31:31.177+0000] {dag.py:3947} INFO - Setting next_dagrun for weather_hourly to 2026-01-04 17:15:00+00:00, run_after=2026-01-04 18:15:00+00:00
[2026-01-04T17:31:31.197+0000] {processor.py:183} INFO - Processing /opt/airflow/dags/weather_hourly.py took 0.090 seconds
[2026-01-04T17:32:01.427+0000] {processor.py:161} INFO - Started process (PID=1967) to work on /opt/airflow/dags/weather_hourly.py
[2026-01-04T17:32:01.428+0000] {processor.py:830} INFO - Processing file /opt/airflow/dags/weather_hourly.py for tasks to queue
[2026-01-04T17:32:01.430+0000] {logging_mixin.py:188} INFO - [2026-01-04T17:32:01.430+0000] {dagbag.py:545} INFO - Filling up the DagBag from /opt/airflow/dags/weather_hourly.py
[2026-01-04T17:32:01.444+0000] {processor.py:840} INFO - DAG(s) 'weather_hourly' retrieved from /opt/airflow/dags/weather_hourly.py
[2026-01-04T17:32:01.471+0000] {logging_mixin.py:188} INFO - [2026-01-04T17:32:01.471+0000] {dag.py:3089} INFO - Sync 1 DAGs
[2026-01-04T17:32:01.493+0000] {logging_mixin.py:188} INFO - [2026-01-04T17:32:01.493+0000] {dag.py:3947} INFO - Setting next_dagrun for weather_hourly to 2026-01-04 17:15:00+00:00, run_after=2026-01-04 18:15:00+00:00
[2026-01-04T17:32:01.512+0000] {processor.py:183} INFO - Processing /opt/airflow/dags/weather_hourly.py took 0.089 seconds
[2026-01-04T17:32:31.740+0000] {processor.py:161} INFO - Started process (PID=1977) to work on /opt/airflow/dags/weather_hourly.py
[2026-01-04T17:32:31.741+0000] {processor.py:830} INFO - Processing file /opt/airflow/dags/weather_hourly.py for tasks to queue
[2026-01-04T17:32:31.742+0000] {logging_mixin.py:188} INFO - [2026-01-04T17:32:31.742+0000] {dagbag.py:545} INFO - Filling up the DagBag from /opt/airflow/dags/weather_hourly.py
[2026-01-04T17:32:31.756+0000] {processor.py:840} INFO - DAG(s) 'weather_hourly' retrieved from /opt/airflow/dags/weather_hourly.py
[2026-01-04T17:32:31.782+0000] {logging_mixin.py:188} INFO - [2026-01-04T17:32:31.782+0000] {dag.py:3089} INFO - Sync 1 DAGs
[2026-01-04T17:32:31.803+0000] {logging_mixin.py:188} INFO - [2026-01-04T17:32:31.803+0000] {dag.py:3947} INFO - Setting next_dagrun for weather_hourly to 2026-01-04 17:15:00+00:00, run_after=2026-01-04 18:15:00+00:00
[2026-01-04T17:32:31.820+0000] {processor.py:183} INFO - Processing /opt/airflow/dags/weather_hourly.py took 0.085 seconds
[2026-01-04T17:33:02.040+0000] {processor.py:161} INFO - Started process (PID=1987) to work on /opt/airflow/dags/weather_hourly.py
[2026-01-04T17:33:02.040+0000] {processor.py:830} INFO - Processing file /opt/airflow/dags/weather_hourly.py for tasks to queue
[2026-01-04T17:33:02.042+0000] {logging_mixin.py:188} INFO - [2026-01-04T17:33:02.041+0000] {dagbag.py:545} INFO - Filling up the DagBag from /opt/airflow/dags/weather_hourly.py
[2026-01-04T17:33:02.056+0000] {processor.py:840} INFO - DAG(s) 'weather_hourly' retrieved from /opt/airflow/dags/weather_hourly.py
[2026-01-04T17:33:02.081+0000] {logging_mixin.py:188} INFO - [2026-01-04T17:33:02.081+0000] {dag.py:3089} INFO - Sync 1 DAGs
[2026-01-04T17:33:02.102+0000] {logging_mixin.py:188} INFO - [2026-01-04T17:33:02.102+0000] {dag.py:3947} INFO - Setting next_dagrun for weather_hourly to 2026-01-04 17:15:00+00:00, run_after=2026-01-04 18:15:00+00:00
[2026-01-04T17:33:02.119+0000] {processor.py:183} INFO - Processing /opt/airflow/dags/weather_hourly.py took 0.084 seconds
[2026-01-04T17:33:32.352+0000] {processor.py:161} INFO - Started process (PID=1997) to work on /opt/airflow/dags/weather_hourly.py
[2026-01-04T17:33:32.353+0000] {processor.py:830} INFO - Processing file /opt/airflow/dags/weather_hourly.py for tasks to queue
[2026-01-04T17:33:32.355+0000] {logging_mixin.py:188} INFO - [2026-01-04T17:33:32.354+0000] {dagbag.py:545} INFO - Filling up the DagBag from /opt/airflow/dags/weather_hourly.py
[2026-01-04T17:33:32.377+0000] {processor.py:840} INFO - DAG(s) 'weather_hourly' retrieved from /opt/airflow/dags/weather_hourly.py
[2026-01-04T17:33:32.411+0000] {logging_mixin.py:188} INFO - [2026-01-04T17:33:32.410+0000] {dag.py:3089} INFO - Sync 1 DAGs
[2026-01-04T17:33:32.437+0000] {logging_mixin.py:188} INFO - [2026-01-04T17:33:32.437+0000] {dag.py:3947} INFO - Setting next_dagrun for weather_hourly to 2026-01-04 17:15:00+00:00, run_after=2026-01-04 18:15:00+00:00
[2026-01-04T17:33:32.460+0000] {processor.py:183} INFO - Processing /opt/airflow/dags/weather_hourly.py took 0.116 seconds
[2026-01-04T17:34:02.674+0000] {processor.py:161} INFO - Started process (PID=2007) to work on /opt/airflow/dags/weather_hourly.py
[2026-01-04T17:34:02.675+0000] {processor.py:830} INFO - Processing file /opt/airflow/dags/weather_hourly.py for tasks to queue
[2026-01-04T17:34:02.676+0000] {logging_mixin.py:188} INFO - [2026-01-04T17:34:02.676+0000] {dagbag.py:545} INFO - Filling up the DagBag from /opt/airflow/dags/weather_hourly.py
[2026-01-04T17:34:02.692+0000] {processor.py:840} INFO - DAG(s) 'weather_hourly' retrieved from /opt/airflow/dags/weather_hourly.py
[2026-01-04T17:34:02.722+0000] {logging_mixin.py:188} INFO - [2026-01-04T17:34:02.722+0000] {dag.py:3089} INFO - Sync 1 DAGs
[2026-01-04T17:34:02.744+0000] {logging_mixin.py:188} INFO - [2026-01-04T17:34:02.744+0000] {dag.py:3947} INFO - Setting next_dagrun for weather_hourly to 2026-01-04 17:15:00+00:00, run_after=2026-01-04 18:15:00+00:00
[2026-01-04T17:34:02.763+0000] {processor.py:183} INFO - Processing /opt/airflow/dags/weather_hourly.py took 0.093 seconds
[2026-01-04T17:34:32.988+0000] {processor.py:161} INFO - Started process (PID=2017) to work on /opt/airflow/dags/weather_hourly.py
[2026-01-04T17:34:32.989+0000] {processor.py:830} INFO - Processing file /opt/airflow/dags/weather_hourly.py for tasks to queue
[2026-01-04T17:34:32.991+0000] {logging_mixin.py:188} INFO - [2026-01-04T17:34:32.990+0000] {dagbag.py:545} INFO - Filling up the DagBag from /opt/airflow/dags/weather_hourly.py
[2026-01-04T17:34:33.007+0000] {processor.py:840} INFO - DAG(s) 'weather_hourly' retrieved from /opt/airflow/dags/weather_hourly.py
[2026-01-04T17:34:33.037+0000] {logging_mixin.py:188} INFO - [2026-01-04T17:34:33.036+0000] {dag.py:3089} INFO - Sync 1 DAGs
[2026-01-04T17:34:33.057+0000] {logging_mixin.py:188} INFO - [2026-01-04T17:34:33.057+0000] {dag.py:3947} INFO - Setting next_dagrun for weather_hourly to 2026-01-04 17:15:00+00:00, run_after=2026-01-04 18:15:00+00:00
[2026-01-04T17:34:33.074+0000] {processor.py:183} INFO - Processing /opt/airflow/dags/weather_hourly.py took 0.090 seconds
[2026-01-04T17:35:03.288+0000] {processor.py:161} INFO - Started process (PID=2027) to work on /opt/airflow/dags/weather_hourly.py
[2026-01-04T17:35:03.289+0000] {processor.py:830} INFO - Processing file /opt/airflow/dags/weather_hourly.py for tasks to queue
[2026-01-04T17:35:03.291+0000] {logging_mixin.py:188} INFO - [2026-01-04T17:35:03.291+0000] {dagbag.py:545} INFO - Filling up the DagBag from /opt/airflow/dags/weather_hourly.py
[2026-01-04T17:35:03.306+0000] {processor.py:840} INFO - DAG(s) 'weather_hourly' retrieved from /opt/airflow/dags/weather_hourly.py
[2026-01-04T17:35:03.336+0000] {logging_mixin.py:188} INFO - [2026-01-04T17:35:03.336+0000] {dag.py:3089} INFO - Sync 1 DAGs
[2026-01-04T17:35:03.357+0000] {logging_mixin.py:188} INFO - [2026-01-04T17:35:03.357+0000] {dag.py:3947} INFO - Setting next_dagrun for weather_hourly to 2026-01-04 17:15:00+00:00, run_after=2026-01-04 18:15:00+00:00
[2026-01-04T17:35:03.374+0000] {processor.py:183} INFO - Processing /opt/airflow/dags/weather_hourly.py took 0.090 seconds
[2026-01-04T17:35:33.590+0000] {processor.py:161} INFO - Started process (PID=2037) to work on /opt/airflow/dags/weather_hourly.py
[2026-01-04T17:35:33.591+0000] {processor.py:830} INFO - Processing file /opt/airflow/dags/weather_hourly.py for tasks to queue
[2026-01-04T17:35:33.592+0000] {logging_mixin.py:188} INFO - [2026-01-04T17:35:33.592+0000] {dagbag.py:545} INFO - Filling up the DagBag from /opt/airflow/dags/weather_hourly.py
[2026-01-04T17:35:33.606+0000] {processor.py:840} INFO - DAG(s) 'weather_hourly' retrieved from /opt/airflow/dags/weather_hourly.py
[2026-01-04T17:35:33.635+0000] {logging_mixin.py:188} INFO - [2026-01-04T17:35:33.635+0000] {dag.py:3089} INFO - Sync 1 DAGs
[2026-01-04T17:35:33.658+0000] {logging_mixin.py:188} INFO - [2026-01-04T17:35:33.658+0000] {dag.py:3947} INFO - Setting next_dagrun for weather_hourly to 2026-01-04 17:15:00+00:00, run_after=2026-01-04 18:15:00+00:00
[2026-01-04T17:35:33.678+0000] {processor.py:183} INFO - Processing /opt/airflow/dags/weather_hourly.py took 0.093 seconds
[2026-01-04T17:36:03.892+0000] {processor.py:161} INFO - Started process (PID=2047) to work on /opt/airflow/dags/weather_hourly.py
[2026-01-04T17:36:03.892+0000] {processor.py:830} INFO - Processing file /opt/airflow/dags/weather_hourly.py for tasks to queue
[2026-01-04T17:36:03.894+0000] {logging_mixin.py:188} INFO - [2026-01-04T17:36:03.894+0000] {dagbag.py:545} INFO - Filling up the DagBag from /opt/airflow/dags/weather_hourly.py
[2026-01-04T17:36:03.907+0000] {processor.py:840} INFO - DAG(s) 'weather_hourly' retrieved from /opt/airflow/dags/weather_hourly.py
[2026-01-04T17:36:03.937+0000] {logging_mixin.py:188} INFO - [2026-01-04T17:36:03.936+0000] {dag.py:3089} INFO - Sync 1 DAGs
[2026-01-04T17:36:03.959+0000] {logging_mixin.py:188} INFO - [2026-01-04T17:36:03.959+0000] {dag.py:3947} INFO - Setting next_dagrun for weather_hourly to 2026-01-04 17:15:00+00:00, run_after=2026-01-04 18:15:00+00:00
[2026-01-04T17:36:03.977+0000] {processor.py:183} INFO - Processing /opt/airflow/dags/weather_hourly.py took 0.089 seconds
[2026-01-04T17:36:34.227+0000] {processor.py:161} INFO - Started process (PID=2057) to work on /opt/airflow/dags/weather_hourly.py
[2026-01-04T17:36:34.228+0000] {processor.py:830} INFO - Processing file /opt/airflow/dags/weather_hourly.py for tasks to queue
[2026-01-04T17:36:34.229+0000] {logging_mixin.py:188} INFO - [2026-01-04T17:36:34.229+0000] {dagbag.py:545} INFO - Filling up the DagBag from /opt/airflow/dags/weather_hourly.py
[2026-01-04T17:36:34.244+0000] {processor.py:840} INFO - DAG(s) 'weather_hourly' retrieved from /opt/airflow/dags/weather_hourly.py
[2026-01-04T17:36:34.275+0000] {logging_mixin.py:188} INFO - [2026-01-04T17:36:34.275+0000] {dag.py:3089} INFO - Sync 1 DAGs
[2026-01-04T17:36:34.297+0000] {logging_mixin.py:188} INFO - [2026-01-04T17:36:34.296+0000] {dag.py:3947} INFO - Setting next_dagrun for weather_hourly to 2026-01-04 17:15:00+00:00, run_after=2026-01-04 18:15:00+00:00
[2026-01-04T17:36:34.314+0000] {processor.py:183} INFO - Processing /opt/airflow/dags/weather_hourly.py took 0.092 seconds
[2026-01-04T17:37:04.527+0000] {processor.py:161} INFO - Started process (PID=2067) to work on /opt/airflow/dags/weather_hourly.py
[2026-01-04T17:37:04.528+0000] {processor.py:830} INFO - Processing file /opt/airflow/dags/weather_hourly.py for tasks to queue
[2026-01-04T17:37:04.529+0000] {logging_mixin.py:188} INFO - [2026-01-04T17:37:04.529+0000] {dagbag.py:545} INFO - Filling up the DagBag from /opt/airflow/dags/weather_hourly.py
[2026-01-04T17:37:04.543+0000] {processor.py:840} INFO - DAG(s) 'weather_hourly' retrieved from /opt/airflow/dags/weather_hourly.py
[2026-01-04T17:37:04.573+0000] {logging_mixin.py:188} INFO - [2026-01-04T17:37:04.573+0000] {dag.py:3089} INFO - Sync 1 DAGs
[2026-01-04T17:37:04.595+0000] {logging_mixin.py:188} INFO - [2026-01-04T17:37:04.595+0000] {dag.py:3947} INFO - Setting next_dagrun for weather_hourly to 2026-01-04 17:15:00+00:00, run_after=2026-01-04 18:15:00+00:00
[2026-01-04T17:37:04.613+0000] {processor.py:183} INFO - Processing /opt/airflow/dags/weather_hourly.py took 0.090 seconds
[2026-01-04T17:37:34.736+0000] {processor.py:161} INFO - Started process (PID=2077) to work on /opt/airflow/dags/weather_hourly.py
[2026-01-04T17:37:34.737+0000] {processor.py:830} INFO - Processing file /opt/airflow/dags/weather_hourly.py for tasks to queue
[2026-01-04T17:37:34.739+0000] {logging_mixin.py:188} INFO - [2026-01-04T17:37:34.738+0000] {dagbag.py:545} INFO - Filling up the DagBag from /opt/airflow/dags/weather_hourly.py
[2026-01-04T17:37:34.754+0000] {processor.py:840} INFO - DAG(s) 'weather_hourly' retrieved from /opt/airflow/dags/weather_hourly.py
[2026-01-04T17:37:34.785+0000] {logging_mixin.py:188} INFO - [2026-01-04T17:37:34.785+0000] {dag.py:3089} INFO - Sync 1 DAGs
[2026-01-04T17:37:34.806+0000] {logging_mixin.py:188} INFO - [2026-01-04T17:37:34.806+0000] {dag.py:3947} INFO - Setting next_dagrun for weather_hourly to 2026-01-04 17:15:00+00:00, run_after=2026-01-04 18:15:00+00:00
[2026-01-04T17:37:34.827+0000] {processor.py:183} INFO - Processing /opt/airflow/dags/weather_hourly.py took 0.096 seconds
[2026-01-04T17:38:05.038+0000] {processor.py:161} INFO - Started process (PID=2095) to work on /opt/airflow/dags/weather_hourly.py
[2026-01-04T17:38:05.039+0000] {processor.py:830} INFO - Processing file /opt/airflow/dags/weather_hourly.py for tasks to queue
[2026-01-04T17:38:05.041+0000] {logging_mixin.py:188} INFO - [2026-01-04T17:38:05.041+0000] {dagbag.py:545} INFO - Filling up the DagBag from /opt/airflow/dags/weather_hourly.py
[2026-01-04T17:38:05.055+0000] {processor.py:840} INFO - DAG(s) 'weather_hourly' retrieved from /opt/airflow/dags/weather_hourly.py
[2026-01-04T17:38:05.083+0000] {logging_mixin.py:188} INFO - [2026-01-04T17:38:05.083+0000] {dag.py:3089} INFO - Sync 1 DAGs
[2026-01-04T17:38:05.108+0000] {logging_mixin.py:188} INFO - [2026-01-04T17:38:05.108+0000] {dag.py:3947} INFO - Setting next_dagrun for weather_hourly to 2026-01-04 17:15:00+00:00, run_after=2026-01-04 18:15:00+00:00
[2026-01-04T17:38:05.127+0000] {processor.py:183} INFO - Processing /opt/airflow/dags/weather_hourly.py took 0.094 seconds
[2026-01-04T17:38:35.346+0000] {processor.py:161} INFO - Started process (PID=2105) to work on /opt/airflow/dags/weather_hourly.py
[2026-01-04T17:38:35.347+0000] {processor.py:830} INFO - Processing file /opt/airflow/dags/weather_hourly.py for tasks to queue
[2026-01-04T17:38:35.349+0000] {logging_mixin.py:188} INFO - [2026-01-04T17:38:35.349+0000] {dagbag.py:545} INFO - Filling up the DagBag from /opt/airflow/dags/weather_hourly.py
[2026-01-04T17:38:35.366+0000] {processor.py:840} INFO - DAG(s) 'weather_hourly' retrieved from /opt/airflow/dags/weather_hourly.py
[2026-01-04T17:38:35.399+0000] {logging_mixin.py:188} INFO - [2026-01-04T17:38:35.399+0000] {dag.py:3089} INFO - Sync 1 DAGs
[2026-01-04T17:38:35.423+0000] {logging_mixin.py:188} INFO - [2026-01-04T17:38:35.423+0000] {dag.py:3947} INFO - Setting next_dagrun for weather_hourly to 2026-01-04 17:15:00+00:00, run_after=2026-01-04 18:15:00+00:00
[2026-01-04T17:38:35.444+0000] {processor.py:183} INFO - Processing /opt/airflow/dags/weather_hourly.py took 0.103 seconds
[2026-01-04T17:39:05.665+0000] {processor.py:161} INFO - Started process (PID=2115) to work on /opt/airflow/dags/weather_hourly.py
[2026-01-04T17:39:05.665+0000] {processor.py:830} INFO - Processing file /opt/airflow/dags/weather_hourly.py for tasks to queue
[2026-01-04T17:39:05.667+0000] {logging_mixin.py:188} INFO - [2026-01-04T17:39:05.667+0000] {dagbag.py:545} INFO - Filling up the DagBag from /opt/airflow/dags/weather_hourly.py
[2026-01-04T17:39:05.682+0000] {processor.py:840} INFO - DAG(s) 'weather_hourly' retrieved from /opt/airflow/dags/weather_hourly.py
[2026-01-04T17:39:05.712+0000] {logging_mixin.py:188} INFO - [2026-01-04T17:39:05.712+0000] {dag.py:3089} INFO - Sync 1 DAGs
[2026-01-04T17:39:05.734+0000] {logging_mixin.py:188} INFO - [2026-01-04T17:39:05.734+0000] {dag.py:3947} INFO - Setting next_dagrun for weather_hourly to 2026-01-04 17:15:00+00:00, run_after=2026-01-04 18:15:00+00:00
[2026-01-04T17:39:05.752+0000] {processor.py:183} INFO - Processing /opt/airflow/dags/weather_hourly.py took 0.093 seconds
[2026-01-04T17:39:35.969+0000] {processor.py:161} INFO - Started process (PID=2125) to work on /opt/airflow/dags/weather_hourly.py
[2026-01-04T17:39:35.970+0000] {processor.py:830} INFO - Processing file /opt/airflow/dags/weather_hourly.py for tasks to queue
[2026-01-04T17:39:35.971+0000] {logging_mixin.py:188} INFO - [2026-01-04T17:39:35.971+0000] {dagbag.py:545} INFO - Filling up the DagBag from /opt/airflow/dags/weather_hourly.py
[2026-01-04T17:39:35.986+0000] {processor.py:840} INFO - DAG(s) 'weather_hourly' retrieved from /opt/airflow/dags/weather_hourly.py
[2026-01-04T17:39:36.013+0000] {logging_mixin.py:188} INFO - [2026-01-04T17:39:36.012+0000] {dag.py:3089} INFO - Sync 1 DAGs
[2026-01-04T17:39:36.033+0000] {logging_mixin.py:188} INFO - [2026-01-04T17:39:36.033+0000] {dag.py:3947} INFO - Setting next_dagrun for weather_hourly to 2026-01-04 17:15:00+00:00, run_after=2026-01-04 18:15:00+00:00
[2026-01-04T17:39:36.051+0000] {processor.py:183} INFO - Processing /opt/airflow/dags/weather_hourly.py took 0.087 seconds
[2026-01-04T17:40:06.271+0000] {processor.py:161} INFO - Started process (PID=2135) to work on /opt/airflow/dags/weather_hourly.py
[2026-01-04T17:40:06.273+0000] {processor.py:830} INFO - Processing file /opt/airflow/dags/weather_hourly.py for tasks to queue
[2026-01-04T17:40:06.274+0000] {logging_mixin.py:188} INFO - [2026-01-04T17:40:06.274+0000] {dagbag.py:545} INFO - Filling up the DagBag from /opt/airflow/dags/weather_hourly.py
[2026-01-04T17:40:06.288+0000] {processor.py:840} INFO - DAG(s) 'weather_hourly' retrieved from /opt/airflow/dags/weather_hourly.py
[2026-01-04T17:40:06.316+0000] {logging_mixin.py:188} INFO - [2026-01-04T17:40:06.316+0000] {dag.py:3089} INFO - Sync 1 DAGs
[2026-01-04T17:40:06.338+0000] {logging_mixin.py:188} INFO - [2026-01-04T17:40:06.337+0000] {dag.py:3947} INFO - Setting next_dagrun for weather_hourly to 2026-01-04 17:15:00+00:00, run_after=2026-01-04 18:15:00+00:00
[2026-01-04T17:40:06.359+0000] {processor.py:183} INFO - Processing /opt/airflow/dags/weather_hourly.py took 0.093 seconds
[2026-01-04T17:40:36.570+0000] {processor.py:161} INFO - Started process (PID=2145) to work on /opt/airflow/dags/weather_hourly.py
[2026-01-04T17:40:36.570+0000] {processor.py:830} INFO - Processing file /opt/airflow/dags/weather_hourly.py for tasks to queue
[2026-01-04T17:40:36.572+0000] {logging_mixin.py:188} INFO - [2026-01-04T17:40:36.571+0000] {dagbag.py:545} INFO - Filling up the DagBag from /opt/airflow/dags/weather_hourly.py
[2026-01-04T17:40:36.587+0000] {processor.py:840} INFO - DAG(s) 'weather_hourly' retrieved from /opt/airflow/dags/weather_hourly.py
[2026-01-04T17:40:36.613+0000] {logging_mixin.py:188} INFO - [2026-01-04T17:40:36.613+0000] {dag.py:3089} INFO - Sync 1 DAGs
[2026-01-04T17:40:36.633+0000] {logging_mixin.py:188} INFO - [2026-01-04T17:40:36.633+0000] {dag.py:3947} INFO - Setting next_dagrun for weather_hourly to 2026-01-04 17:15:00+00:00, run_after=2026-01-04 18:15:00+00:00
[2026-01-04T17:40:36.651+0000] {processor.py:183} INFO - Processing /opt/airflow/dags/weather_hourly.py took 0.086 seconds
[2026-01-04T17:41:06.870+0000] {processor.py:161} INFO - Started process (PID=2155) to work on /opt/airflow/dags/weather_hourly.py
[2026-01-04T17:41:06.871+0000] {processor.py:830} INFO - Processing file /opt/airflow/dags/weather_hourly.py for tasks to queue
[2026-01-04T17:41:06.874+0000] {logging_mixin.py:188} INFO - [2026-01-04T17:41:06.873+0000] {dagbag.py:545} INFO - Filling up the DagBag from /opt/airflow/dags/weather_hourly.py
[2026-01-04T17:41:06.892+0000] {processor.py:840} INFO - DAG(s) 'weather_hourly' retrieved from /opt/airflow/dags/weather_hourly.py
[2026-01-04T17:41:06.925+0000] {logging_mixin.py:188} INFO - [2026-01-04T17:41:06.924+0000] {dag.py:3089} INFO - Sync 1 DAGs
[2026-01-04T17:41:06.947+0000] {logging_mixin.py:188} INFO - [2026-01-04T17:41:06.946+0000] {dag.py:3947} INFO - Setting next_dagrun for weather_hourly to 2026-01-04 17:15:00+00:00, run_after=2026-01-04 18:15:00+00:00
[2026-01-04T17:41:06.966+0000] {processor.py:183} INFO - Processing /opt/airflow/dags/weather_hourly.py took 0.102 seconds
